{"type":"FeatureCollection","features":[{"type":"Feature","properties":{"id":"osm-w30847001","nome":"Praça Dezesseis de Agosto","tipo":"parque","area_m2":5953},"geometry":{"type":"Polygon","coordinates":[[[-42.77111,-5.07756],[-42.77093,-5.07758],[-42.77077,-5.07751],[-42.77067,-5.07742],[-42.7706,-5.07727],[-42.77059,-5.07714],[-42.77064,-5.07699],[-42.77074,-5.07687],[-42.77084,-5.07681],[-42.77097,-5.07679],[-42.77114,-5.07682],[-42.77126,-5.0769],[-42.77134,-5.07701],[-42.77138,-5.07716],[-42.77137,-5.07729],[-42.77123,-5.07749],[-42.77111,-5.07756]]]}},{"type":"Feature","properties":{"id":"osm-w257622296","nome":"Jardim Botânico de Teresina","tipo":"parque","area_m2":391296},"geometry":{"type":"Polygon","coordinates":[[[-42.8059,-5.03327],[-42.80657,-5.03158],[-42.80756,-5.0294],[-42.81358,-5.03341],[-42.81327,-5.03409],[-42.81391,-5.03544],[-42.81423,-5.03604],[-42.81142,-5.03685],[-42.8059,-5.03327]]]}},{"type":"Feature","properties":{"id":"osm-w265433299","nome":"Praça Jornalista Paulo de Tarso","tipo":"parque","area_m2":5389},"geometry":{"type":"Polygon","coordinates":[[[-42.81359,-5.02798],[-42.81347,-5.02832],[-42.81199,-5.02759],[-42.81203,-5.02744],[-42.81359,-5.02798]]]}},{"type":"Feature","properties":{"id":"osm-w265435314","nome":"Praça do Escolão do Mocambinho","tipo":"parque","area_m2":35842},"geometry":{"type":"Polygon","coordinates":[[[-42.81903,-5.03502],[-42.81899,-5.03418],[-42.81833,-5.03358],[-42.81909,-5.03238],[-42.81925,-5.03236],[-42.81939,-5.03241],[-42.81946,-5.03255],[-42.82045,-5.03468],[-42.81903,-5.03502]]]}},{"type":"Feature","properties":{"id":"osm-w265529104","nome":"Praça da Bandeira","tipo":"parque","area_m2":26925},"geometry":{"type":"Polygon","coordinates":[[[-42.81903,-5.09089],[-42.81841,-5.09176],[-42.81667,-5.09089],[-42.817,-5.09022],[-42.8171,-5.08997],[-42.81716,-5.08993],[-42.81903,-5.09089]]]}},{"type":"Feature","properties":{"id":"osm-w319428805","nome":"Praça do Renascença I","tipo":"parque","area_m2":9445},"geometry":{"type":"Polygon","coordinates":[[[-42.73984,-5.10426],[-42.73902,-5.1039],[-42.7389,-5.10414],[-42.7387,-5.10469],[-42.73949,-5.10505],[-42.73984,-5.10426]]]}},{"type":"Feature","properties":{"id":"osm-w321539662","nome":"Praça João Luiz Ferreira","tipo":"parque","area_m2":5125},"geometry":{"type":"Polygon","coordinates":[[[-42.81334,-5.08866],[-42.81302,-5.08924],[-42.81358,-5.08954],[-42.81389,-5.08895],[-42.81334,-5.08866]]]}},{"type":"Feature","properties":{"id":"osm-w375194131","nome":"Praça da Amizade","tipo":"parque","area_m2":3104},"geometry":{"type":"Polygon","coordinates":[[[-42.7806,-5.13981],[-42.7801,-5.14009],[-42.78032,-5.14047],[-42.78082,-5.1402],[-42.7806,-5.13981]]]}},{"type":"Feature","properties":{"id":"osm-w375197105","nome":"Praça Landri Sales","tipo":"parque","area_m2":6717},"geometry":{"type":"Polygon","coordinates":[[[-42.81696,-5.08656],[-42.81656,-5.08735],[-42.81711,-5.08763],[-42.81751,-5.08684],[-42.81718,-5.08669],[-42.81706,-5.08657],[-42.81696,-5.08656]]]}},{"type":"Feature","properties":{"id":"osm-w375237444","nome":null,"tipo":"parque","area_m2":2606},"geometry":{"type":"Polygon","coordinates":[[[-42.83478,-5.05988],[-42.83463,-5.06099],[-42.83485,-5.06101],[-42.83493,-5.05987],[-42.83478,-5.05988]]]}},{"type":"Feature","properties":{"id":"osm-w375242820","nome":null,"tipo":"parque","area_m2":1016},"geometry":{"type":"Polygon","coordinates":[[[-42.8222,-5.00237],[-42.82217,-5.00295],[-42.82245,-5.00296],[-42.8222,-5.00237]]]}},{"type":"Feature","properties":{"id":"osm-w375247801","nome":"Praça João Pereira Mormaço","tipo":"parque","area_m2":4896},"geometry":{"type":"Polygon","coordinates":[[[-42.84268,-4.98398],[-42.84262,-4.98473],[-42.84315,-4.98477],[-42.84321,-4.98402],[-42.84268,-4.98398]]]}},{"type":"Feature","properties":{"id":"osm-w375253548","nome":"Praça da Anita Ferraz","tipo":"parque","area_m2":6991},"geometry":{"type":"Polygon","coordinates":[[[-42.77335,-5.00704],[-42.77256,-5.00744],[-42.77254,-5.00749],[-42.77279,-5.00799],[-42.77362,-5.00754],[-42.77338,-5.00705],[-42.77335,-5.00704]]]}},{"type":"Feature","properties":{"id":"osm-w380268967","nome":"Praça Saraiva","tipo":"parque","area_m2":24714},"geometry":{"type":"Polygon","coordinates":[[[-42.81335,-5.09381],[-42.81429,-5.09428],[-42.81438,-5.09444],[-42.81372,-5.09582],[-42.81259,-5.09521],[-42.81335,-5.09381]]]}},{"type":"Feature","properties":{"id":"osm-w380268968","nome":"Praça da Costa e Silva","tipo":"parque","area_m2":18149},"geometry":{"type":"Polygon","coordinates":[[[-42.81555,-5.09682],[-42.81595,-5.09696],[-42.81546,-5.09912],[-42.81459,-5.09888],[-42.81555,-5.09682]]]}},{"type":"Feature","properties":{"id":"osm-w380292405","nome":null,"tipo":"bosque","area_m2":8385},"geometry":{"type":"Polygon","coordinates":[[[-42.78881,-5.05513],[-42.78882,-5.05507],[-42.78878,-5.05505],[-42.78722,-5.05562],[-42.78776,-5.05611],[-42.78784,-5.05612],[-42.7879,-5.0561],[-42.78881,-5.05513]]]}},{"type":"Feature","properties":{"id":"osm-w380458668","nome":"Praça do Fripisa","tipo":"parque","area_m2":5730},"geometry":{"type":"Polygon","coordinates":[[[-42.80986,-5.08691],[-42.81053,-5.08724],[-42.81026,-5.0878],[-42.80959,-5.08746],[-42.80986,-5.08691]]]}},{"type":"Feature","properties":{"id":"osm-w380572756","nome":"Parque da Cidade João Mendes Olímpio de Melo","tipo":"parque","area_m2":143342},"geometry":{"type":"Polygon","coordinates":[[[-42.81209,-5.05823],[-42.80991,-5.05817],[-42.80991,-5.05827],[-42.80915,-5.05822],[-42.80906,-5.05608],[-42.80877,-5.05457],[-42.80899,-5.05446],[-42.8122,-5.05452],[-42.81209,-5.05823]]]}},{"type":"Feature","properties":{"id":"osm-w384709229","nome":"Praça Cleo Monteiro Falcão","tipo":"parque","area_m2":735},"geometry":{"type":"Polygon","coordinates":[[[-42.7876,-5.09123],[-42.78724,-5.09158],[-42.78726,-5.09161],[-42.78769,-5.09143],[-42.7876,-5.09123]]]}},{"type":"Feature","properties":{"id":"osm-w402355469","nome":null,"tipo":"bosque","area_m2":123623},"geometry":{"type":"Polygon","coordinates":[[[-42.85445,-4.97423],[-42.85441,-4.97437],[-42.85371,-4.97476],[-42.85361,-4.97488],[-42.85363,-4.97504],[-42.85376,-4.97515],[-42.85406,-4.97529],[-42.85496,-4.97533],[-42.85504,-4.9757],[-42.85514,-4.97583],[-42.85516,-4.97593],[-42.85509,-4.97603],[-42.8548,-4.97605],[-42.85474,-4.97601],[-42.8547,-4.97593],[-42.85457,-4.97585],[-42.85441,-4.97582],[-42.8541,-4.97593],[-42.85377,-4.97588],[-42.85329,-4.97574],[-42.85313,-4.97575],[-42.85292,-4.97598],[-42.85275,-4.97626],[-42.85261,-4.97633],[-42.85248,-4.97625],[-42.85224,-4.97604],[-42.8521,-4.97597],[-42.85187,-4.976],[-42.85147,-4.97594],[-42.85111,-4.97597],[-42.85041,-4.97595],[-42.84997,-4.97597],[-42.8495,-4.9759],[-42.84924,-4.97573],[-42.8489,-4.97536],[-42.84865,-4.9752],[-42.84871,-4.97452],[-42.8487,-4.97412],[-42.84875,-4.97406],[-42.84989,-4.97404],[-42.85222,-4.97418],[-42.85445,-4.97423]]]}},{"type":"Feature","properties":{"id":"osm-w402355555","nome":null,"tipo":"bosque","area_m2":33865},"geometry":{"type":"Polygon","coordinates":[[[-42.81468,-4.99102],[-42.81422,-4.99101],[-42.81407,-4.99093],[-42.81395,-4.99064],[-42.8139,-4.99032],[-42.81392,-4.98999],[-42.8142,-4.98959],[-42.81423,-4.98941],[-42.81419,-4.98924],[-42.81398,-4.98899],[-42.81394,-4.98883],[-42.8139,-4.98851],[-42.81401,-4.98838],[-42.81417,-4.98837],[-42.8144,-4.98841],[-42.81461,-4.98867],[-42.81495,-4.9887],[-42.81508,-4.9888],[-42.81513,-4.98895],[-42.81513,-4.98928],[-42.81518,-4.98938],[-42.81555,-4.98942],[-42.81556,-4.98957],[-42.81471,-4.99088],[-42.81468,-4.99102]]]}},{"type":"Feature","properties":{"id":"osm-w402374960","nome":null,"tipo":"bosque","area_m2":261482},"geometry":{"type":"Polygon","coordinates":[[[-42.82063,-4.99221],[-42.8202,-4.99231],[-42.81974,-4.99228],[-42.8192,-4.99216],[-42.81906,-4.99208],[-42.81895,-4.99197],[-42.81889,-4.99182],[-42.81878,-4.99135],[-42.81859,-4.99109],[-42.81829,-4.99095],[-42.81797,-4.99089],[-42.81786,-4.99076],[-42.81781,-4.99043],[-42.8178,-4.98994],[-42.81753,-4.98936],[-42.81744,-4.98923],[-42.8173,-4.98915],[-42.81714,-4.98919],[-42.81708,-4.98934],[-42.81707,-4.99001],[-42.81657,-4.99085],[-42.8166,-4.99122],[-42.81671,-4.99152],[-42.81674,-4.99168],[-42.81662,-4.99178],[-42.81641,-4.9915],[-42.81627,-4.99118],[-42.81613,-4.99055],[-42.81608,-4.99049],[-42.81601,-4.99064],[-42.81602,-4.99097],[-42.8161,-4.99128],[-42.81631,-4.99173],[-42.81631,-4.99184],[-42.81624,-4.9919],[-42.81606,-4.9919],[-42.81594,-4.99183],[-42.81591,-4.99172],[-42.81592,-4.98939],[-42.81662,-4.98838],[-42.81674,-4.98834],[-42.81763,-4.98833],[-42.8179,-4.98823],[-42.81813,-4.98807],[-42.81832,-4.98807],[-42.81855,-4.98813],[-42.8186,-4.98822],[-42.81912,-4.98824],[-42.81921,-4.98819],[-42.8193,-4.98728],[-42.81924,-4.98713],[-42.81906,-4.9869],[-42.81881,-4.98666],[-42.81887,-4.98651],[-42.81903,-4.98646],[-42.81952,-4.98651],[-42.81974,-4.98504],[-42.81971,-4.98498],[-42.81906,-4.98483],[-42.81899,-4.98477],[-42.81915,-4.98384],[-42.81898,-4.98357],[-42.819,-4.9835],[-42.81907,-4.98348],[-42.81952,-4.98364],[-42.82113,-4.98404],[-42.8212,-4.98401],[-42.82126,-4.98378],[-42.82142,-4.98372],[-42.82169,-4.98367],[-42.82194,-4.98368],[-42.82213,-4.98373],[-42.82178,-4.98446],[-42.82191,-4.98459],[-42.82162,-4.98529],[-42.82144,-4.98557],[-42.82099,-4.98704],[-42.82034,-4.99012],[-42.82031,-4.99017],[-42.81955,-4.99016],[-42.8195,-4.99023],[-42.81952,-4.99116],[-42.81957,-4.99122],[-42.81999,-4.99128],[-42.82003,-4.99138],[-42.82036,-4.99139],[-42.82039,-4.99156],[-42.82061,-4.99203],[-42.82063,-4.99221]]]}},{"type":"Feature","properties":{"id":"osm-w413065673","nome":"Praça Cultural","tipo":"parque","area_m2":3168},"geometry":{"type":"Polygon","coordinates":[[[-42.75585,-5.10439],[-42.75555,-5.10437],[-42.75557,-5.10359],[-42.75592,-5.10361],[-42.75585,-5.10439]]]}},{"type":"Feature","properties":{"id":"osm-w413187693","nome":"Praça Dos Correios","tipo":"parque","area_m2":5444},"geometry":{"type":"Polygon","coordinates":[[[-42.75555,-5.10492],[-42.75555,-5.10585],[-42.75548,-5.10776],[-42.75557,-5.10777],[-42.75581,-5.10494],[-42.75555,-5.10492]]]}},{"type":"Feature","properties":{"id":"osm-w423696118","nome":"Praça Areolino de Abreu","tipo":"parque","area_m2":1115},"geometry":{"type":"Polygon","coordinates":[[[-42.81174,-5.07118],[-42.81163,-5.07142],[-42.81134,-5.07127],[-42.81148,-5.07099],[-42.81174,-5.07118]]]}},{"type":"Feature","properties":{"id":"osm-w426842971","nome":"Praça Teotônio Vilela","tipo":"parque","area_m2":14784},"geometry":{"type":"Polygon","coordinates":[[[-42.8315,-5.0706],[-42.83037,-5.0704],[-42.83024,-5.07144],[-42.83135,-5.07165],[-42.8315,-5.0706]]]}},{"type":"Feature","properties":{"id":"osm-w426851143","nome":"Praça do Gari","tipo":"parque","area_m2":9958},"geometry":{"type":"Polygon","coordinates":[[[-42.82755,-5.06865],[-42.82685,-5.06835],[-42.82637,-5.06931],[-42.82706,-5.06961],[-42.82755,-5.06865]]]}},{"type":"Feature","properties":{"id":"osm-w435680391","nome":"Parque da Cidadania","tipo":"parque","area_m2":68284},"geometry":{"type":"Polygon","coordinates":[[[-42.80226,-5.08591],[-42.80363,-5.08313],[-42.80434,-5.0816],[-42.80431,-5.08158],[-42.80445,-5.08132],[-42.80428,-5.08124],[-42.80456,-5.08074],[-42.80465,-5.08083],[-42.8048,-5.08089],[-42.80507,-5.08093],[-42.80556,-5.08095],[-42.80572,-5.081],[-42.80597,-5.08126],[-42.80622,-5.08181],[-42.80584,-5.08204],[-42.80539,-5.08238],[-42.8047,-5.08307],[-42.80393,-5.08414],[-42.80335,-5.08508],[-42.80277,-5.08615],[-42.80226,-5.08591]]]}},{"type":"Feature","properties":{"id":"osm-w454424816","nome":"Praça da Bíblia","tipo":"parque","area_m2":2324},"geometry":{"type":"Polygon","coordinates":[[[-42.80866,-5.02132],[-42.80843,-5.02125],[-42.80826,-5.02125],[-42.80797,-5.02145],[-42.80823,-5.02162],[-42.8084,-5.02178],[-42.80852,-5.02152],[-42.80866,-5.02132]]]}},{"type":"Feature","properties":{"id":"osm-w468955204","nome":"Praça de Santa Joana D'arc","tipo":"parque","area_m2":10550},"geometry":{"type":"Polygon","coordinates":[[[-42.81009,-5.02695],[-42.80928,-5.02819],[-42.80919,-5.0282],[-42.80871,-5.02775],[-42.80858,-5.02745],[-42.80999,-5.02693],[-42.81006,-5.02692],[-42.81009,-5.02695]]]}},{"type":"Feature","properties":{"id":"osm-w471449141","nome":"Área de Preservação Permanente","tipo":"parque","area_m2":2076},"geometry":{"type":"Polygon","coordinates":[[[-42.80163,-5.07542],[-42.80149,-5.07531],[-42.80114,-5.07581],[-42.80108,-5.07593],[-42.80109,-5.07599],[-42.80127,-5.07609],[-42.80163,-5.07542]]]}},{"type":"Feature","properties":{"id":"osm-w477535554","nome":"Praça Pedro II","tipo":"parque","area_m2":6867},"geometry":{"type":"Polygon","coordinates":[[[-42.81341,-5.09166],[-42.8128,-5.09135],[-42.81242,-5.09209],[-42.81304,-5.09238],[-42.81341,-5.09166]]]}},{"type":"Feature","properties":{"id":"osm-w492186127","nome":"Praça da Santíssima Trindade","tipo":"parque","area_m2":1261},"geometry":{"type":"Polygon","coordinates":[[[-42.81264,-5.06754],[-42.81235,-5.06739],[-42.81236,-5.06785],[-42.81267,-5.06777],[-42.81264,-5.06754]]]}},{"type":"Feature","properties":{"id":"osm-w492188438","nome":"Praça da Igreja do Buenos Aires","tipo":"parque","area_m2":3967},"geometry":{"type":"Polygon","coordinates":[[[-42.80429,-5.03904],[-42.80487,-5.04002],[-42.80395,-5.03956],[-42.80429,-5.03904]]]}},{"type":"Feature","properties":{"id":"osm-w500797445","nome":"Praça da Primavera","tipo":"parque","area_m2":2125},"geometry":{"type":"Polygon","coordinates":[[[-42.80964,-5.06756],[-42.80925,-5.06742],[-42.80913,-5.06783],[-42.80953,-5.06795],[-42.80964,-5.06756]]]}},{"type":"Feature","properties":{"id":"osm-w512981795","nome":null,"tipo":"bosque","area_m2":35351},"geometry":{"type":"Polygon","coordinates":[[[-42.79752,-5.14837],[-42.79724,-5.14837],[-42.79711,-5.14842],[-42.79707,-5.1485],[-42.79709,-5.14873],[-42.79705,-5.14884],[-42.79696,-5.14887],[-42.79686,-5.14886],[-42.79645,-5.14807],[-42.79598,-5.14728],[-42.79586,-5.14714],[-42.79569,-5.14714],[-42.79561,-5.14718],[-42.79552,-5.14712],[-42.79504,-5.14622],[-42.79498,-5.14618],[-42.79485,-5.14619],[-42.79481,-5.14615],[-42.79479,-5.14605],[-42.79484,-5.14597],[-42.79505,-5.14596],[-42.79594,-5.14604],[-42.79632,-5.146],[-42.79642,-5.14607],[-42.79669,-5.14661],[-42.79668,-5.14668],[-42.79633,-5.14686],[-42.79629,-5.14702],[-42.7964,-5.14722],[-42.79648,-5.14725],[-42.79687,-5.14707],[-42.79695,-5.14709],[-42.79752,-5.1483],[-42.79752,-5.14837]]]}},{"type":"Feature","properties":{"id":"osm-w514670675","nome":"Praça do Bela Vista","tipo":"parque","area_m2":10810},"geometry":{"type":"Polygon","coordinates":[[[-42.77859,-5.1389],[-42.77771,-5.13937],[-42.77817,-5.14015],[-42.77902,-5.13965],[-42.77859,-5.1389]]]}},{"type":"Feature","properties":{"id":"osm-w514914174","nome":"Parque Ambiental Curva São Paulo","tipo":"parque","area_m2":34679},"geometry":{"type":"Polygon","coordinates":[[[-42.73213,-5.11174],[-42.73029,-5.11018],[-42.72986,-5.11074],[-42.7296,-5.11099],[-42.72957,-5.11117],[-42.7296,-5.1113],[-42.72964,-5.11147],[-42.72975,-5.11162],[-42.7299,-5.11171],[-42.73029,-5.11188],[-42.7304,-5.11201],[-42.73071,-5.11213],[-42.73183,-5.11213],[-42.73213,-5.11174]]]}},{"type":"Feature","properties":{"id":"osm-w514929704","nome":null,"tipo":"parque","area_m2":5685},"geometry":{"type":"Polygon","coordinates":[[[-42.72685,-5.03595],[-42.72652,-5.03651],[-42.72617,-5.03607],[-42.72589,-5.0359],[-42.72608,-5.03556],[-42.72619,-5.03552],[-42.72654,-5.03572],[-42.72685,-5.03595]]]}},{"type":"Feature","properties":{"id":"osm-w514937861","nome":"Praça Nossa Senhora de Fátima","tipo":"parque","area_m2":1323},"geometry":{"type":"Polygon","coordinates":[[[-42.79198,-5.07125],[-42.79177,-5.07117],[-42.79172,-5.0712],[-42.79175,-5.07124],[-42.79168,-5.07148],[-42.79163,-5.07151],[-42.79169,-5.07156],[-42.79171,-5.07152],[-42.79187,-5.07156],[-42.7919,-5.07162],[-42.79195,-5.07157],[-42.79205,-5.07126],[-42.79199,-5.07122],[-42.79198,-5.07125]]]}},{"type":"Feature","properties":{"id":"osm-w515103766","nome":"Praça Rio Branco","tipo":"parque","area_m2":6764},"geometry":{"type":"Polygon","coordinates":[[[-42.81663,-5.09018],[-42.81629,-5.09001],[-42.81602,-5.09052],[-42.81597,-5.0905],[-42.81585,-5.09073],[-42.81562,-5.09061],[-42.81628,-5.08935],[-42.81664,-5.08954],[-42.81646,-5.08983],[-42.81674,-5.08997],[-42.81663,-5.09018]]]}},{"type":"Feature","properties":{"id":"osm-w543805723","nome":"Pracinha do Cabral","tipo":"parque","area_m2":607},"geometry":{"type":"Polygon","coordinates":[[[-42.80379,-5.07882],[-42.80394,-5.07894],[-42.8038,-5.07899],[-42.80384,-5.0791],[-42.80379,-5.07918],[-42.80362,-5.07904],[-42.80379,-5.07882]]]}},{"type":"Feature","properties":{"id":"osm-w560520008","nome":"Praça Universidade de Coimbra","tipo":"parque","area_m2":2464},"geometry":{"type":"Polygon","coordinates":[[[-42.80054,-5.05406],[-42.80042,-5.054],[-42.80022,-5.05404],[-42.80011,-5.05421],[-42.80017,-5.0544],[-42.80035,-5.0545],[-42.80054,-5.05443],[-42.80062,-5.05424],[-42.80054,-5.05406]]]}},{"type":"Feature","properties":{"id":"osm-w560525860","nome":"Praça Teresa Helena Castelo Branco","tipo":"parque","area_m2":9588},"geometry":{"type":"Polygon","coordinates":[[[-42.79209,-5.05759],[-42.79209,-5.05732],[-42.79289,-5.0581],[-42.79229,-5.05833],[-42.79198,-5.05829],[-42.79117,-5.05763],[-42.79209,-5.05759]]]}},{"type":"Feature","properties":{"id":"osm-w560621411","nome":"Praça Ministro Pedro Borges","tipo":"parque","area_m2":1619},"geometry":{"type":"Polygon","coordinates":[[[-42.79019,-5.07609],[-42.79071,-5.07627],[-42.79056,-5.07678],[-42.79045,-5.07649],[-42.79019,-5.07609]]]}},{"type":"Feature","properties":{"id":"osm-w560621858","nome":"Praça do Ferro de Gomar","tipo":"parque","area_m2":772},"geometry":{"type":"Polygon","coordinates":[[[-42.78671,-5.05506],[-42.78688,-5.05538],[-42.78707,-5.05557],[-42.78683,-5.05565],[-42.78671,-5.05506]]]}},{"type":"Feature","properties":{"id":"osm-w560622762","nome":"Praça Milton Brandão","tipo":"parque","area_m2":273},"geometry":{"type":"Polygon","coordinates":[[[-42.79959,-5.09605],[-42.7993,-5.09601],[-42.79945,-5.09618],[-42.79959,-5.09605]]]}},{"type":"Feature","properties":{"id":"osm-w560623230","nome":"Praça Cristina Leite","tipo":"parque","area_m2":2648},"geometry":{"type":"Polygon","coordinates":[[[-42.81837,-5.06304],[-42.81828,-5.06324],[-42.81738,-5.06275],[-42.81746,-5.06257],[-42.81837,-5.06304]]]}},{"type":"Feature","properties":{"id":"osm-w560624067","nome":"Praça Padre Balduino","tipo":"parque","area_m2":3148},"geometry":{"type":"Polygon","coordinates":[[[-42.76277,-5.07206],[-42.76211,-5.07213],[-42.76284,-5.07281],[-42.76281,-5.07236],[-42.76277,-5.07206]]]}},{"type":"Feature","properties":{"id":"osm-w581007265","nome":"Praça da Santa Sofia","tipo":"parque","area_m2":5618},"geometry":{"type":"Polygon","coordinates":[[[-42.80651,-5.02778],[-42.80576,-5.02804],[-42.80705,-5.02893],[-42.80679,-5.02854],[-42.80651,-5.02778]]]}},{"type":"Feature","properties":{"id":"osm-w581007267","nome":null,"tipo":"parque","area_m2":940},"geometry":{"type":"Polygon","coordinates":[[[-42.81051,-5.02622],[-42.81015,-5.02637],[-42.81029,-5.02668],[-42.81042,-5.0265],[-42.81051,-5.02622]]]}},{"type":"Feature","properties":{"id":"osm-w581415161","nome":"Praça do Priquitinho","tipo":"parque","area_m2":270},"geometry":{"type":"Polygon","coordinates":[[[-42.82121,-5.03191],[-42.82116,-5.0321],[-42.82094,-5.032],[-42.82121,-5.03191]]]}},{"type":"Feature","properties":{"id":"osm-w581425901","nome":"Praça Princesa Isabel","tipo":"parque","area_m2":2909},"geometry":{"type":"Polygon","coordinates":[[[-42.83184,-5.04074],[-42.83134,-5.04067],[-42.83128,-5.04114],[-42.83177,-5.04121],[-42.83184,-5.04074]]]}},{"type":"Feature","properties":{"id":"osm-w596182132","nome":null,"tipo":"praca","area_m2":6554},"geometry":{"type":"Polygon","coordinates":[[[-42.74464,-5.10425],[-42.74487,-5.10367],[-42.74404,-5.10335],[-42.74386,-5.10393],[-42.74464,-5.10425]]]}},{"type":"Feature","properties":{"id":"osm-w596182138","nome":null,"tipo":"praca","area_m2":11313},"geometry":{"type":"Polygon","coordinates":[[[-42.75431,-5.10846],[-42.75451,-5.10799],[-42.75448,-5.10794],[-42.75283,-5.10722],[-42.75282,-5.10759],[-42.75291,-5.10778],[-42.75304,-5.10789],[-42.75431,-5.10846]]]}},{"type":"Feature","properties":{"id":"osm-w596182139","nome":null,"tipo":"praca","area_m2":21377},"geometry":{"type":"Polygon","coordinates":[[[-42.75764,-5.10933],[-42.7575,-5.1096],[-42.7573,-5.10979],[-42.75465,-5.10861],[-42.75466,-5.10801],[-42.75764,-5.10933]]]}},{"type":"Feature","properties":{"id":"osm-w596182140","nome":null,"tipo":"praca","area_m2":12648},"geometry":{"type":"Polygon","coordinates":[[[-42.75907,-5.11061],[-42.75935,-5.11009],[-42.75774,-5.10938],[-42.7575,-5.10991],[-42.75907,-5.11061]]]}},{"type":"Feature","properties":{"id":"osm-w596182141","nome":null,"tipo":"praca","area_m2":19208},"geometry":{"type":"Polygon","coordinates":[[[-42.76156,-5.11168],[-42.76186,-5.11117],[-42.75943,-5.11012],[-42.75915,-5.11065],[-42.76156,-5.11168]]]}},{"type":"Feature","properties":{"id":"osm-w596182142","nome":null,"tipo":"praca","area_m2":11943},"geometry":{"type":"Polygon","coordinates":[[[-42.76318,-5.11241],[-42.76342,-5.11187],[-42.76195,-5.11121],[-42.76166,-5.11172],[-42.76318,-5.11241]]]}},{"type":"Feature","properties":{"id":"osm-w596182143","nome":null,"tipo":"praca","area_m2":2509},"geometry":{"type":"Polygon","coordinates":[[[-42.76326,-5.11245],[-42.7635,-5.11192],[-42.76382,-5.11206],[-42.76363,-5.11253],[-42.76355,-5.11255],[-42.76326,-5.11245]]]}},{"type":"Feature","properties":{"id":"osm-w601090045","nome":"Praça Edson Veras","tipo":"parque","area_m2":3748},"geometry":{"type":"Polygon","coordinates":[[[-42.77644,-5.07403],[-42.77657,-5.07454],[-42.77597,-5.07443],[-42.7758,-5.0739],[-42.77644,-5.07403]]]}},{"type":"Feature","properties":{"id":"osm-w601090246","nome":"Praça do Balão do São Cristovão","tipo":"parque","area_m2":5398},"geometry":{"type":"Polygon","coordinates":[[[-42.77506,-5.08068],[-42.77521,-5.08082],[-42.77526,-5.08103],[-42.77524,-5.08113],[-42.77512,-5.0813],[-42.77503,-5.08136],[-42.77492,-5.08138],[-42.77471,-5.08134],[-42.77456,-5.08119],[-42.77452,-5.0811],[-42.77451,-5.08099],[-42.77458,-5.08079],[-42.77475,-5.08066],[-42.77496,-5.08064],[-42.77506,-5.08068]]]}},{"type":"Feature","properties":{"id":"osm-w601090501","nome":"Praça Abelar Teles","tipo":"parque","area_m2":3324},"geometry":{"type":"Polygon","coordinates":[[[-42.77412,-5.07612],[-42.77396,-5.0767],[-42.77373,-5.07664],[-42.77349,-5.07595],[-42.77412,-5.07612]]]}},{"type":"Feature","properties":{"id":"osm-w603399550","nome":"Praça da Vila Operária","tipo":"parque","area_m2":8708},"geometry":{"type":"Polygon","coordinates":[[[-42.81927,-5.07661],[-42.81865,-5.07632],[-42.81856,-5.07634],[-42.81812,-5.0761],[-42.81814,-5.07605],[-42.81799,-5.07598],[-42.81777,-5.07643],[-42.81783,-5.07646],[-42.81787,-5.07644],[-42.81836,-5.0767],[-42.8184,-5.0768],[-42.819,-5.07712],[-42.81927,-5.07661]]]}},{"type":"Feature","properties":{"id":"osm-w604042791","nome":null,"tipo":"parque","area_m2":1969},"geometry":{"type":"Polygon","coordinates":[[[-42.7948,-5.05778],[-42.79488,-5.05765],[-42.79488,-5.05757],[-42.79482,-5.05745],[-42.79469,-5.05738],[-42.79462,-5.05738],[-42.79449,-5.05745],[-42.79445,-5.05751],[-42.79443,-5.05765],[-42.79451,-5.05778],[-42.79466,-5.05783],[-42.7948,-5.05778]]]}},{"type":"Feature","properties":{"id":"osm-w604042792","nome":null,"tipo":"parque","area_m2":13703},"geometry":{"type":"Polygon","coordinates":[[[-42.79516,-5.05945],[-42.79456,-5.05953],[-42.79448,-5.05893],[-42.79433,-5.05895],[-42.79424,-5.0583],[-42.79393,-5.05834],[-42.79382,-5.05825],[-42.79375,-5.058],[-42.79422,-5.05788],[-42.79458,-5.05799],[-42.79477,-5.05812],[-42.795,-5.05867],[-42.79493,-5.0587],[-42.795,-5.05886],[-42.79509,-5.05894],[-42.79516,-5.05945]]]}},{"type":"Feature","properties":{"id":"osm-w604042793","nome":null,"tipo":"parque","area_m2":882},"geometry":{"type":"Polygon","coordinates":[[[-42.78895,-5.05553],[-42.78902,-5.0556],[-42.78901,-5.05575],[-42.78893,-5.05581],[-42.78879,-5.05579],[-42.78873,-5.05566],[-42.78876,-5.05557],[-42.78885,-5.05551],[-42.78895,-5.05553]]]}},{"type":"Feature","properties":{"id":"osm-w610376108","nome":"Praça Gerardo Vasconcelos","tipo":"parque","area_m2":3767},"geometry":{"type":"Polygon","coordinates":[[[-42.80055,-5.06353],[-42.80023,-5.06282],[-42.80006,-5.06298],[-42.7998,-5.06358],[-42.80055,-5.06353]]]}},{"type":"Feature","properties":{"id":"osm-w615906941","nome":"Praça Ocílio Lago","tipo":"parque","area_m2":9086},"geometry":{"type":"Polygon","coordinates":[[[-42.79304,-5.07441],[-42.7923,-5.07422],[-42.79204,-5.07513],[-42.7928,-5.07534],[-42.79304,-5.07441]]]}},{"type":"Feature","properties":{"id":"osm-w615906943","nome":null,"tipo":"parque","area_m2":1293},"geometry":{"type":"Polygon","coordinates":[[[-42.79242,-5.07134],[-42.79221,-5.07129],[-42.79218,-5.07131],[-42.7921,-5.07167],[-42.79235,-5.07171],[-42.79242,-5.07134]]]}},{"type":"Feature","properties":{"id":"osm-w622098343","nome":"Praça das Violetas","tipo":"parque","area_m2":2560},"geometry":{"type":"Polygon","coordinates":[[[-42.78294,-5.0702],[-42.78263,-5.07018],[-42.78259,-5.07022],[-42.78259,-5.07097],[-42.78261,-5.07099],[-42.78274,-5.071],[-42.78293,-5.07026],[-42.78294,-5.0702]]]}},{"type":"Feature","properties":{"id":"osm-w638667715","nome":"Parque Ambiental Matias Matos","tipo":"parque","area_m2":55138},"geometry":{"type":"Polygon","coordinates":[[[-42.81747,-5.02305],[-42.81758,-5.02325],[-42.81757,-5.02332],[-42.81775,-5.02346],[-42.81774,-5.02351],[-42.81797,-5.02371],[-42.81807,-5.02388],[-42.81817,-5.02392],[-42.81834,-5.02418],[-42.81855,-5.02426],[-42.81869,-5.02467],[-42.81887,-5.02474],[-42.81887,-5.02492],[-42.81905,-5.02506],[-42.81914,-5.02523],[-42.81918,-5.0252],[-42.81932,-5.02524],[-42.81934,-5.02531],[-42.81951,-5.02537],[-42.81955,-5.02547],[-42.81968,-5.0256],[-42.81963,-5.02568],[-42.8195,-5.02566],[-42.81919,-5.02548],[-42.81881,-5.02506],[-42.81875,-5.02503],[-42.8187,-5.02503],[-42.81856,-5.02517],[-42.8185,-5.02518],[-42.81836,-5.0252],[-42.81817,-5.02514],[-42.81795,-5.02472],[-42.81779,-5.0246],[-42.81754,-5.02448],[-42.81735,-5.02451],[-42.81724,-5.02458],[-42.81722,-5.0244],[-42.81716,-5.02423],[-42.81702,-5.02411],[-42.81677,-5.02423],[-42.81655,-5.02443],[-42.8165,-5.02456],[-42.81658,-5.02466],[-42.81659,-5.02472],[-42.81639,-5.02508],[-42.81638,-5.02517],[-42.81646,-5.02521],[-42.81648,-5.02525],[-42.81635,-5.02528],[-42.81635,-5.02533],[-42.81628,-5.02531],[-42.81625,-5.02534],[-42.8162,-5.02532],[-42.81618,-5.02524],[-42.81614,-5.02528],[-42.81592,-5.02523],[-42.81564,-5.02528],[-42.81516,-5.02525],[-42.81492,-5.02541],[-42.81487,-5.02561],[-42.81492,-5.02582],[-42.81503,-5.02584],[-42.81516,-5.02597],[-42.81569,-5.02599],[-42.81589,-5.02607],[-42.81602,-5.02608],[-42.81609,-5.02619],[-42.81607,-5.02638],[-42.81616,-5.02647],[-42.81661,-5.02667],[-42.81686,-5.02672],[-42.81749,-5.02666],[-42.81727,-5.02714],[-42.81463,-5.02619],[-42.81472,-5.02539],[-42.8147,-5.02531],[-42.81604,-5.02451],[-42.81598,-5.02441],[-42.81737,-5.02355],[-42.81685,-5.02298],[-42.81712,-5.02285],[-42.81738,-5.02298],[-42.81747,-5.02305]]]}},{"type":"Feature","properties":{"id":"osm-w639843489","nome":"Praça do Parque Piauí","tipo":"parque","area_m2":31398},"geometry":{"type":"Polygon","coordinates":[[[-42.79036,-5.14097],[-42.78983,-5.14288],[-42.78867,-5.14259],[-42.78931,-5.14028],[-42.78969,-5.14037],[-42.78958,-5.14076],[-42.79036,-5.14097]]]}},{"type":"Feature","properties":{"id":"osm-w639866413","nome":"Praça Camila Abreu","tipo":"parque","area_m2":5088},"geometry":{"type":"Polygon","coordinates":[[[-42.79757,-5.01638],[-42.79696,-5.01662],[-42.79717,-5.01713],[-42.79732,-5.01722],[-42.79778,-5.01695],[-42.79757,-5.01638]]]}},{"type":"Feature","properties":{"id":"osm-w641017132","nome":"Praça do Campo de Futebol","tipo":"parque","area_m2":11670},"geometry":{"type":"Polygon","coordinates":[[[-42.7841,-5.14872],[-42.78382,-5.1496],[-42.783,-5.14917],[-42.78271,-5.14834],[-42.7841,-5.14872]]]}},{"type":"Feature","properties":{"id":"osm-w641159206","nome":"Praça Senador Bernardino Viana","tipo":"parque","area_m2":11576},"geometry":{"type":"Polygon","coordinates":[[[-42.77919,-5.08597],[-42.77857,-5.08582],[-42.77818,-5.08721],[-42.77881,-5.08739],[-42.77919,-5.08597]]]}},{"type":"Feature","properties":{"id":"osm-w643930573","nome":"Parque ambiental","tipo":"parque","area_m2":26934},"geometry":{"type":"Polygon","coordinates":[[[-42.7547,-5.18949],[-42.75309,-5.18898],[-42.75269,-5.19021],[-42.75433,-5.19071],[-42.7547,-5.18949]]]}},{"type":"Feature","properties":{"id":"osm-w647539219","nome":"Praça da Rosa dos Ventos e Biblioteca Central","tipo":"parque","area_m2":93512},"geometry":{"type":"Polygon","coordinates":[[[-42.79549,-5.06008],[-42.79565,-5.05999],[-42.79604,-5.05997],[-42.79722,-5.05982],[-42.79779,-5.05988],[-42.79862,-5.06039],[-42.79716,-5.0606],[-42.79724,-5.06119],[-42.798,-5.06108],[-42.79816,-5.06251],[-42.79668,-5.0627],[-42.7953,-5.06243],[-42.79501,-5.06234],[-42.79482,-5.06214],[-42.79482,-5.06175],[-42.79522,-5.06054],[-42.79549,-5.06008]]]}},{"type":"Feature","properties":{"id":"osm-w660173697","nome":"Praça Raimundo Nonato Veraz Cruz","tipo":"parque","area_m2":1441},"geometry":{"type":"Polygon","coordinates":[[[-42.77763,-5.1413],[-42.77751,-5.14109],[-42.77709,-5.14132],[-42.77721,-5.14153],[-42.77763,-5.1413]]]}},{"type":"Feature","properties":{"id":"osm-w668607385","nome":"Praça Leorne Avelino","tipo":"parque","area_m2":1202},"geometry":{"type":"Polygon","coordinates":[[[-42.79306,-5.11872],[-42.79332,-5.11884],[-42.79317,-5.11915],[-42.79291,-5.11904],[-42.79306,-5.11872]]]}},{"type":"Feature","properties":{"id":"osm-w668607386","nome":"Praça Sansão Santos","tipo":"parque","area_m2":1361},"geometry":{"type":"Polygon","coordinates":[[[-42.7923,-5.11931],[-42.79262,-5.11946],[-42.79249,-5.11975],[-42.79217,-5.11959],[-42.7923,-5.11931]]]}},{"type":"Feature","properties":{"id":"osm-w677702397","nome":null,"tipo":"parque","area_m2":927},"geometry":{"type":"Polygon","coordinates":[[[-42.78907,-5.09286],[-42.78906,-5.09313],[-42.78846,-5.0931],[-42.78886,-5.09295],[-42.78907,-5.09286]]]}},{"type":"Feature","properties":{"id":"osm-w677702423","nome":"Praça do Escolão","tipo":"parque","area_m2":826},"geometry":{"type":"Polygon","coordinates":[[[-42.74999,-5.10555],[-42.74991,-5.10577],[-42.7494,-5.10555],[-42.74999,-5.10555]]]}},{"type":"Feature","properties":{"id":"osm-w677702426","nome":"Praça do Mercado do Dirceu II","tipo":"parque","area_m2":3642},"geometry":{"type":"Polygon","coordinates":[[[-42.76199,-5.11045],[-42.7613,-5.11039],[-42.76126,-5.1107],[-42.76194,-5.11099],[-42.76199,-5.11045]]]}},{"type":"Feature","properties":{"id":"osm-w681286128","nome":"Praça Bernadino Viana - 5º Distrito","tipo":"parque","area_m2":3725},"geometry":{"type":"Polygon","coordinates":[[[-42.77107,-5.08863],[-42.7713,-5.08787],[-42.77165,-5.08796],[-42.77144,-5.08875],[-42.77107,-5.08863]]]}},{"type":"Feature","properties":{"id":"osm-w681286133","nome":"Praça do CIART","tipo":"parque","area_m2":551},"geometry":{"type":"Polygon","coordinates":[[[-42.77515,-5.08671],[-42.77533,-5.08673],[-42.77526,-5.08704],[-42.77517,-5.08705],[-42.77515,-5.08671]]]}},{"type":"Feature","properties":{"id":"osm-w681286134","nome":"Praça Triangulo Feminino","tipo":"parque","area_m2":797},"geometry":{"type":"Polygon","coordinates":[[[-42.77591,-5.08458],[-42.77567,-5.08461],[-42.77573,-5.08515],[-42.77591,-5.08458]]]}},{"type":"Feature","properties":{"id":"osm-w681286135","nome":"Praça do Menino Jesus","tipo":"parque","area_m2":700},"geometry":{"type":"Polygon","coordinates":[[[-42.77487,-5.08842],[-42.77483,-5.08861],[-42.77426,-5.08848],[-42.77487,-5.08842]]]}},{"type":"Feature","properties":{"id":"osm-w681293326","nome":null,"tipo":"bosque","area_m2":1017},"geometry":{"type":"Polygon","coordinates":[[[-42.82129,-5.03641],[-42.82126,-5.03646],[-42.8213,-5.03653],[-42.82133,-5.03653],[-42.82138,-5.03666],[-42.82136,-5.03668],[-42.82148,-5.03686],[-42.82135,-5.03698],[-42.8214,-5.03706],[-42.82158,-5.03687],[-42.82148,-5.03677],[-42.82163,-5.03659],[-42.82148,-5.03651],[-42.82146,-5.03654],[-42.82129,-5.03641]]]}},{"type":"Feature","properties":{"id":"osm-w681293328","nome":null,"tipo":"bosque","area_m2":155},"geometry":{"type":"Polygon","coordinates":[[[-42.82135,-5.0366],[-42.82119,-5.03665],[-42.82121,-5.0367],[-42.82124,-5.03668],[-42.82126,-5.03672],[-42.82138,-5.03666],[-42.82135,-5.0366]]]}},{"type":"Feature","properties":{"id":"osm-w681293332","nome":"Pântano morto","tipo":"bosque","area_m2":129019},"geometry":{"type":"Polygon","coordinates":[[[-42.82798,-5.04454],[-42.82767,-5.04503],[-42.82753,-5.04572],[-42.82718,-5.04617],[-42.82703,-5.04647],[-42.82734,-5.04659],[-42.82746,-5.04669],[-42.82742,-5.04679],[-42.82748,-5.04682],[-42.82742,-5.04695],[-42.82746,-5.04698],[-42.82745,-5.04701],[-42.8275,-5.04703],[-42.82754,-5.04694],[-42.82759,-5.04696],[-42.82758,-5.047],[-42.82766,-5.04704],[-42.82763,-5.04709],[-42.82768,-5.04711],[-42.82764,-5.04721],[-42.82756,-5.04716],[-42.82728,-5.04715],[-42.82724,-5.04722],[-42.82764,-5.04741],[-42.82789,-5.04762],[-42.82809,-5.04762],[-42.82825,-5.04784],[-42.82875,-5.04818],[-42.82883,-5.04847],[-42.82933,-5.04867],[-42.82942,-5.04879],[-42.82977,-5.04949],[-42.82993,-5.04964],[-42.83001,-5.04969],[-42.83006,-5.04978],[-42.83024,-5.04969],[-42.83037,-5.04984],[-42.8304,-5.04995],[-42.83017,-5.05011],[-42.8302,-5.05016],[-42.83012,-5.05024],[-42.83029,-5.05078],[-42.83062,-5.05122],[-42.83059,-5.05143],[-42.83084,-5.0518],[-42.83081,-5.05186],[-42.83127,-5.05267],[-42.83145,-5.05312],[-42.83142,-5.05313],[-42.83144,-5.0532],[-42.83154,-5.05324],[-42.83164,-5.05324],[-42.83162,-5.05315],[-42.83152,-5.0531],[-42.83151,-5.05295],[-42.83157,-5.05294],[-42.83158,-5.05283],[-42.83153,-5.05276],[-42.83159,-5.05273],[-42.83158,-5.05268],[-42.83145,-5.05264],[-42.83147,-5.05254],[-42.83153,-5.05248],[-42.83149,-5.05241],[-42.8315,-5.05225],[-42.83145,-5.05216],[-42.83136,-5.05216],[-42.83133,-5.05202],[-42.83127,-5.05197],[-42.83126,-5.05164],[-42.83131,-5.05122],[-42.83125,-5.05112],[-42.83103,-5.05046],[-42.83103,-5.0499],[-42.83088,-5.04941],[-42.83078,-5.04872],[-42.83052,-5.04847],[-42.83052,-5.04818],[-42.83033,-5.04761],[-42.82956,-5.04669],[-42.82917,-5.0459],[-42.82869,-5.04543],[-42.8284,-5.04484],[-42.82812,-5.04454],[-42.82798,-5.04454]]]}},{"type":"Feature","properties":{"id":"osm-w681293335","nome":"Pântano fechado","tipo":"bosque","area_m2":37624},"geometry":{"type":"Polygon","coordinates":[[[-42.82893,-5.04321],[-42.82861,-5.04351],[-42.8287,-5.04396],[-42.82858,-5.04422],[-42.82889,-5.0446],[-42.82918,-5.04507],[-42.82976,-5.04589],[-42.83017,-5.04656],[-42.83063,-5.04675],[-42.83088,-5.04663],[-42.83106,-5.0465],[-42.83102,-5.04617],[-42.83067,-5.04617],[-42.83066,-5.04597],[-42.83096,-5.04588],[-42.83096,-5.04552],[-42.83103,-5.0453],[-42.83092,-5.04487],[-42.83066,-5.04447],[-42.82994,-5.0447],[-42.82954,-5.04499],[-42.82925,-5.04488],[-42.82899,-5.04452],[-42.82889,-5.04425],[-42.82934,-5.04389],[-42.82906,-5.04379],[-42.82896,-5.04356],[-42.82893,-5.04321]]]}},{"type":"Feature","properties":{"id":"osm-w681293337","nome":"Ilha dos biguás","tipo":"bosque","area_m2":1514},"geometry":{"type":"Polygon","coordinates":[[[-42.81737,-5.02555],[-42.81725,-5.0254],[-42.81716,-5.02543],[-42.81709,-5.02557],[-42.81701,-5.02563],[-42.8169,-5.0258],[-42.8168,-5.02587],[-42.81674,-5.02615],[-42.81678,-5.02618],[-42.81678,-5.02614],[-42.81682,-5.02613],[-42.81681,-5.02605],[-42.81686,-5.02599],[-42.81684,-5.02596],[-42.81691,-5.02597],[-42.81691,-5.02591],[-42.81698,-5.0259],[-42.81717,-5.02567],[-42.81736,-5.02561],[-42.81737,-5.02555]]]}},{"type":"Feature","properties":{"id":"osm-w682173771","nome":"Pântano do Atacadão","tipo":"bosque","area_m2":10087},"geometry":{"type":"Polygon","coordinates":[[[-42.81024,-5.06146],[-42.80965,-5.0618],[-42.80971,-5.06188],[-42.80938,-5.06216],[-42.80933,-5.06227],[-42.8101,-5.06265],[-42.81042,-5.06213],[-42.81059,-5.06172],[-42.81024,-5.06146]]]}},{"type":"Feature","properties":{"id":"osm-w682173775","nome":null,"tipo":"bosque","area_m2":10149},"geometry":{"type":"Polygon","coordinates":[[[-42.79314,-5.08073],[-42.79294,-5.08056],[-42.79283,-5.08054],[-42.79274,-5.08056],[-42.79254,-5.08079],[-42.79254,-5.08099],[-42.79257,-5.08105],[-42.79267,-5.08118],[-42.79369,-5.08167],[-42.79378,-5.08149],[-42.79378,-5.08139],[-42.79376,-5.08116],[-42.79368,-5.08101],[-42.79348,-5.0808],[-42.79314,-5.08073]]]}},{"type":"Feature","properties":{"id":"osm-w682173776","nome":"Horta comunitária São Francisco Norte","tipo":"praca","area_m2":8504},"geometry":{"type":"Polygon","coordinates":[[[-42.82166,-5.03243],[-42.82145,-5.03303],[-42.82156,-5.03306],[-42.82149,-5.03323],[-42.82156,-5.03326],[-42.82152,-5.03332],[-42.82204,-5.03352],[-42.82208,-5.03345],[-42.82217,-5.03347],[-42.82251,-5.03288],[-42.82166,-5.03243]]]}},{"type":"Feature","properties":{"id":"osm-w682186110","nome":null,"tipo":"parque","area_m2":156483},"geometry":{"type":"Polygon","coordinates":[[[-42.81915,-5.04354],[-42.81741,-5.04378],[-42.81744,-5.04414],[-42.81705,-5.044],[-42.81603,-5.04629],[-42.81866,-5.04764],[-42.81885,-5.04793],[-42.8191,-5.04856],[-42.81993,-5.04817],[-42.82054,-5.0471],[-42.81988,-5.04568],[-42.81982,-5.0456],[-42.81957,-5.04493],[-42.81939,-5.04455],[-42.81915,-5.04354]]]}},{"type":"Feature","properties":{"id":"osm-w682334244","nome":"Praça Maria do Carmo Rodrigues","tipo":"parque","area_m2":7209},"geometry":{"type":"Polygon","coordinates":[[[-42.8293,-5.0364],[-42.82925,-5.03635],[-42.82857,-5.03627],[-42.82853,-5.03632],[-42.82845,-5.03699],[-42.8285,-5.03702],[-42.82912,-5.03711],[-42.82918,-5.03708],[-42.8293,-5.0364]]]}},{"type":"Feature","properties":{"id":"osm-w682334249","nome":"Praça do Boidódromo","tipo":"parque","area_m2":1183},"geometry":{"type":"Polygon","coordinates":[[[-42.82792,-5.03511],[-42.82767,-5.03506],[-42.82758,-5.03542],[-42.82786,-5.03545],[-42.82792,-5.03511]]]}},{"type":"Feature","properties":{"id":"osm-w682334250","nome":"Pracinha azul","tipo":"parque","area_m2":985},"geometry":{"type":"Polygon","coordinates":[[[-42.82104,-5.04053],[-42.82084,-5.04056],[-42.82045,-5.0404],[-42.8204,-5.04045],[-42.82042,-5.04049],[-42.82098,-5.04076],[-42.82104,-5.04053]]]}},{"type":"Feature","properties":{"id":"osm-w682335538","nome":null,"tipo":"parque","area_m2":2407},"geometry":{"type":"Polygon","coordinates":[[[-42.81579,-5.03771],[-42.81548,-5.03758],[-42.81575,-5.03704],[-42.81604,-5.03716],[-42.81579,-5.03771]]]}},{"type":"Feature","properties":{"id":"osm-w682560330","nome":"Mata das sericoras","tipo":"bosque","area_m2":122177},"geometry":{"type":"Polygon","coordinates":[[[-42.80408,-5.05329],[-42.80376,-5.05295],[-42.80358,-5.05288],[-42.80327,-5.05281],[-42.80294,-5.05286],[-42.8009,-5.05405],[-42.8008,-5.05422],[-42.80073,-5.05444],[-42.80079,-5.05469],[-42.80126,-5.05567],[-42.8014,-5.05601],[-42.80152,-5.05664],[-42.80156,-5.05713],[-42.80161,-5.0572],[-42.80173,-5.0572],[-42.80208,-5.05696],[-42.80228,-5.05675],[-42.80254,-5.05622],[-42.80269,-5.05609],[-42.80297,-5.05603],[-42.80423,-5.05602],[-42.80422,-5.05379],[-42.80416,-5.05349],[-42.80408,-5.05329]]]}},{"type":"Feature","properties":{"id":"osm-w682560332","nome":"Mata dos cágados","tipo":"bosque","area_m2":152320},"geometry":{"type":"Polygon","coordinates":[[[-42.80428,-5.05621],[-42.80424,-5.05612],[-42.80286,-5.05615],[-42.80272,-5.05621],[-42.80264,-5.05631],[-42.80261,-5.05652],[-42.8024,-5.05686],[-42.80225,-5.05704],[-42.80202,-5.05722],[-42.80167,-5.05744],[-42.80163,-5.05755],[-42.80204,-5.06017],[-42.80219,-5.06059],[-42.80211,-5.06082],[-42.80198,-5.06088],[-42.80178,-5.06087],[-42.80168,-5.06075],[-42.80159,-5.06071],[-42.80122,-5.06075],[-42.80146,-5.06132],[-42.8014,-5.06181],[-42.80155,-5.06198],[-42.80193,-5.06199],[-42.80306,-5.06132],[-42.80322,-5.06135],[-42.80341,-5.06158],[-42.80366,-5.06137],[-42.80396,-5.06137],[-42.80426,-5.06141],[-42.80431,-5.06109],[-42.80394,-5.06103],[-42.80375,-5.06094],[-42.80382,-5.06034],[-42.80411,-5.06014],[-42.80424,-5.05941],[-42.80428,-5.05621]]]}},{"type":"Feature","properties":{"id":"osm-w682560333","nome":null,"tipo":"bosque","area_m2":71127},"geometry":{"type":"Polygon","coordinates":[[[-42.80054,-5.05908],[-42.80047,-5.05854],[-42.80028,-5.05842],[-42.80002,-5.05857],[-42.79932,-5.05853],[-42.79921,-5.05856],[-42.7989,-5.05839],[-42.79836,-5.05855],[-42.79819,-5.05876],[-42.79823,-5.05893],[-42.79832,-5.05897],[-42.7983,-5.05918],[-42.79847,-5.05947],[-42.7985,-5.05974],[-42.79845,-5.05988],[-42.79892,-5.0603],[-42.79962,-5.06063],[-42.80043,-5.0606],[-42.80106,-5.06049],[-42.80152,-5.06033],[-42.80176,-5.06019],[-42.80178,-5.06],[-42.80168,-5.05979],[-42.80164,-5.05936],[-42.80157,-5.05901],[-42.80054,-5.05908]]]}},{"type":"Feature","properties":{"id":"osm-w682797449","nome":null,"tipo":"parque","area_m2":439},"geometry":{"type":"Polygon","coordinates":[[[-42.82616,-5.04584],[-42.82611,-5.04579],[-42.82605,-5.04578],[-42.82593,-5.04599],[-42.82596,-5.04604],[-42.82604,-5.04606],[-42.82616,-5.04584]]]}},{"type":"Feature","properties":{"id":"osm-w683017559","nome":null,"tipo":"parque","area_m2":4643},"geometry":{"type":"Polygon","coordinates":[[[-42.80658,-5.08819],[-42.80653,-5.08827],[-42.80656,-5.0883],[-42.80941,-5.08966],[-42.80944,-5.08965],[-42.80947,-5.08955],[-42.80658,-5.08819]]]}},{"type":"Feature","properties":{"id":"osm-w683017561","nome":null,"tipo":"parque","area_m2":742},"geometry":{"type":"Polygon","coordinates":[[[-42.80641,-5.08808],[-42.80632,-5.08814],[-42.80576,-5.08788],[-42.80586,-5.08782],[-42.80641,-5.08808]]]}},{"type":"Feature","properties":{"id":"osm-w683017563","nome":null,"tipo":"parque","area_m2":3752},"geometry":{"type":"Polygon","coordinates":[[[-42.80563,-5.08771],[-42.80558,-5.08781],[-42.80312,-5.08662],[-42.80317,-5.08652],[-42.80563,-5.08771]]]}},{"type":"Feature","properties":{"id":"osm-w683017565","nome":null,"tipo":"parque","area_m2":3771},"geometry":{"type":"Polygon","coordinates":[[[-42.80301,-5.08645],[-42.80295,-5.08654],[-42.80032,-5.08527],[-42.80036,-5.08518],[-42.80301,-5.08645]]]}},{"type":"Feature","properties":{"id":"osm-w683017570","nome":"Praça da Liberdade","tipo":"parque","area_m2":19645},"geometry":{"type":"Polygon","coordinates":[[[-42.81033,-5.08997],[-42.81028,-5.09006],[-42.81055,-5.09019],[-42.81061,-5.09026],[-42.81024,-5.091],[-42.81099,-5.09137],[-42.8118,-5.08977],[-42.81099,-5.08938],[-42.81066,-5.0901],[-42.81033,-5.08997]]]}},{"type":"Feature","properties":{"id":"osm-w683024399","nome":"Praça João Clímaco de Almeida","tipo":"parque","area_m2":4025},"geometry":{"type":"Polygon","coordinates":[[[-42.78056,-5.02281],[-42.78062,-5.02288],[-42.78192,-5.02253],[-42.78193,-5.02247],[-42.78178,-5.02217],[-42.78056,-5.02281]]]}},{"type":"Feature","properties":{"id":"osm-w683024400","nome":null,"tipo":"bosque","area_m2":34085},"geometry":{"type":"Polygon","coordinates":[[[-42.7801,-5.02279],[-42.78094,-5.02316],[-42.78103,-5.0234],[-42.7803,-5.02359],[-42.78043,-5.02412],[-42.77991,-5.02425],[-42.77959,-5.02415],[-42.77929,-5.02401],[-42.77933,-5.02392],[-42.77898,-5.02376],[-42.77901,-5.02368],[-42.7786,-5.02352],[-42.7785,-5.02241],[-42.77913,-5.02244],[-42.77951,-5.02256],[-42.77991,-5.02284],[-42.77996,-5.0227],[-42.7801,-5.02279]]]}},{"type":"Feature","properties":{"id":"osm-w683024967","nome":null,"tipo":"parque","area_m2":1896},"geometry":{"type":"Polygon","coordinates":[[[-42.78405,-5.08632],[-42.78415,-5.08645],[-42.78416,-5.08655],[-42.78413,-5.08664],[-42.78399,-5.08673],[-42.78382,-5.08671],[-42.78373,-5.08657],[-42.78376,-5.08639],[-42.7839,-5.08631],[-42.78405,-5.08632]]]}},{"type":"Feature","properties":{"id":"osm-w683025600","nome":null,"tipo":"bosque","area_m2":316},"geometry":{"type":"Polygon","coordinates":[[[-42.76921,-5.04155],[-42.76931,-5.04146],[-42.76936,-5.04148],[-42.76939,-5.04156],[-42.76937,-5.04163],[-42.7693,-5.04165],[-42.76922,-5.0416],[-42.76921,-5.04155]]]}},{"type":"Feature","properties":{"id":"osm-w683025601","nome":null,"tipo":"bosque","area_m2":413},"geometry":{"type":"Polygon","coordinates":[[[-42.76923,-5.04171],[-42.76926,-5.04181],[-42.76921,-5.04185],[-42.76914,-5.04185],[-42.76902,-5.04165],[-42.76908,-5.04162],[-42.76923,-5.04171]]]}},{"type":"Feature","properties":{"id":"osm-w683426357","nome":null,"tipo":"parque","area_m2":8047},"geometry":{"type":"Polygon","coordinates":[[[-42.79351,-5.08197],[-42.79349,-5.08204],[-42.79337,-5.08218],[-42.79321,-5.08227],[-42.79298,-5.08233],[-42.79277,-5.08226],[-42.79232,-5.08197],[-42.79223,-5.08186],[-42.7922,-5.08164],[-42.79231,-5.08149],[-42.79241,-5.08147],[-42.7925,-5.08149],[-42.79351,-5.08197]]]}},{"type":"Feature","properties":{"id":"osm-w683455743","nome":"Parquinho Potycabana","tipo":"lazer","area_m2":431},"geometry":{"type":"Polygon","coordinates":[[[-42.79266,-5.08361],[-42.79277,-5.08375],[-42.79276,-5.0838],[-42.79269,-5.08388],[-42.79264,-5.08388],[-42.79257,-5.08375],[-42.79266,-5.08361]]]}},{"type":"Feature","properties":{"id":"osm-w683468870","nome":"Praça da parada de ônibus","tipo":"parque","area_m2":554},"geometry":{"type":"Polygon","coordinates":[[[-42.81244,-5.05365],[-42.81244,-5.05319],[-42.81264,-5.05325],[-42.81244,-5.05365]]]}},{"type":"Feature","properties":{"id":"osm-w683534159","nome":null,"tipo":"bosque","area_m2":370},"geometry":{"type":"Polygon","coordinates":[[[-42.82117,-5.03683],[-42.82103,-5.03686],[-42.82106,-5.03705],[-42.82123,-5.03701],[-42.82117,-5.03683]]]}},{"type":"Feature","properties":{"id":"osm-w683535852","nome":null,"tipo":"parque","area_m2":366},"geometry":{"type":"Polygon","coordinates":[[[-42.81912,-5.03231],[-42.81914,-5.03224],[-42.81911,-5.03203],[-42.81934,-5.03233],[-42.81912,-5.03231]]]}},{"type":"Feature","properties":{"id":"osm-w683537895","nome":"Tabocas","tipo":"parque","area_m2":697},"geometry":{"type":"Polygon","coordinates":[[[-42.81629,-5.03018],[-42.81621,-5.03032],[-42.81591,-5.03012],[-42.81599,-5.02999],[-42.81629,-5.03018]]]}},{"type":"Feature","properties":{"id":"osm-w683614558","nome":null,"tipo":"bosque","area_m2":69811},"geometry":{"type":"Polygon","coordinates":[[[-42.80346,-5.07333],[-42.803,-5.0732],[-42.80165,-5.07514],[-42.80192,-5.07529],[-42.80196,-5.07538],[-42.80325,-5.076],[-42.80341,-5.07602],[-42.80355,-5.07597],[-42.80363,-5.07614],[-42.80363,-5.07625],[-42.80355,-5.07627],[-42.80346,-5.07641],[-42.80328,-5.07696],[-42.80329,-5.07701],[-42.80333,-5.07709],[-42.80402,-5.07741],[-42.80415,-5.07743],[-42.8048,-5.07692],[-42.80409,-5.07505],[-42.80382,-5.0749],[-42.80338,-5.07347],[-42.80346,-5.07333]]]}},{"type":"Feature","properties":{"id":"osm-w683614560","nome":null,"tipo":"bosque","area_m2":14415},"geometry":{"type":"Polygon","coordinates":[[[-42.81229,-5.0658],[-42.81253,-5.06582],[-42.81257,-5.06608],[-42.81265,-5.06613],[-42.81303,-5.06532],[-42.81339,-5.06551],[-42.81342,-5.06544],[-42.81319,-5.06532],[-42.8134,-5.06494],[-42.81317,-5.06482],[-42.81321,-5.06458],[-42.81258,-5.06421],[-42.81241,-5.06454],[-42.81268,-5.06457],[-42.81273,-5.06484],[-42.81226,-5.06474],[-42.81229,-5.0658]]]}},{"type":"Feature","properties":{"id":"osm-w683614563","nome":null,"tipo":"parque","area_m2":2423},"geometry":{"type":"Polygon","coordinates":[[[-42.81611,-5.04138],[-42.81606,-5.04135],[-42.81536,-5.04183],[-42.81578,-5.04204],[-42.81611,-5.04138]]]}},{"type":"Feature","properties":{"id":"osm-w683615078","nome":null,"tipo":"parque","area_m2":1144},"geometry":{"type":"Polygon","coordinates":[[[-42.80936,-5.02428],[-42.80915,-5.02371],[-42.80951,-5.02382],[-42.80936,-5.02428]]]}},{"type":"Feature","properties":{"id":"osm-w683615079","nome":"Praça Edilson Rocha Lima","tipo":"parque","area_m2":9422},"geometry":{"type":"Polygon","coordinates":[[[-42.80937,-5.02164],[-42.80867,-5.02139],[-42.80853,-5.02157],[-42.80845,-5.02182],[-42.80889,-5.02298],[-42.80937,-5.02164]]]}},{"type":"Feature","properties":{"id":"osm-w683708802","nome":null,"tipo":"parque","area_m2":2966},"geometry":{"type":"Polygon","coordinates":[[[-42.7217,-5.04077],[-42.72162,-5.04085],[-42.72166,-5.04123],[-42.72172,-5.04127],[-42.72209,-5.04124],[-42.72213,-5.04117],[-42.72212,-5.04085],[-42.72209,-5.04078],[-42.72203,-5.04076],[-42.7217,-5.04077]]]}},{"type":"Feature","properties":{"id":"osm-w683725547","nome":"Praça do Deus Quer","tipo":"parque","area_m2":6915},"geometry":{"type":"Polygon","coordinates":[[[-42.69738,-5.11852],[-42.6973,-5.11885],[-42.6989,-5.11926],[-42.69898,-5.11893],[-42.69738,-5.11852]]]}},{"type":"Feature","properties":{"id":"osm-w683737730","nome":null,"tipo":"parque","area_m2":2592},"geometry":{"type":"Polygon","coordinates":[[[-42.72107,-5.10455],[-42.72023,-5.10429],[-42.72036,-5.10383],[-42.72107,-5.10455]]]}},{"type":"Feature","properties":{"id":"osm-w683737761","nome":null,"tipo":"parque","area_m2":4446},"geometry":{"type":"Polygon","coordinates":[[[-42.73113,-5.11053],[-42.73107,-5.11083],[-42.7321,-5.11167],[-42.73218,-5.11139],[-42.73113,-5.11053]]]}},{"type":"Feature","properties":{"id":"osm-w683737769","nome":"Praça do Monte Horebe","tipo":"parque","area_m2":4320},"geometry":{"type":"Polygon","coordinates":[[[-42.73397,-5.09894],[-42.7339,-5.09944],[-42.73443,-5.09969],[-42.7347,-5.09924],[-42.73397,-5.09894]]]}},{"type":"Feature","properties":{"id":"osm-w683737770","nome":null,"tipo":"parque","area_m2":887},"geometry":{"type":"Polygon","coordinates":[[[-42.73482,-5.11116],[-42.735,-5.1113],[-42.73464,-5.11182],[-42.73482,-5.11116]]]}},{"type":"Feature","properties":{"id":"osm-w683742749","nome":null,"tipo":"parque","area_m2":876},"geometry":{"type":"Polygon","coordinates":[[[-42.75097,-5.11351],[-42.7507,-5.11339],[-42.75079,-5.11317],[-42.75107,-5.1133],[-42.75097,-5.11351]]]}},{"type":"Feature","properties":{"id":"osm-w683742750","nome":"Praça do Globinho","tipo":"parque","area_m2":2756},"geometry":{"type":"Polygon","coordinates":[[[-42.75116,-5.11335],[-42.75096,-5.11385],[-42.75134,-5.11401],[-42.75155,-5.11352],[-42.75116,-5.11335]]]}},{"type":"Feature","properties":{"id":"osm-w683742751","nome":null,"tipo":"parque","area_m2":3255},"geometry":{"type":"Polygon","coordinates":[[[-42.75242,-5.11576],[-42.75218,-5.11691],[-42.7525,-5.11698],[-42.75253,-5.11578],[-42.75242,-5.11576]]]}},{"type":"Feature","properties":{"id":"osm-w683742754","nome":"Praça dos Bambus","tipo":"parque","area_m2":2942},"geometry":{"type":"Polygon","coordinates":[[[-42.75985,-5.11352],[-42.75957,-5.11417],[-42.75989,-5.11434],[-42.76013,-5.11377],[-42.75985,-5.11352]]]}},{"type":"Feature","properties":{"id":"osm-w683749170","nome":"Segunda Praça do Renascença II","tipo":"parque","area_m2":2238},"geometry":{"type":"Polygon","coordinates":[[[-42.74078,-5.0975],[-42.74059,-5.09759],[-42.74056,-5.09766],[-42.74056,-5.09774],[-42.74065,-5.09792],[-42.74067,-5.09797],[-42.74072,-5.09799],[-42.74097,-5.09791],[-42.74105,-5.09785],[-42.74106,-5.09781],[-42.74097,-5.09756],[-42.74092,-5.09751],[-42.74078,-5.0975]]]}},{"type":"Feature","properties":{"id":"osm-w683749171","nome":"Primeira Praça do Renascença II","tipo":"parque","area_m2":1667},"geometry":{"type":"Polygon","coordinates":[[[-42.74303,-5.09876],[-42.743,-5.09864],[-42.74304,-5.09851],[-42.74309,-5.09847],[-42.74322,-5.09844],[-42.74328,-5.09845],[-42.74339,-5.09854],[-42.74341,-5.09868],[-42.74334,-5.09881],[-42.74321,-5.09885],[-42.74313,-5.09884],[-42.74303,-5.09876]]]}},{"type":"Feature","properties":{"id":"osm-w683749176","nome":null,"tipo":"parque","area_m2":3204},"geometry":{"type":"Polygon","coordinates":[[[-42.74781,-5.10035],[-42.74761,-5.10091],[-42.74803,-5.10105],[-42.74822,-5.1005],[-42.74781,-5.10035]]]}},{"type":"Feature","properties":{"id":"osm-w683749182","nome":"Praça João Duca","tipo":"parque","area_m2":6121},"geometry":{"type":"Polygon","coordinates":[[[-42.74932,-5.09478],[-42.74935,-5.09551],[-42.74961,-5.09547],[-42.74965,-5.09532],[-42.75025,-5.09509],[-42.75055,-5.09491],[-42.75058,-5.09485],[-42.74932,-5.09478]]]}},{"type":"Feature","properties":{"id":"osm-w683749191","nome":"Praça da Polinter","tipo":"parque","area_m2":1718},"geometry":{"type":"Polygon","coordinates":[[[-42.76337,-5.10716],[-42.76334,-5.10751],[-42.76373,-5.10754],[-42.76376,-5.10719],[-42.76337,-5.10716]]]}},{"type":"Feature","properties":{"id":"osm-w683752588","nome":"Praça do Tancredo Neves","tipo":"parque","area_m2":6248},"geometry":{"type":"Polygon","coordinates":[[[-42.7703,-5.11241],[-42.77025,-5.1124],[-42.77004,-5.1126],[-42.77004,-5.11264],[-42.77109,-5.11365],[-42.77129,-5.11336],[-42.7703,-5.11241]]]}},{"type":"Feature","properties":{"id":"osm-w683752592","nome":null,"tipo":"parque","area_m2":1272},"geometry":{"type":"Polygon","coordinates":[[[-42.77203,-5.11198],[-42.77203,-5.11181],[-42.77211,-5.11173],[-42.77228,-5.11174],[-42.77236,-5.11183],[-42.77237,-5.11196],[-42.77229,-5.11205],[-42.77217,-5.11208],[-42.77203,-5.11198]]]}},{"type":"Feature","properties":{"id":"osm-w683766399","nome":null,"tipo":"parque","area_m2":1993},"geometry":{"type":"Polygon","coordinates":[[[-42.75045,-5.08257],[-42.75023,-5.08229],[-42.75008,-5.08234],[-42.74999,-5.08249],[-42.75001,-5.08264],[-42.75017,-5.08277],[-42.75025,-5.08278],[-42.75038,-5.08273],[-42.75046,-5.08263],[-42.75045,-5.08257]]]}},{"type":"Feature","properties":{"id":"osm-w683766406","nome":"Praça I","tipo":"parque","area_m2":2850},"geometry":{"type":"Polygon","coordinates":[[[-42.74157,-5.08297],[-42.74165,-5.08336],[-42.74222,-5.08334],[-42.74216,-5.08293],[-42.74157,-5.08297]]]}},{"type":"Feature","properties":{"id":"osm-w683774052","nome":"Praça do Girassol","tipo":"parque","area_m2":1973},"geometry":{"type":"Polygon","coordinates":[[[-42.78787,-5.08239],[-42.7875,-5.08237],[-42.78682,-5.08235],[-42.78687,-5.08227],[-42.78793,-5.08217],[-42.78787,-5.08239]]]}},{"type":"Feature","properties":{"id":"osm-w683778412","nome":"Praça Enildes Moita Costa","tipo":"parque","area_m2":3593},"geometry":{"type":"Polygon","coordinates":[[[-42.74255,-5.0541],[-42.74255,-5.05448],[-42.74332,-5.05448],[-42.74332,-5.0541],[-42.74255,-5.0541]]]}},{"type":"Feature","properties":{"id":"osm-w683778415","nome":null,"tipo":"parque","area_m2":583},"geometry":{"type":"Polygon","coordinates":[[[-42.74341,-5.05287],[-42.7434,-5.05313],[-42.74376,-5.05314],[-42.74341,-5.05287]]]}},{"type":"Feature","properties":{"id":"osm-w683792976","nome":"Praça Deputado Assis Carvalho","tipo":"parque","area_m2":5380},"geometry":{"type":"Polygon","coordinates":[[[-42.74117,-5.02992],[-42.74099,-5.03054],[-42.74249,-5.03026],[-42.74117,-5.02992]]]}},{"type":"Feature","properties":{"id":"osm-w683795206","nome":"Praça João Dantas Neto","tipo":"parque","area_m2":3068},"geometry":{"type":"Polygon","coordinates":[[[-42.75931,-5.0633],[-42.75876,-5.0634],[-42.75873,-5.06345],[-42.75924,-5.06394],[-42.75936,-5.06397],[-42.75941,-5.06393],[-42.75931,-5.0633]]]}},{"type":"Feature","properties":{"id":"osm-w683822186","nome":null,"tipo":"parque","area_m2":2667},"geometry":{"type":"Polygon","coordinates":[[[-42.75981,-5.06471],[-42.75978,-5.06487],[-42.75971,-5.06488],[-42.75991,-5.0661],[-42.75995,-5.066],[-42.75999,-5.06483],[-42.75981,-5.06471]]]}},{"type":"Feature","properties":{"id":"osm-w683822239","nome":"Praça Leda Torquato","tipo":"parque","area_m2":660},"geometry":{"type":"Polygon","coordinates":[[[-42.76202,-5.0713],[-42.76177,-5.07133],[-42.76217,-5.07171],[-42.76202,-5.0713]]]}},{"type":"Feature","properties":{"id":"osm-w683822240","nome":"Praça Engº Adolfo Uchôa","tipo":"parque","area_m2":1367},"geometry":{"type":"Polygon","coordinates":[[[-42.76472,-5.07098],[-42.76478,-5.07168],[-42.76492,-5.07166],[-42.76489,-5.07097],[-42.76472,-5.07098]]]}},{"type":"Feature","properties":{"id":"osm-w683822248","nome":null,"tipo":"parque","area_m2":3912},"geometry":{"type":"Polygon","coordinates":[[[-42.76105,-5.06953],[-42.76054,-5.0695],[-42.76067,-5.07009],[-42.76064,-5.07031],[-42.76099,-5.0703],[-42.76105,-5.06953]]]}},{"type":"Feature","properties":{"id":"osm-w683851274","nome":"Praça Pantaleão Carvalho","tipo":"parque","area_m2":2447},"geometry":{"type":"Polygon","coordinates":[[[-42.7514,-5.04595],[-42.75145,-5.04635],[-42.75192,-5.0463],[-42.75188,-5.04588],[-42.7514,-5.04595]]]}},{"type":"Feature","properties":{"id":"osm-w683855152","nome":"Praça Arimatéia Tito","tipo":"parque","area_m2":5058},"geometry":{"type":"Polygon","coordinates":[[[-42.78525,-5.077],[-42.7854,-5.07645],[-42.78611,-5.07664],[-42.78597,-5.07717],[-42.78525,-5.077]]]}},{"type":"Feature","properties":{"id":"osm-w684048420","nome":"Praça Dina Amaral","tipo":"parque","area_m2":962},"geometry":{"type":"Polygon","coordinates":[[[-42.79936,-5.137],[-42.79896,-5.13699],[-42.79895,-5.13719],[-42.79936,-5.13719],[-42.79936,-5.137]]]}},{"type":"Feature","properties":{"id":"osm-w684057910","nome":"Praça Cidade Jardim","tipo":"parque","area_m2":1312},"geometry":{"type":"Polygon","coordinates":[[[-42.77308,-5.01427],[-42.77338,-5.01412],[-42.77306,-5.01365],[-42.77303,-5.01395],[-42.77308,-5.01427]]]}},{"type":"Feature","properties":{"id":"osm-w684057950","nome":null,"tipo":"parque","area_m2":1312},"geometry":{"type":"Polygon","coordinates":[[[-42.78159,-5.0085],[-42.78147,-5.00821],[-42.78178,-5.00807],[-42.7819,-5.00836],[-42.78159,-5.0085]]]}},{"type":"Feature","properties":{"id":"osm-w684063667","nome":null,"tipo":"parque","area_m2":1293},"geometry":{"type":"Polygon","coordinates":[[[-42.82211,-5.00333],[-42.82144,-5.00355],[-42.82135,-5.00327],[-42.82211,-5.00333]]]}},{"type":"Feature","properties":{"id":"osm-w684063670","nome":null,"tipo":"parque","area_m2":1575},"geometry":{"type":"Polygon","coordinates":[[[-42.82208,-5.00201],[-42.82173,-5.00202],[-42.82177,-5.00128],[-42.82208,-5.00201]]]}},{"type":"Feature","properties":{"id":"osm-w684063684","nome":null,"tipo":"parque","area_m2":2502},"geometry":{"type":"Polygon","coordinates":[[[-42.82661,-4.99839],[-42.82662,-4.99874],[-42.82743,-4.99889],[-42.82748,-4.99878],[-42.82661,-4.99839]]]}},{"type":"Feature","properties":{"id":"osm-w684066627","nome":null,"tipo":"parque","area_m2":411},"geometry":{"type":"Polygon","coordinates":[[[-42.82766,-4.99258],[-42.82764,-4.99252],[-42.82769,-4.99243],[-42.82778,-4.99242],[-42.82783,-4.99247],[-42.82785,-4.99253],[-42.82782,-4.99259],[-42.82775,-4.99262],[-42.82766,-4.99258]]]}},{"type":"Feature","properties":{"id":"osm-w684066629","nome":null,"tipo":"parque","area_m2":2799},"geometry":{"type":"Polygon","coordinates":[[[-42.82888,-4.99243],[-42.82834,-4.99224],[-42.82824,-4.99237],[-42.82797,-4.99247],[-42.82795,-4.99254],[-42.82846,-4.99273],[-42.82854,-4.99253],[-42.8288,-4.99261],[-42.82888,-4.99243]]]}},{"type":"Feature","properties":{"id":"osm-w684066632","nome":null,"tipo":"parque","area_m2":173},"geometry":{"type":"Polygon","coordinates":[[[-42.83913,-4.98865],[-42.83921,-4.9888],[-42.83933,-4.98866],[-42.83913,-4.98865]]]}},{"type":"Feature","properties":{"id":"osm-w684066633","nome":"Praça Pedro Gomes da Silva","tipo":"parque","area_m2":575},"geometry":{"type":"Polygon","coordinates":[[[-42.84059,-4.98881],[-42.84055,-4.9891],[-42.8407,-4.98912],[-42.84076,-4.98884],[-42.84059,-4.98881]]]}},{"type":"Feature","properties":{"id":"osm-w684066634","nome":"Praça Pedro Gomes da Silva","tipo":"parque","area_m2":575},"geometry":{"type":"Polygon","coordinates":[[[-42.84082,-4.98886],[-42.84078,-4.98915],[-42.84093,-4.98917],[-42.84099,-4.98889],[-42.84082,-4.98886]]]}},{"type":"Feature","properties":{"id":"osm-w684066635","nome":null,"tipo":"parque","area_m2":1953},"geometry":{"type":"Polygon","coordinates":[[[-42.8408,-4.99117],[-42.84072,-4.99126],[-42.841,-4.99155],[-42.84148,-4.99186],[-42.84152,-4.99187],[-42.84157,-4.99182],[-42.84158,-4.99174],[-42.84155,-4.99169],[-42.8414,-4.99163],[-42.8408,-4.99117]]]}},{"type":"Feature","properties":{"id":"osm-w684066637","nome":null,"tipo":"parque","area_m2":282},"geometry":{"type":"Polygon","coordinates":[[[-42.84075,-4.99113],[-42.84068,-4.99122],[-42.84042,-4.99089],[-42.84075,-4.99113]]]}},{"type":"Feature","properties":{"id":"osm-w684069998","nome":null,"tipo":"parque","area_m2":8803},"geometry":{"type":"Polygon","coordinates":[[[-42.8389,-4.98662],[-42.83888,-4.98702],[-42.84063,-4.98709],[-42.84066,-4.98668],[-42.8389,-4.98662]]]}},{"type":"Feature","properties":{"id":"osm-w684282754","nome":"Praça Honorato Julião","tipo":"parque","area_m2":587},"geometry":{"type":"Polygon","coordinates":[[[-42.80221,-5.10302],[-42.80205,-5.10297],[-42.8021,-5.10284],[-42.80205,-5.10269],[-42.80224,-5.10272],[-42.80221,-5.10302]]]}},{"type":"Feature","properties":{"id":"osm-w684288379","nome":"Praça do Esplanada","tipo":"parque","area_m2":2952},"geometry":{"type":"Polygon","coordinates":[[[-42.76416,-5.19169],[-42.76407,-5.19198],[-42.76482,-5.19222],[-42.76491,-5.19193],[-42.76416,-5.19169]]]}},{"type":"Feature","properties":{"id":"osm-w684288417","nome":null,"tipo":"parque","area_m2":2266},"geometry":{"type":"Polygon","coordinates":[[[-42.80144,-5.27491],[-42.80132,-5.27522],[-42.80183,-5.27539],[-42.80195,-5.27505],[-42.80144,-5.27491]]]}},{"type":"Feature","properties":{"id":"osm-w684290862","nome":null,"tipo":"parque","area_m2":2999},"geometry":{"type":"Polygon","coordinates":[[[-42.74882,-5.18779],[-42.74863,-5.18793],[-42.74868,-5.18913],[-42.74888,-5.189],[-42.74882,-5.18779]]]}},{"type":"Feature","properties":{"id":"osm-w684290863","nome":null,"tipo":"parque","area_m2":2069},"geometry":{"type":"Polygon","coordinates":[[[-42.7489,-5.18774],[-42.74893,-5.18853],[-42.74926,-5.18745],[-42.74912,-5.1874],[-42.74903,-5.18761],[-42.7489,-5.18774]]]}},{"type":"Feature","properties":{"id":"osm-w684295616","nome":null,"tipo":"parque","area_m2":5200},"geometry":{"type":"Polygon","coordinates":[[[-42.75241,-5.18637],[-42.75232,-5.18667],[-42.75359,-5.18709],[-42.7537,-5.18678],[-42.75241,-5.18637]]]}},{"type":"Feature","properties":{"id":"osm-w684499099","nome":"Praça Ivo Sampaio","tipo":"parque","area_m2":2496},"geometry":{"type":"Polygon","coordinates":[[[-42.79284,-5.16886],[-42.79274,-5.16923],[-42.79324,-5.16938],[-42.79334,-5.169],[-42.79284,-5.16886]]]}},{"type":"Feature","properties":{"id":"osm-w684499106","nome":null,"tipo":"parque","area_m2":580},"geometry":{"type":"Polygon","coordinates":[[[-42.7881,-5.16512],[-42.78756,-5.16517],[-42.78806,-5.1653],[-42.7881,-5.16512]]]}},{"type":"Feature","properties":{"id":"osm-w684499117","nome":null,"tipo":"parque","area_m2":575},"geometry":{"type":"Polygon","coordinates":[[[-42.79634,-5.15569],[-42.79632,-5.15585],[-42.79662,-5.15589],[-42.79665,-5.15576],[-42.79634,-5.15569]]]}},{"type":"Feature","properties":{"id":"osm-w684499124","nome":"Praça do Sindicato","tipo":"parque","area_m2":892},"geometry":{"type":"Polygon","coordinates":[[[-42.78862,-5.15411],[-42.78881,-5.15425],[-42.78899,-5.15362],[-42.78862,-5.15411]]]}},{"type":"Feature","properties":{"id":"osm-w684499125","nome":null,"tipo":"parque","area_m2":2577},"geometry":{"type":"Polygon","coordinates":[[[-42.78341,-5.16026],[-42.78281,-5.16021],[-42.7829,-5.15972],[-42.78341,-5.16003],[-42.78341,-5.16026]]]}},{"type":"Feature","properties":{"id":"osm-w684499130","nome":null,"tipo":"parque","area_m2":4004},"geometry":{"type":"Polygon","coordinates":[[[-42.78337,-5.15448],[-42.78321,-5.15491],[-42.78405,-5.15518],[-42.78406,-5.15513],[-42.78395,-5.15501],[-42.78393,-5.15493],[-42.78394,-5.15484],[-42.78402,-5.15471],[-42.78337,-5.15448]]]}},{"type":"Feature","properties":{"id":"osm-w684499139","nome":null,"tipo":"parque","area_m2":636},"geometry":{"type":"Polygon","coordinates":[[[-42.77462,-5.15283],[-42.77453,-5.15306],[-42.77476,-5.15312],[-42.77481,-5.1529],[-42.77462,-5.15283]]]}},{"type":"Feature","properties":{"id":"osm-w684499145","nome":null,"tipo":"parque","area_m2":2736},"geometry":{"type":"Polygon","coordinates":[[[-42.77633,-5.1456],[-42.77694,-5.14477],[-42.77617,-5.14522],[-42.77609,-5.1454],[-42.77628,-5.14562],[-42.77633,-5.1456]]]}},{"type":"Feature","properties":{"id":"osm-w684499146","nome":null,"tipo":"parque","area_m2":393},"geometry":{"type":"Polygon","coordinates":[[[-42.77074,-5.15244],[-42.77059,-5.15233],[-42.77094,-5.15215],[-42.77074,-5.15244]]]}},{"type":"Feature","properties":{"id":"osm-w684505087","nome":null,"tipo":"parque","area_m2":1184},"geometry":{"type":"Polygon","coordinates":[[[-42.77836,-5.14113],[-42.77854,-5.14147],[-42.77877,-5.14135],[-42.77858,-5.14101],[-42.77836,-5.14113]]]}},{"type":"Feature","properties":{"id":"osm-w684505088","nome":null,"tipo":"parque","area_m2":1184},"geometry":{"type":"Polygon","coordinates":[[[-42.77867,-5.14094],[-42.77885,-5.14127],[-42.77908,-5.14115],[-42.77889,-5.14082],[-42.77867,-5.14094]]]}},{"type":"Feature","properties":{"id":"osm-w684505089","nome":null,"tipo":"parque","area_m2":1328},"geometry":{"type":"Polygon","coordinates":[[[-42.77911,-5.14174],[-42.77933,-5.1421],[-42.77955,-5.14198],[-42.77934,-5.14161],[-42.77911,-5.14174]]]}},{"type":"Feature","properties":{"id":"osm-w684505090","nome":null,"tipo":"parque","area_m2":1425},"geometry":{"type":"Polygon","coordinates":[[[-42.77879,-5.14192],[-42.779,-5.14228],[-42.77924,-5.14214],[-42.77903,-5.14179],[-42.77879,-5.14192]]]}},{"type":"Feature","properties":{"id":"osm-w684505094","nome":null,"tipo":"parque","area_m2":2700},"geometry":{"type":"Polygon","coordinates":[[[-42.77326,-5.13382],[-42.77326,-5.13429],[-42.77293,-5.1343],[-42.77266,-5.13382],[-42.77326,-5.13382]]]}},{"type":"Feature","properties":{"id":"osm-w684511301","nome":null,"tipo":"parque","area_m2":1268},"geometry":{"type":"Polygon","coordinates":[[[-42.78087,-5.14074],[-42.78107,-5.1411],[-42.78129,-5.14098],[-42.78108,-5.14062],[-42.78087,-5.14074]]]}},{"type":"Feature","properties":{"id":"osm-w684511302","nome":null,"tipo":"parque","area_m2":1631},"geometry":{"type":"Polygon","coordinates":[[[-42.78054,-5.14092],[-42.78074,-5.14129],[-42.78102,-5.14114],[-42.7808,-5.14077],[-42.78054,-5.14092]]]}},{"type":"Feature","properties":{"id":"osm-w684511304","nome":null,"tipo":"parque","area_m2":1522},"geometry":{"type":"Polygon","coordinates":[[[-42.77847,-5.13739],[-42.7783,-5.13708],[-42.7786,-5.13691],[-42.77877,-5.13723],[-42.77847,-5.13739]]]}},{"type":"Feature","properties":{"id":"osm-w684511306","nome":null,"tipo":"parque","area_m2":237},"geometry":{"type":"Polygon","coordinates":[[[-42.77751,-5.13495],[-42.77752,-5.13509],[-42.77778,-5.13496],[-42.77751,-5.13495]]]}},{"type":"Feature","properties":{"id":"osm-w684511308","nome":null,"tipo":"parque","area_m2":258},"geometry":{"type":"Polygon","coordinates":[[[-42.77853,-5.13454],[-42.7784,-5.13445],[-42.77826,-5.13469],[-42.77853,-5.13454]]]}},{"type":"Feature","properties":{"id":"osm-w684511324","nome":null,"tipo":"parque","area_m2":2776},"geometry":{"type":"Polygon","coordinates":[[[-42.78263,-5.12705],[-42.78257,-5.12734],[-42.78332,-5.12756],[-42.78339,-5.1273],[-42.78263,-5.12705]]]}},{"type":"Feature","properties":{"id":"osm-w684512824","nome":"Praça da Vitória","tipo":"parque","area_m2":4120},"geometry":{"type":"Polygon","coordinates":[[[-42.78954,-5.15184],[-42.7892,-5.15314],[-42.78942,-5.15327],[-42.78957,-5.15305],[-42.78967,-5.15187],[-42.78954,-5.15184]]]}},{"type":"Feature","properties":{"id":"osm-w684893363","nome":null,"tipo":"parque","area_m2":1408},"geometry":{"type":"Polygon","coordinates":[[[-42.79218,-5.14538],[-42.79209,-5.14568],[-42.79243,-5.14579],[-42.79252,-5.14547],[-42.79218,-5.14538]]]}},{"type":"Feature","properties":{"id":"osm-w684893365","nome":"Praça Vereador Paulo Fortes","tipo":"parque","area_m2":7931},"geometry":{"type":"Polygon","coordinates":[[[-42.79273,-5.14333],[-42.79243,-5.14444],[-42.79328,-5.14469],[-42.79331,-5.14465],[-42.79316,-5.14429],[-42.79297,-5.1434],[-42.79273,-5.14333]]]}},{"type":"Feature","properties":{"id":"osm-w684893366","nome":"Praça da Ação Comunitária","tipo":"parque","area_m2":2225},"geometry":{"type":"Polygon","coordinates":[[[-42.79305,-5.14218],[-42.79274,-5.14326],[-42.79301,-5.14333],[-42.79312,-5.1422],[-42.79305,-5.14218]]]}},{"type":"Feature","properties":{"id":"osm-w684893369","nome":null,"tipo":"parque","area_m2":718},"geometry":{"type":"Polygon","coordinates":[[[-42.79333,-5.14138],[-42.79325,-5.14136],[-42.79307,-5.14205],[-42.79314,-5.14206],[-42.79333,-5.14138]]]}},{"type":"Feature","properties":{"id":"osm-w684893371","nome":"Praça da Fayeira","tipo":"parque","area_m2":1410},"geometry":{"type":"Polygon","coordinates":[[[-42.78672,-5.14214],[-42.78664,-5.14246],[-42.78697,-5.14255],[-42.78705,-5.14223],[-42.78672,-5.14214]]]}},{"type":"Feature","properties":{"id":"osm-w684893372","nome":"Praça da Concórdia","tipo":"parque","area_m2":1403},"geometry":{"type":"Polygon","coordinates":[[[-42.78737,-5.13978],[-42.78728,-5.14009],[-42.78762,-5.14018],[-42.7877,-5.13986],[-42.78737,-5.13978]]]}},{"type":"Feature","properties":{"id":"osm-w684893373","nome":"Praça Sao Pedro","tipo":"parque","area_m2":1361},"geometry":{"type":"Polygon","coordinates":[[[-42.78431,-5.14147],[-42.78423,-5.14177],[-42.78456,-5.14187],[-42.78465,-5.14157],[-42.78431,-5.14147]]]}},{"type":"Feature","properties":{"id":"osm-w684893374","nome":"Praça das Crianças","tipo":"parque","area_m2":3918},"geometry":{"type":"Polygon","coordinates":[[[-42.78497,-5.14036],[-42.78487,-5.14071],[-42.78451,-5.14061],[-42.78438,-5.141],[-42.78402,-5.14089],[-42.78391,-5.14078],[-42.78486,-5.14022],[-42.78497,-5.14036]]]}},{"type":"Feature","properties":{"id":"osm-w684894833","nome":"Praça do Centro de Lazer","tipo":"parque","area_m2":6879},"geometry":{"type":"Polygon","coordinates":[[[-42.79461,-5.13816],[-42.79479,-5.13821],[-42.79399,-5.14083],[-42.79377,-5.14079],[-42.79461,-5.13816]]]}},{"type":"Feature","properties":{"id":"osm-w684894834","nome":"Praça Fernando César","tipo":"parque","area_m2":1825},"geometry":{"type":"Polygon","coordinates":[[[-42.79532,-5.14124],[-42.79564,-5.14127],[-42.79564,-5.14032],[-42.79532,-5.14124]]]}},{"type":"Feature","properties":{"id":"osm-w684894835","nome":"Praça José Eduardo Pereira","tipo":"parque","area_m2":1746},"geometry":{"type":"Polygon","coordinates":[[[-42.7961,-5.13985],[-42.79585,-5.1398],[-42.79618,-5.13876],[-42.7961,-5.13985]]]}},{"type":"Feature","properties":{"id":"osm-w684894837","nome":"Pracinha do Sacy IV","tipo":"parque","area_m2":725},"geometry":{"type":"Polygon","coordinates":[[[-42.80275,-5.13954],[-42.80238,-5.13953],[-42.80239,-5.1394],[-42.80277,-5.13936],[-42.80275,-5.13954]]]}},{"type":"Feature","properties":{"id":"osm-w684894838","nome":"Pracinha do Saci V","tipo":"parque","area_m2":649},"geometry":{"type":"Polygon","coordinates":[[[-42.80367,-5.13947],[-42.80331,-5.13947],[-42.80331,-5.13934],[-42.80367,-5.13931],[-42.80367,-5.13947]]]}},{"type":"Feature","properties":{"id":"osm-w684894840","nome":"Praça da Amizade","tipo":"parque","area_m2":3568},"geometry":{"type":"Polygon","coordinates":[[[-42.79656,-5.13743],[-42.79622,-5.13849],[-42.79652,-5.13859],[-42.79662,-5.13858],[-42.79666,-5.13743],[-42.79656,-5.13743]]]}},{"type":"Feature","properties":{"id":"osm-w684894842","nome":"Praça Chales Delano","tipo":"parque","area_m2":694},"geometry":{"type":"Polygon","coordinates":[[[-42.80329,-5.13686],[-42.80297,-5.13688],[-42.80284,-5.13669],[-42.80315,-5.13669],[-42.80329,-5.13686]]]}},{"type":"Feature","properties":{"id":"osm-w684894843","nome":null,"tipo":"parque","area_m2":1043},"geometry":{"type":"Polygon","coordinates":[[[-42.80188,-5.13668],[-42.80204,-5.13692],[-42.80241,-5.1369],[-42.80227,-5.1367],[-42.80188,-5.13668]]]}},{"type":"Feature","properties":{"id":"osm-w684894844","nome":null,"tipo":"parque","area_m2":850},"geometry":{"type":"Polygon","coordinates":[[[-42.8042,-5.13677],[-42.80382,-5.1368],[-42.80379,-5.13658],[-42.80411,-5.1366],[-42.8042,-5.13677]]]}},{"type":"Feature","properties":{"id":"osm-w684894847","nome":"Praça Bona Medeiros","tipo":"parque","area_m2":2043},"geometry":{"type":"Polygon","coordinates":[[[-42.805,-5.13645],[-42.80499,-5.13665],[-42.80589,-5.13658],[-42.80588,-5.1364],[-42.805,-5.13645]]]}},{"type":"Feature","properties":{"id":"osm-w684894848","nome":"Praça do Mensageiro Burlamaqui","tipo":"parque","area_m2":822},"geometry":{"type":"Polygon","coordinates":[[[-42.80697,-5.13645],[-42.80683,-5.13648],[-42.80682,-5.13572],[-42.80685,-5.13565],[-42.80697,-5.13645]]]}},{"type":"Feature","properties":{"id":"osm-w684897521","nome":"Praça Simplício Mendes","tipo":"parque","area_m2":2817},"geometry":{"type":"Polygon","coordinates":[[[-42.79952,-5.12085],[-42.79925,-5.12148],[-42.79894,-5.12133],[-42.79921,-5.12072],[-42.79952,-5.12085]]]}},{"type":"Feature","properties":{"id":"osm-w684897523","nome":"Praça Maria de Lourdes Rego","tipo":"parque","area_m2":522},"geometry":{"type":"Polygon","coordinates":[[[-42.79033,-5.11458],[-42.7903,-5.11469],[-42.79097,-5.11489],[-42.79033,-5.11458]]]}},{"type":"Feature","properties":{"id":"osm-w684897525","nome":null,"tipo":"parque","area_m2":878},"geometry":{"type":"Polygon","coordinates":[[[-42.78604,-5.11827],[-42.78542,-5.11797],[-42.78531,-5.11796],[-42.78533,-5.11805],[-42.7859,-5.1183],[-42.78604,-5.11827]]]}},{"type":"Feature","properties":{"id":"osm-w684897527","nome":"Praça da Vila da Paz","tipo":"parque","area_m2":1761},"geometry":{"type":"Polygon","coordinates":[[[-42.78456,-5.11271],[-42.78445,-5.11315],[-42.78409,-5.11306],[-42.78414,-5.11287],[-42.78424,-5.11289],[-42.7843,-5.11264],[-42.78456,-5.11271]]]}},{"type":"Feature","properties":{"id":"osm-w684899501","nome":"Praça Madre Savina Petrilli","tipo":"parque","area_m2":2011},"geometry":{"type":"Polygon","coordinates":[[[-42.78643,-5.10262],[-42.78651,-5.10296],[-42.78698,-5.10284],[-42.78688,-5.10251],[-42.78643,-5.10262]]]}},{"type":"Feature","properties":{"id":"osm-w684899502","nome":"Praça Frei Heliodoro","tipo":"parque","area_m2":701},"geometry":{"type":"Polygon","coordinates":[[[-42.78591,-5.10239],[-42.78605,-5.10281],[-42.78615,-5.1023],[-42.78591,-5.10239]]]}},{"type":"Feature","properties":{"id":"osm-w684900851","nome":"Praça da Vermelha","tipo":"parque","area_m2":2930},"geometry":{"type":"Polygon","coordinates":[[[-42.80991,-5.10437],[-42.80975,-5.10473],[-42.81029,-5.10497],[-42.81045,-5.1046],[-42.80991,-5.10437]]]}},{"type":"Feature","properties":{"id":"osm-w684900855","nome":null,"tipo":"parque","area_m2":1221},"geometry":{"type":"Polygon","coordinates":[[[-42.80531,-5.10259],[-42.80517,-5.10267],[-42.80481,-5.10204],[-42.80488,-5.10194],[-42.80531,-5.10259]]]}},{"type":"Feature","properties":{"id":"osm-w684901901","nome":"Parque Amb Miriam Portela","tipo":"parque","area_m2":4579},"geometry":{"type":"Polygon","coordinates":[[[-42.80236,-5.10605],[-42.80218,-5.10649],[-42.80147,-5.10616],[-42.80167,-5.10572],[-42.80236,-5.10605]]]}},{"type":"Feature","properties":{"id":"osm-w684902970","nome":null,"tipo":"parque","area_m2":949},"geometry":{"type":"Polygon","coordinates":[[[-42.78959,-5.09326],[-42.78941,-5.0932],[-42.78948,-5.09307],[-42.78949,-5.09284],[-42.78954,-5.09268],[-42.78963,-5.09276],[-42.78965,-5.09283],[-42.78959,-5.09326]]]}},{"type":"Feature","properties":{"id":"osm-w685013632","nome":"Praça Três Corações","tipo":"parque","area_m2":798},"geometry":{"type":"Polygon","coordinates":[[[-42.80781,-5.06745],[-42.80775,-5.06768],[-42.80801,-5.06777],[-42.80808,-5.06755],[-42.80781,-5.06745]]]}},{"type":"Feature","properties":{"id":"osm-w685013638","nome":"Praça das Palmeiras","tipo":"parque","area_m2":7876},"geometry":{"type":"Polygon","coordinates":[[[-42.83252,-5.07187],[-42.83271,-5.07039],[-42.83346,-5.07062],[-42.83261,-5.07189],[-42.83252,-5.07187]]]}},{"type":"Feature","properties":{"id":"osm-w685013640","nome":"Praça da Saúde","tipo":"parque","area_m2":3333},"geometry":{"type":"Polygon","coordinates":[[[-42.83189,-5.06266],[-42.83186,-5.06288],[-42.83272,-5.06308],[-42.83283,-5.06271],[-42.83189,-5.06266]]]}},{"type":"Feature","properties":{"id":"osm-w685016843","nome":"Praça da Paz","tipo":"parque","area_m2":2922},"geometry":{"type":"Polygon","coordinates":[[[-42.82605,-5.04654],[-42.82542,-5.04779],[-42.82578,-5.04744],[-42.82594,-5.04725],[-42.82623,-5.04666],[-42.82605,-5.04654]]]}},{"type":"Feature","properties":{"id":"osm-w685016844","nome":"Praça Mário Basílio","tipo":"parque","area_m2":1216},"geometry":{"type":"Polygon","coordinates":[[[-42.81672,-5.06654],[-42.81667,-5.06663],[-42.81748,-5.06704],[-42.81753,-5.06694],[-42.81672,-5.06654]]]}},{"type":"Feature","properties":{"id":"osm-w685016851","nome":null,"tipo":"parque","area_m2":450},"geometry":{"type":"Polygon","coordinates":[[[-42.81245,-5.05816],[-42.81228,-5.05809],[-42.81226,-5.05851],[-42.81245,-5.05816]]]}},{"type":"Feature","properties":{"id":"osm-w685019355","nome":null,"tipo":"parque","area_m2":922},"geometry":{"type":"Polygon","coordinates":[[[-42.80786,-5.0417],[-42.80759,-5.04151],[-42.80747,-5.04142],[-42.80742,-5.0415],[-42.80754,-5.04162],[-42.80774,-5.04192],[-42.80786,-5.0417]]]}},{"type":"Feature","properties":{"id":"osm-w686349704","nome":null,"tipo":"parque","area_m2":1759374},"geometry":{"type":"Polygon","coordinates":[[[-42.71909,-5.00002],[-42.71917,-4.99994],[-42.71929,-5.00005],[-42.72217,-5.00061],[-42.72379,-5.00124],[-42.72443,-5.00124],[-42.72615,-5.00109],[-42.72754,-5.00085],[-42.7271,-4.9998],[-42.72666,-4.99861],[-42.72796,-4.99815],[-42.72871,-4.99795],[-42.72897,-4.99777],[-42.72899,-4.99741],[-42.72945,-4.99689],[-42.72991,-4.99672],[-42.73064,-4.99658],[-42.73155,-4.99627],[-42.73092,-4.9949],[-42.73037,-4.99341],[-42.72986,-4.99354],[-42.72966,-4.99326],[-42.72939,-4.99331],[-42.7291,-4.99207],[-42.7288,-4.99212],[-42.72865,-4.99119],[-42.72877,-4.99113],[-42.72884,-4.99085],[-42.72891,-4.99085],[-42.72911,-4.99042],[-42.71595,-4.99015],[-42.71467,-4.9943],[-42.7156,-4.99438],[-42.7155,-4.9948],[-42.71562,-4.99484],[-42.7157,-4.99495],[-42.71546,-4.99564],[-42.71506,-4.99646],[-42.71477,-4.99738],[-42.71515,-4.99754],[-42.71503,-4.99826],[-42.71463,-4.99917],[-42.71422,-4.999],[-42.71409,-4.99939],[-42.71479,-4.9995],[-42.71595,-4.99963],[-42.71599,-4.99951],[-42.71652,-4.99958],[-42.71647,-4.99972],[-42.71766,-4.99983],[-42.7185,-4.99967],[-42.71834,-5.00021],[-42.71909,-5.00002]]]}},{"type":"Feature","properties":{"id":"osm-w686351799","nome":null,"tipo":"bosque","area_m2":591540},"geometry":{"type":"Polygon","coordinates":[[[-42.83413,-5.05357],[-42.83456,-5.05386],[-42.83471,-5.05387],[-42.83506,-5.0538],[-42.83515,-5.05401],[-42.83513,-5.05412],[-42.83516,-5.05423],[-42.83523,-5.05437],[-42.83534,-5.05441],[-42.83551,-5.05441],[-42.83557,-5.05436],[-42.83556,-5.0542],[-42.83563,-5.05414],[-42.83555,-5.05396],[-42.83568,-5.05389],[-42.8357,-5.05379],[-42.83562,-5.05376],[-42.83565,-5.05358],[-42.83572,-5.05349],[-42.83582,-5.05345],[-42.83587,-5.05327],[-42.83587,-5.05301],[-42.83575,-5.05292],[-42.83576,-5.05275],[-42.83587,-5.05249],[-42.83589,-5.05236],[-42.83575,-5.05224],[-42.83577,-5.05205],[-42.83584,-5.05191],[-42.8358,-5.05163],[-42.83585,-5.05142],[-42.83575,-5.05127],[-42.83586,-5.05118],[-42.83613,-5.05111],[-42.83622,-5.05115],[-42.83624,-5.051],[-42.8361,-5.05084],[-42.83605,-5.0507],[-42.83611,-5.0506],[-42.8363,-5.05057],[-42.83658,-5.05059],[-42.83664,-5.05056],[-42.83706,-5.05069],[-42.83723,-5.05067],[-42.83723,-5.05072],[-42.83734,-5.05075],[-42.83738,-5.05067],[-42.83741,-5.05041],[-42.8375,-5.05018],[-42.83748,-5.05007],[-42.83739,-5.05003],[-42.83732,-5.05005],[-42.83716,-5.04996],[-42.83699,-5.04997],[-42.83694,-5.04992],[-42.83677,-5.04985],[-42.83659,-5.04989],[-42.83644,-5.04982],[-42.83643,-5.04974],[-42.83636,-5.04971],[-42.83629,-5.04963],[-42.83637,-5.04948],[-42.83649,-5.04945],[-42.8365,-5.04941],[-42.83646,-5.04936],[-42.83633,-5.04932],[-42.83626,-5.04923],[-42.83625,-5.04916],[-42.83629,-5.04907],[-42.83657,-5.04907],[-42.83668,-5.04903],[-42.83674,-5.04906],[-42.83696,-5.04896],[-42.83714,-5.04894],[-42.83723,-5.04888],[-42.83705,-5.04874],[-42.83695,-5.04875],[-42.83684,-5.04882],[-42.83666,-5.04883],[-42.83631,-5.04875],[-42.83627,-5.04865],[-42.83617,-5.04856],[-42.83613,-5.04847],[-42.83621,-5.04836],[-42.83653,-5.04839],[-42.83659,-5.04836],[-42.8366,-5.04829],[-42.83652,-5.04821],[-42.83645,-5.04821],[-42.83639,-5.04813],[-42.83646,-5.04806],[-42.83667,-5.04811],[-42.83676,-5.04804],[-42.83685,-5.04789],[-42.83675,-5.04755],[-42.83678,-5.04736],[-42.83671,-5.04723],[-42.83674,-5.04719],[-42.83675,-5.04708],[-42.83669,-5.04707],[-42.83674,-5.04687],[-42.83672,-5.04678],[-42.83669,-5.04674],[-42.83657,-5.04669],[-42.83641,-5.04673],[-42.83635,-5.04666],[-42.83628,-5.04665],[-42.83628,-5.04654],[-42.8365,-5.04653],[-42.83683,-5.04641],[-42.83693,-5.04643],[-42.8371,-5.0463],[-42.83735,-5.04638],[-42.83757,-5.04638],[-42.83779,-5.04647],[-42.83768,-5.0462],[-42.83743,-5.04623],[-42.83728,-5.04616],[-42.83731,-5.04606],[-42.83744,-5.04599],[-42.83764,-5.04566],[-42.83761,-5.0456],[-42.83767,-5.04555],[-42.83773,-5.04543],[-42.83771,-5.04534],[-42.83766,-5.0453],[-42.83755,-5.0453],[-42.83729,-5.04534],[-42.83715,-5.04529],[-42.83701,-5.04527],[-42.83688,-5.0453],[-42.8368,-5.04525],[-42.83696,-5.04515],[-42.83713,-5.04498],[-42.83722,-5.04502],[-42.83736,-5.045],[-42.8376,-5.04484],[-42.83761,-5.04477],[-42.83752,-5.04469],[-42.83748,-5.04459],[-42.83773,-5.04451],[-42.83778,-5.04446],[-42.83781,-5.04392],[-42.83776,-5.04379],[-42.83746,-5.04368],[-42.83738,-5.0435],[-42.83738,-5.04335],[-42.83768,-5.04329],[-42.83776,-5.04321],[-42.83773,-5.04315],[-42.83764,-5.04309],[-42.83761,-5.04298],[-42.83775,-5.04283],[-42.83768,-5.04271],[-42.8374,-5.0427],[-42.83732,-5.0426],[-42.8372,-5.0426],[-42.83716,-5.04257],[-42.83716,-5.04248],[-42.83722,-5.04242],[-42.83738,-5.04247],[-42.83746,-5.04243],[-42.83756,-5.04243],[-42.83763,-5.04247],[-42.83785,-5.04244],[-42.8379,-5.04239],[-42.83777,-5.04235],[-42.83774,-5.04224],[-42.83762,-5.04221],[-42.83758,-5.04216],[-42.83762,-5.04214],[-42.83784,-5.04216],[-42.83789,-5.0421],[-42.83791,-5.04184],[-42.83789,-5.0417],[-42.83756,-5.04156],[-42.83731,-5.04153],[-42.83709,-5.04146],[-42.83662,-5.0415],[-42.83626,-5.04137],[-42.8362,-5.04133],[-42.8362,-5.04127],[-42.83635,-5.04129],[-42.83645,-5.04135],[-42.83676,-5.04133],[-42.83711,-5.04137],[-42.83781,-5.04151],[-42.83786,-5.04144],[-42.83794,-5.04143],[-42.83812,-5.04129],[-42.83818,-5.0412],[-42.83811,-5.04102],[-42.83811,-5.04053],[-42.83813,-5.04025],[-42.83825,-5.04017],[-42.83831,-5.04007],[-42.83829,-5.03992],[-42.83836,-5.03966],[-42.83827,-5.03946],[-42.83833,-5.0394],[-42.83837,-5.03926],[-42.83825,-5.03901],[-42.8383,-5.03874],[-42.83847,-5.03853],[-42.83843,-5.03844],[-42.83847,-5.03836],[-42.8385,-5.03809],[-42.83842,-5.03792],[-42.83831,-5.0378],[-42.83839,-5.0376],[-42.83853,-5.03753],[-42.83862,-5.03703],[-42.83869,-5.03702],[-42.83871,-5.03687],[-42.83864,-5.03683],[-42.83866,-5.03651],[-42.83862,-5.03625],[-42.83836,-5.03629],[-42.83832,-5.03609],[-42.83869,-5.03602],[-42.83872,-5.03589],[-42.83869,-5.03577],[-42.83855,-5.03561],[-42.83846,-5.03556],[-42.83801,-5.03555],[-42.83589,-5.03583],[-42.83479,-5.03606],[-42.83415,-5.03629],[-42.83407,-5.03691],[-42.83411,-5.03768],[-42.83399,-5.03852],[-42.8343,-5.03932],[-42.83443,-5.0394],[-42.83439,-5.03958],[-42.83419,-5.03961],[-42.83417,-5.03967],[-42.83431,-5.03965],[-42.83434,-5.03968],[-42.83436,-5.03976],[-42.83481,-5.04007],[-42.8348,-5.04019],[-42.83472,-5.04019],[-42.83453,-5.04024],[-42.83454,-5.04035],[-42.83447,-5.04044],[-42.83447,-5.04051],[-42.83433,-5.04055],[-42.83432,-5.0406],[-42.83428,-5.04063],[-42.8343,-5.04082],[-42.83455,-5.04088],[-42.83461,-5.04099],[-42.83455,-5.04107],[-42.83448,-5.04107],[-42.83439,-5.04116],[-42.83438,-5.0413],[-42.83443,-5.04136],[-42.83458,-5.0414],[-42.83489,-5.04117],[-42.83503,-5.04124],[-42.83517,-5.04137],[-42.83521,-5.04132],[-42.83547,-5.04124],[-42.83558,-5.04132],[-42.83573,-5.04129],[-42.8358,-5.04132],[-42.83618,-5.04127],[-42.83618,-5.04131],[-42.83607,-5.04136],[-42.83592,-5.0414],[-42.83582,-5.0414],[-42.83564,-5.04147],[-42.83562,-5.04183],[-42.83554,-5.04177],[-42.83552,-5.04165],[-42.8354,-5.04153],[-42.83531,-5.04153],[-42.83516,-5.04165],[-42.83513,-5.04173],[-42.83481,-5.04179],[-42.83464,-5.04178],[-42.83441,-5.04181],[-42.83444,-5.042],[-42.83447,-5.04205],[-42.83455,-5.04205],[-42.83465,-5.04233],[-42.83475,-5.04283],[-42.8347,-5.04291],[-42.83477,-5.0431],[-42.83485,-5.0431],[-42.83488,-5.04314],[-42.83495,-5.04348],[-42.83502,-5.04367],[-42.8351,-5.04375],[-42.83517,-5.04378],[-42.83529,-5.04376],[-42.83534,-5.04381],[-42.83534,-5.04389],[-42.83522,-5.04394],[-42.83525,-5.04399],[-42.83539,-5.04401],[-42.83543,-5.04429],[-42.83549,-5.04432],[-42.8355,-5.0444],[-42.83561,-5.04444],[-42.83566,-5.04451],[-42.83545,-5.04467],[-42.83543,-5.04472],[-42.83536,-5.04472],[-42.8353,-5.04477],[-42.83529,-5.04483],[-42.83562,-5.04488],[-42.83568,-5.04494],[-42.83566,-5.04507],[-42.83574,-5.04518],[-42.8357,-5.04526],[-42.83558,-5.04531],[-42.83545,-5.04544],[-42.83535,-5.04542],[-42.83527,-5.0455],[-42.8353,-5.04567],[-42.83526,-5.04589],[-42.83518,-5.04587],[-42.83508,-5.04601],[-42.83509,-5.04617],[-42.83517,-5.04625],[-42.8352,-5.04639],[-42.83517,-5.04656],[-42.83511,-5.04667],[-42.83503,-5.04671],[-42.83501,-5.04689],[-42.83505,-5.04694],[-42.83493,-5.04705],[-42.83493,-5.04713],[-42.83499,-5.04721],[-42.83501,-5.04731],[-42.83512,-5.04739],[-42.83511,-5.04746],[-42.83494,-5.04747],[-42.83497,-5.04753],[-42.83515,-5.04763],[-42.83543,-5.04768],[-42.8356,-5.04785],[-42.83553,-5.04799],[-42.83566,-5.048],[-42.83566,-5.04828],[-42.83562,-5.0484],[-42.83566,-5.04841],[-42.83571,-5.04857],[-42.83568,-5.0487],[-42.83543,-5.0487],[-42.8354,-5.04866],[-42.83522,-5.04864],[-42.83504,-5.04866],[-42.83491,-5.04864],[-42.83483,-5.04867],[-42.83478,-5.04883],[-42.83482,-5.04896],[-42.83458,-5.0492],[-42.83461,-5.04925],[-42.83474,-5.04931],[-42.83479,-5.0494],[-42.83473,-5.04942],[-42.83464,-5.04941],[-42.83458,-5.04945],[-42.83459,-5.04953],[-42.83463,-5.04957],[-42.83456,-5.04992],[-42.83461,-5.05003],[-42.83454,-5.0502],[-42.8346,-5.05033],[-42.83463,-5.05053],[-42.83455,-5.05074],[-42.83471,-5.05094],[-42.83473,-5.05109],[-42.83461,-5.0511],[-42.83462,-5.05124],[-42.83471,-5.05125],[-42.8347,-5.05139],[-42.83466,-5.05142],[-42.83462,-5.05156],[-42.83473,-5.05197],[-42.83484,-5.05215],[-42.83483,-5.05244],[-42.8345,-5.05253],[-42.83481,-5.05277],[-42.8349,-5.05298],[-42.83485,-5.05301],[-42.83482,-5.05318],[-42.83489,-5.05339],[-42.83481,-5.05343],[-42.83488,-5.05352],[-42.83498,-5.05356],[-42.83499,-5.05369],[-42.83459,-5.05376],[-42.83397,-5.05335],[-42.83377,-5.05338],[-42.83315,-5.05356],[-42.83306,-5.05354],[-42.83284,-5.05311],[-42.83268,-5.05309],[-42.83275,-5.05299],[-42.83274,-5.05285],[-42.8326,-5.05255],[-42.83249,-5.05246],[-42.83243,-5.05236],[-42.83239,-5.05208],[-42.83229,-5.0519],[-42.83226,-5.05175],[-42.83211,-5.05175],[-42.83205,-5.05177],[-42.83202,-5.05187],[-42.83204,-5.05232],[-42.83213,-5.05256],[-42.83204,-5.05292],[-42.83218,-5.05302],[-42.83201,-5.05311],[-42.83198,-5.05345],[-42.83216,-5.05344],[-42.83214,-5.05355],[-42.83202,-5.05356],[-42.83195,-5.05377],[-42.83212,-5.05379],[-42.83212,-5.05391],[-42.83196,-5.05392],[-42.83196,-5.05401],[-42.83209,-5.054],[-42.83211,-5.05433],[-42.83217,-5.05433],[-42.83218,-5.05445],[-42.83242,-5.05443],[-42.83247,-5.05451],[-42.83255,-5.05446],[-42.83251,-5.05436],[-42.8325,-5.05411],[-42.83256,-5.05391],[-42.83258,-5.0537],[-42.83291,-5.05366],[-42.83305,-5.05371],[-42.83393,-5.05347],[-42.83413,-5.05357]]]}},{"type":"Feature","properties":{"id":"osm-w686355889","nome":"Praça Itaperu","tipo":"parque","area_m2":4124},"geometry":{"type":"Polygon","coordinates":[[[-42.8222,-5.04628],[-42.82192,-5.04686],[-42.82243,-5.04712],[-42.82267,-5.04673],[-42.8222,-5.04628]]]}},{"type":"Feature","properties":{"id":"osm-w694095470","nome":"Praça Dr. Walter Ribeiro Moura","tipo":"parque","area_m2":250},"geometry":{"type":"Polygon","coordinates":[[[-42.80657,-5.09564],[-42.80671,-5.09582],[-42.80654,-5.09583],[-42.8065,-5.09579],[-42.80657,-5.09564]]]}},{"type":"Feature","properties":{"id":"osm-w731148693","nome":null,"tipo":"parque","area_m2":3341},"geometry":{"type":"Polygon","coordinates":[[[-42.81183,-5.10956],[-42.81176,-5.10957],[-42.81172,-5.10953],[-42.812,-5.10781],[-42.81207,-5.10766],[-42.81214,-5.10764],[-42.81236,-5.10772],[-42.81239,-5.10779],[-42.81213,-5.10809],[-42.81202,-5.10833],[-42.81183,-5.10956]]]}},{"type":"Feature","properties":{"id":"osm-w734791583","nome":"Praça Zezinho Holanda","tipo":"parque","area_m2":4271},"geometry":{"type":"Polygon","coordinates":[[[-42.79065,-5.09845],[-42.79064,-5.09882],[-42.78965,-5.09831],[-42.78968,-5.09799],[-42.79065,-5.09845]]]}},{"type":"Feature","properties":{"id":"osm-w734791585","nome":null,"tipo":"praca","area_m2":1176},"geometry":{"type":"Polygon","coordinates":[[[-42.81193,-5.09098],[-42.81183,-5.09118],[-42.81146,-5.091],[-42.81157,-5.0908],[-42.81193,-5.09098]]]}},{"type":"Feature","properties":{"id":"osm-w736376392","nome":null,"tipo":"parque","area_m2":1218},"geometry":{"type":"Polygon","coordinates":[[[-42.79226,-5.05855],[-42.79227,-5.05864],[-42.79223,-5.05872],[-42.79211,-5.05878],[-42.79198,-5.05875],[-42.79192,-5.05863],[-42.79194,-5.05851],[-42.79205,-5.05843],[-42.79218,-5.05845],[-42.79226,-5.05855]]]}},{"type":"Feature","properties":{"id":"osm-w736376877","nome":null,"tipo":"parque","area_m2":1377},"geometry":{"type":"Polygon","coordinates":[[[-42.80423,-5.06256],[-42.80412,-5.06247],[-42.8041,-5.06233],[-42.80419,-5.06222],[-42.80434,-5.0622],[-42.80445,-5.06229],[-42.80447,-5.06243],[-42.80438,-5.06255],[-42.80423,-5.06256]]]}},{"type":"Feature","properties":{"id":"osm-w736378864","nome":null,"tipo":"parque","area_m2":719},"geometry":{"type":"Polygon","coordinates":[[[-42.74866,-5.05657],[-42.74859,-5.05648],[-42.74849,-5.05644],[-42.74842,-5.05645],[-42.74838,-5.05653],[-42.74841,-5.05663],[-42.74853,-5.0567],[-42.74863,-5.05669],[-42.74867,-5.05665],[-42.74866,-5.05657]]]}},{"type":"Feature","properties":{"id":"osm-w736378865","nome":null,"tipo":"parque","area_m2":1615},"geometry":{"type":"Polygon","coordinates":[[[-42.79455,-5.06226],[-42.79464,-5.06221],[-42.79471,-5.06224],[-42.79475,-5.06234],[-42.79473,-5.06248],[-42.79466,-5.06259],[-42.79446,-5.06275],[-42.79431,-5.06316],[-42.79428,-5.06317],[-42.7944,-5.06265],[-42.79455,-5.06226]]]}},{"type":"Feature","properties":{"id":"osm-w752711875","nome":null,"tipo":"parque","area_m2":3785},"geometry":{"type":"Polygon","coordinates":[[[-42.80143,-5.07006],[-42.8016,-5.06974],[-42.80114,-5.06955],[-42.80106,-5.06954],[-42.80097,-5.06958],[-42.80091,-5.06972],[-42.80092,-5.06987],[-42.80095,-5.07002],[-42.80107,-5.07016],[-42.80119,-5.07018],[-42.80133,-5.07013],[-42.80143,-5.07006]]]}},{"type":"Feature","properties":{"id":"osm-w752711876","nome":null,"tipo":"parque","area_m2":4685},"geometry":{"type":"Polygon","coordinates":[[[-42.82384,-5.0851],[-42.82372,-5.08506],[-42.82364,-5.08507],[-42.82354,-5.08514],[-42.82348,-5.08524],[-42.82357,-5.0858],[-42.82362,-5.08588],[-42.82372,-5.08593],[-42.82384,-5.08592],[-42.824,-5.08576],[-42.82406,-5.08563],[-42.82406,-5.08547],[-42.82401,-5.08532],[-42.82384,-5.0851]]]}},{"type":"Feature","properties":{"id":"osm-w767319118","nome":"Praça do Ferroviário","tipo":"bosque","area_m2":2534},"geometry":{"type":"Polygon","coordinates":[[[-42.80464,-5.08378],[-42.80447,-5.08369],[-42.805,-5.08301],[-42.80521,-5.08318],[-42.80464,-5.08378]]]}},{"type":"Feature","properties":{"id":"osm-w767321076","nome":null,"tipo":"bosque","area_m2":704},"geometry":{"type":"Polygon","coordinates":[[[-42.80621,-5.08209],[-42.80619,-5.08206],[-42.80571,-5.08237],[-42.80583,-5.08249],[-42.80621,-5.08209]]]}},{"type":"Feature","properties":{"id":"osm-w768952254","nome":"Praça da União","tipo":"parque","area_m2":1662},"geometry":{"type":"Polygon","coordinates":[[[-42.78588,-5.14189],[-42.78553,-5.14179],[-42.78543,-5.14214],[-42.78579,-5.14224],[-42.78588,-5.14189]]]}},{"type":"Feature","properties":{"id":"osm-w769095769","nome":null,"tipo":"bosque","area_m2":2337},"geometry":{"type":"Polygon","coordinates":[[[-42.78016,-5.14171],[-42.77978,-5.14194],[-42.77999,-5.1423],[-42.78038,-5.14209],[-42.78016,-5.14171]]]}},{"type":"Feature","properties":{"id":"osm-w769099959","nome":"Praça da Feira Comunitária do Promorar","tipo":"parque","area_m2":2647},"geometry":{"type":"Polygon","coordinates":[[[-42.78753,-5.15008],[-42.78716,-5.15001],[-42.78741,-5.14913],[-42.78751,-5.14933],[-42.78753,-5.14944],[-42.78753,-5.15008]]]}},{"type":"Feature","properties":{"id":"osm-w769101366","nome":null,"tipo":"parque","area_m2":3672},"geometry":{"type":"Polygon","coordinates":[[[-42.79339,-5.14486],[-42.79279,-5.14468],[-42.7927,-5.14505],[-42.79363,-5.14531],[-42.79339,-5.14486]]]}},{"type":"Feature","properties":{"id":"osm-w769109899","nome":null,"tipo":"bosque","area_m2":486278},"geometry":{"type":"Polygon","coordinates":[[[-42.78112,-5.13177],[-42.78101,-5.13097],[-42.78083,-5.13065],[-42.78085,-5.13029],[-42.78043,-5.12997],[-42.78018,-5.12932],[-42.77987,-5.12895],[-42.77987,-5.12842],[-42.78022,-5.12792],[-42.78124,-5.12847],[-42.78183,-5.12924],[-42.78238,-5.12947],[-42.78276,-5.12895],[-42.78239,-5.12868],[-42.78246,-5.12838],[-42.78166,-5.12811],[-42.78166,-5.12778],[-42.77999,-5.12661],[-42.77897,-5.12611],[-42.77873,-5.12486],[-42.77756,-5.12463],[-42.77746,-5.12394],[-42.77874,-5.12414],[-42.78158,-5.12433],[-42.78191,-5.12542],[-42.78232,-5.1252],[-42.78368,-5.12566],[-42.78396,-5.12546],[-42.78439,-5.12404],[-42.78409,-5.12382],[-42.78178,-5.12378],[-42.78125,-5.12303],[-42.78042,-5.12234],[-42.77971,-5.12121],[-42.77948,-5.12049],[-42.77709,-5.11953],[-42.77677,-5.11913],[-42.77682,-5.11905],[-42.77659,-5.11874],[-42.77629,-5.11909],[-42.77677,-5.11938],[-42.77688,-5.11976],[-42.77678,-5.11996],[-42.7766,-5.12],[-42.77596,-5.11956],[-42.77536,-5.12027],[-42.7758,-5.12038],[-42.77641,-5.12084],[-42.77529,-5.1209],[-42.7741,-5.12156],[-42.77406,-5.12181],[-42.77424,-5.12239],[-42.7736,-5.12296],[-42.77378,-5.12332],[-42.7735,-5.1238],[-42.77453,-5.12436],[-42.77568,-5.12427],[-42.77587,-5.12382],[-42.77629,-5.12354],[-42.77686,-5.12395],[-42.77705,-5.12518],[-42.77757,-5.12546],[-42.7767,-5.12725],[-42.77628,-5.12707],[-42.77593,-5.12717],[-42.77619,-5.12742],[-42.77561,-5.12834],[-42.77579,-5.1286],[-42.77662,-5.12747],[-42.77724,-5.1273],[-42.77803,-5.12565],[-42.77869,-5.12603],[-42.77952,-5.12705],[-42.77947,-5.12826],[-42.77917,-5.12885],[-42.77912,-5.12981],[-42.779,-5.13019],[-42.77887,-5.13043],[-42.7789,-5.13097],[-42.77917,-5.13061],[-42.77922,-5.13027],[-42.77945,-5.12981],[-42.77966,-5.1296],[-42.77994,-5.12978],[-42.77994,-5.13009],[-42.77999,-5.13035],[-42.78027,-5.13045],[-42.78053,-5.13069],[-42.78046,-5.13123],[-42.78055,-5.13145],[-42.78082,-5.1315],[-42.78112,-5.13177]]]}},{"type":"Feature","properties":{"id":"osm-w770546031","nome":null,"tipo":"bosque","area_m2":8366},"geometry":{"type":"Polygon","coordinates":[[[-42.79107,-5.11977],[-42.79125,-5.11924],[-42.79113,-5.11913],[-42.79092,-5.11916],[-42.79096,-5.11903],[-42.79091,-5.11898],[-42.79067,-5.11902],[-42.79061,-5.11909],[-42.79054,-5.11901],[-42.79061,-5.11899],[-42.79058,-5.11891],[-42.79024,-5.11875],[-42.79025,-5.1188],[-42.78994,-5.11865],[-42.78982,-5.11909],[-42.79052,-5.11934],[-42.79047,-5.11953],[-42.79069,-5.11957],[-42.79101,-5.1195],[-42.79091,-5.11972],[-42.79107,-5.11977]]]}},{"type":"Feature","properties":{"id":"osm-w770546032","nome":null,"tipo":"bosque","area_m2":49360},"geometry":{"type":"Polygon","coordinates":[[[-42.78956,-5.11902],[-42.78937,-5.11892],[-42.78917,-5.11896],[-42.78916,-5.11885],[-42.78931,-5.1187],[-42.7891,-5.11852],[-42.78857,-5.11839],[-42.78831,-5.1182],[-42.78796,-5.11818],[-42.78756,-5.11805],[-42.78758,-5.11764],[-42.7875,-5.11744],[-42.78723,-5.11767],[-42.78699,-5.11776],[-42.78701,-5.11834],[-42.7872,-5.11867],[-42.78719,-5.11878],[-42.78671,-5.11855],[-42.78679,-5.11852],[-42.78675,-5.11841],[-42.78662,-5.11831],[-42.78683,-5.11784],[-42.78689,-5.11759],[-42.78639,-5.1168],[-42.78594,-5.11651],[-42.78566,-5.11695],[-42.78594,-5.11714],[-42.78619,-5.11741],[-42.7862,-5.11754],[-42.78573,-5.11731],[-42.78536,-5.11724],[-42.78493,-5.11696],[-42.78498,-5.11623],[-42.78468,-5.11605],[-42.78448,-5.11554],[-42.78455,-5.11531],[-42.78478,-5.11534],[-42.78492,-5.11594],[-42.78527,-5.11594],[-42.78535,-5.11612],[-42.78531,-5.11618],[-42.78536,-5.11628],[-42.78591,-5.11617],[-42.78636,-5.11628],[-42.78677,-5.11652],[-42.78691,-5.11665],[-42.78683,-5.11706],[-42.78707,-5.11736],[-42.78736,-5.11699],[-42.78772,-5.11712],[-42.78795,-5.11748],[-42.78912,-5.11786],[-42.78941,-5.118],[-42.78947,-5.11832],[-42.78978,-5.11842],[-42.78956,-5.11902]]]}},{"type":"Feature","properties":{"id":"osm-w771191913","nome":null,"tipo":"parque","area_m2":3726},"geometry":{"type":"Polygon","coordinates":[[[-42.7792,-5.08981],[-42.77923,-5.08967],[-42.77917,-5.08957],[-42.77907,-5.08953],[-42.77895,-5.08955],[-42.7788,-5.08963],[-42.77862,-5.08978],[-42.77849,-5.08999],[-42.7785,-5.09011],[-42.77861,-5.0902],[-42.77876,-5.09019],[-42.7792,-5.08981]]]}},{"type":"Feature","properties":{"id":"osm-w779150450","nome":null,"tipo":"bosque","area_m2":973},"geometry":{"type":"Polygon","coordinates":[[[-42.77972,-5.14197],[-42.77958,-5.14204],[-42.7797,-5.1423],[-42.77982,-5.14244],[-42.77996,-5.14237],[-42.77972,-5.14197]]]}},{"type":"Feature","properties":{"id":"osm-w779168312","nome":null,"tipo":"praca","area_m2":260},"geometry":{"type":"Polygon","coordinates":[[[-42.80239,-5.07879],[-42.80209,-5.07891],[-42.80221,-5.079],[-42.80239,-5.07879]]]}},{"type":"Feature","properties":{"id":"osm-w779342596","nome":null,"tipo":"parque","area_m2":7475},"geometry":{"type":"Polygon","coordinates":[[[-42.77437,-5.08108],[-42.77429,-5.08117],[-42.77406,-5.08126],[-42.77284,-5.08136],[-42.77153,-5.08152],[-42.77155,-5.08161],[-42.77164,-5.08162],[-42.77345,-5.08153],[-42.77463,-5.08144],[-42.77444,-5.08129],[-42.77437,-5.08108]]]}},{"type":"Feature","properties":{"id":"osm-w781332866","nome":null,"tipo":"bosque","area_m2":369763},"geometry":{"type":"Polygon","coordinates":[[[-42.7741,-5.13723],[-42.77426,-5.13747],[-42.77395,-5.13762],[-42.77385,-5.13749],[-42.77329,-5.13754],[-42.77294,-5.1377],[-42.77287,-5.13792],[-42.77288,-5.13807],[-42.7727,-5.13826],[-42.77256,-5.13832],[-42.77244,-5.13807],[-42.77267,-5.1378],[-42.77254,-5.13759],[-42.77246,-5.13719],[-42.77249,-5.137],[-42.77238,-5.13697],[-42.77215,-5.13655],[-42.77225,-5.13641],[-42.77206,-5.1363],[-42.77203,-5.13621],[-42.77185,-5.13634],[-42.77152,-5.13605],[-42.77158,-5.13596],[-42.77152,-5.13577],[-42.7714,-5.13565],[-42.77128,-5.13565],[-42.77138,-5.1352],[-42.77117,-5.13509],[-42.77101,-5.13522],[-42.7708,-5.13514],[-42.77061,-5.13491],[-42.77051,-5.13456],[-42.77035,-5.13445],[-42.76936,-5.13492],[-42.76857,-5.13371],[-42.76797,-5.13232],[-42.76727,-5.13165],[-42.76674,-5.13199],[-42.76503,-5.13028],[-42.76412,-5.1286],[-42.76378,-5.12751],[-42.76372,-5.12711],[-42.76476,-5.12662],[-42.76607,-5.12609],[-42.76621,-5.1264],[-42.76718,-5.12806],[-42.76753,-5.12838],[-42.76835,-5.1275],[-42.76911,-5.12837],[-42.76956,-5.12877],[-42.76934,-5.12914],[-42.76886,-5.12876],[-42.76864,-5.1291],[-42.76901,-5.12967],[-42.76922,-5.12984],[-42.76864,-5.13032],[-42.76891,-5.13077],[-42.76919,-5.13075],[-42.76945,-5.13086],[-42.76918,-5.13135],[-42.76983,-5.1322],[-42.77,-5.13228],[-42.77041,-5.13265],[-42.7707,-5.13302],[-42.77079,-5.13326],[-42.77093,-5.13332],[-42.77124,-5.13358],[-42.77117,-5.13397],[-42.77127,-5.13463],[-42.77166,-5.1347],[-42.77203,-5.1352],[-42.77233,-5.13583],[-42.77235,-5.13615],[-42.77248,-5.13634],[-42.77264,-5.13636],[-42.7727,-5.13632],[-42.773,-5.13649],[-42.7735,-5.13636],[-42.77368,-5.13658],[-42.77345,-5.13676],[-42.77364,-5.13712],[-42.77378,-5.13713],[-42.7741,-5.13723]]]}},{"type":"Feature","properties":{"id":"osm-w781332867","nome":null,"tipo":"bosque","area_m2":31536},"geometry":{"type":"Polygon","coordinates":[[[-42.77236,-5.13379],[-42.77245,-5.13374],[-42.77253,-5.13352],[-42.77261,-5.13344],[-42.77259,-5.13326],[-42.77271,-5.13311],[-42.77275,-5.13299],[-42.7725,-5.1327],[-42.77238,-5.1325],[-42.77231,-5.13226],[-42.77245,-5.13216],[-42.77219,-5.132],[-42.77226,-5.13187],[-42.77195,-5.13155],[-42.77166,-5.13161],[-42.7714,-5.13083],[-42.77178,-5.13054],[-42.77155,-5.13034],[-42.77173,-5.13005],[-42.77189,-5.12973],[-42.77207,-5.12947],[-42.77204,-5.1293],[-42.77223,-5.129],[-42.77192,-5.12876],[-42.77179,-5.12913],[-42.77135,-5.12894],[-42.77164,-5.12922],[-42.77139,-5.12969],[-42.77132,-5.12999],[-42.77133,-5.13014],[-42.77123,-5.13032],[-42.77104,-5.13024],[-42.77064,-5.13054],[-42.77103,-5.13068],[-42.77107,-5.13084],[-42.77088,-5.13113],[-42.77159,-5.13211],[-42.77189,-5.13239],[-42.77202,-5.13268],[-42.77229,-5.13302],[-42.77234,-5.13322],[-42.7722,-5.13359],[-42.77236,-5.13379]]]}},{"type":"Feature","properties":{"id":"osm-w781332872","nome":null,"tipo":"parque","area_m2":2606},"geometry":{"type":"Polygon","coordinates":[[[-42.78069,-5.14455],[-42.78083,-5.14402],[-42.78046,-5.14392],[-42.78032,-5.14445],[-42.78069,-5.14455]]]}},{"type":"Feature","properties":{"id":"osm-w781334488","nome":"Horta Comunitária do Promorar","tipo":"praca","area_m2":19842},"geometry":{"type":"Polygon","coordinates":[[[-42.7945,-5.1549],[-42.79254,-5.15485],[-42.79246,-5.15561],[-42.79441,-5.15577],[-42.7945,-5.1549]]]}},{"type":"Feature","properties":{"id":"osm-w781821576","nome":"praça de odonto","tipo":"parque","area_m2":259},"geometry":{"type":"Polygon","coordinates":[[[-42.79003,-5.05592],[-42.78993,-5.05592],[-42.78993,-5.05613],[-42.79003,-5.05613],[-42.79003,-5.05592]]]}},{"type":"Feature","properties":{"id":"osm-w793926024","nome":null,"tipo":"parque","area_m2":15730},"geometry":{"type":"Polygon","coordinates":[[[-42.72548,-5.03135],[-42.72568,-5.03174],[-42.72545,-5.03175],[-42.7251,-5.0317],[-42.72486,-5.03163],[-42.72453,-5.03146],[-42.72381,-5.03086],[-42.72373,-5.03065],[-42.72375,-5.03047],[-42.72385,-5.03043],[-42.72422,-5.03048],[-42.72456,-5.0306],[-42.72487,-5.03076],[-42.72514,-5.03097],[-42.72532,-5.03115],[-42.72548,-5.03135]]]}},{"type":"Feature","properties":{"id":"osm-w800797002","nome":null,"tipo":"parque","area_m2":373},"geometry":{"type":"Polygon","coordinates":[[[-42.81821,-5.03944],[-42.81796,-5.03931],[-42.81778,-5.03912],[-42.81783,-5.0393],[-42.81789,-5.03938],[-42.81797,-5.03942],[-42.81821,-5.03944]]]}},{"type":"Feature","properties":{"id":"osm-w802584392","nome":"Horta Comunitária da Tabuleta","tipo":"praca","area_m2":54099},"geometry":{"type":"Polygon","coordinates":[[[-42.79481,-5.12505],[-42.79436,-5.12601],[-42.79617,-5.12691],[-42.79811,-5.12774],[-42.79846,-5.12687],[-42.79783,-5.12666],[-42.79789,-5.12645],[-42.79481,-5.12505]]]}},{"type":"Feature","properties":{"id":"osm-w807570626","nome":"Praça Leste do Conviver","tipo":"parque","area_m2":4965},"geometry":{"type":"Polygon","coordinates":[[[-42.82039,-5.00985],[-42.82015,-5.00988],[-42.82031,-5.0115],[-42.82055,-5.01148],[-42.82039,-5.00985]]]}},{"type":"Feature","properties":{"id":"osm-w807570627","nome":"Praça Oeste do Conviver","tipo":"parque","area_m2":5113},"geometry":{"type":"Polygon","coordinates":[[[-42.82331,-5.00928],[-42.82308,-5.00934],[-42.82349,-5.01093],[-42.82374,-5.01086],[-42.82331,-5.00928]]]}},{"type":"Feature","properties":{"id":"osm-w807570628","nome":"Praça Central do Conviver","tipo":"parque","area_m2":3297},"geometry":{"type":"Polygon","coordinates":[[[-42.82059,-5.00743],[-42.82039,-5.00752],[-42.82033,-5.00761],[-42.82033,-5.00782],[-42.82047,-5.00798],[-42.82068,-5.00801],[-42.82085,-5.00789],[-42.82089,-5.00779],[-42.8209,-5.00768],[-42.82079,-5.0075],[-42.82059,-5.00743]]]}},{"type":"Feature","properties":{"id":"osm-w807572159","nome":"Praça Principal do Conviver","tipo":"parque","area_m2":2762},"geometry":{"type":"Polygon","coordinates":[[[-42.82252,-5.01197],[-42.82231,-5.01198],[-42.8222,-5.01203],[-42.82206,-5.0122],[-42.82206,-5.01236],[-42.82219,-5.01241],[-42.82267,-5.01229],[-42.82271,-5.01221],[-42.82271,-5.01211],[-42.82265,-5.01204],[-42.82252,-5.01197]]]}},{"type":"Feature","properties":{"id":"osm-w807577019","nome":null,"tipo":"parque","area_m2":1381},"geometry":{"type":"Polygon","coordinates":[[[-42.8221,-5.012],[-42.8222,-5.0114],[-42.82253,-5.0119],[-42.82237,-5.01188],[-42.8221,-5.012]]]}},{"type":"Feature","properties":{"id":"osm-w814318590","nome":"Área de Lazer Sta Marta","tipo":"parque","area_m2":318},"geometry":{"type":"Polygon","coordinates":[[[-42.79465,-5.05123],[-42.79458,-5.05126],[-42.79468,-5.05154],[-42.79476,-5.05151],[-42.79465,-5.05123]]]}},{"type":"Feature","properties":{"id":"osm-w818558407","nome":null,"tipo":"lazer","area_m2":1175},"geometry":{"type":"Polygon","coordinates":[[[-42.8159,-5.02511],[-42.81566,-5.02487],[-42.81534,-5.02506],[-42.81531,-5.02502],[-42.81512,-5.02513],[-42.8159,-5.02511]]]}},{"type":"Feature","properties":{"id":"osm-w818646018","nome":null,"tipo":"parque","area_m2":1788},"geometry":{"type":"Polygon","coordinates":[[[-42.81683,-5.02249],[-42.81653,-5.02264],[-42.81677,-5.02301],[-42.81706,-5.02283],[-42.81683,-5.02249]]]}},{"type":"Feature","properties":{"id":"osm-w818646019","nome":null,"tipo":"parque","area_m2":6113},"geometry":{"type":"Polygon","coordinates":[[[-42.81299,-5.02267],[-42.81334,-5.02165],[-42.8142,-5.02198],[-42.81299,-5.02267]]]}},{"type":"Feature","properties":{"id":"osm-w822069902","nome":"Praça do Taquari","tipo":"parque","area_m2":14536},"geometry":{"type":"Polygon","coordinates":[[[-42.74562,-5.04584],[-42.74435,-5.04585],[-42.74438,-5.0468],[-42.7456,-5.04679],[-42.74562,-5.04584]]]}},{"type":"Feature","properties":{"id":"osm-w833183621","nome":null,"tipo":"bosque","area_m2":12137},"geometry":{"type":"Polygon","coordinates":[[[-42.78104,-5.13756],[-42.78099,-5.13781],[-42.78112,-5.13802],[-42.78139,-5.13879],[-42.78101,-5.13902],[-42.78,-5.13723],[-42.78104,-5.13756]]]}},{"type":"Feature","properties":{"id":"osm-w833183622","nome":null,"tipo":"parque","area_m2":6022},"geometry":{"type":"Polygon","coordinates":[[[-42.78158,-5.13927],[-42.78127,-5.13946],[-42.78215,-5.14098],[-42.78226,-5.14069],[-42.78158,-5.13927]]]}},{"type":"Feature","properties":{"id":"osm-w838543717","nome":null,"tipo":"bosque","area_m2":6270},"geometry":{"type":"Polygon","coordinates":[[[-42.79321,-5.09153],[-42.79289,-5.09216],[-42.79225,-5.09185],[-42.79257,-5.09121],[-42.79321,-5.09153]]]}},{"type":"Feature","properties":{"id":"osm-w840357577","nome":null,"tipo":"parque","area_m2":3841},"geometry":{"type":"Polygon","coordinates":[[[-42.80026,-5.08514],[-42.80022,-5.08523],[-42.7984,-5.08435],[-42.7976,-5.08386],[-42.79706,-5.08347],[-42.79746,-5.08369],[-42.79794,-5.08401],[-42.80026,-5.08514]]]}},{"type":"Feature","properties":{"id":"osm-w875446352","nome":null,"tipo":"parque","area_m2":5767},"geometry":{"type":"Polygon","coordinates":[[[-42.79556,-5.12343],[-42.79527,-5.12338],[-42.79503,-5.12322],[-42.79495,-5.12301],[-42.79498,-5.12285],[-42.79503,-5.12278],[-42.7952,-5.12271],[-42.79545,-5.12273],[-42.79565,-5.12283],[-42.79574,-5.12294],[-42.79578,-5.12302],[-42.79578,-5.12318],[-42.79569,-5.12335],[-42.79556,-5.12343]]]}},{"type":"Feature","properties":{"id":"osm-w876224745","nome":null,"tipo":"parque","area_m2":34553},"geometry":{"type":"Polygon","coordinates":[[[-42.76976,-5.00343],[-42.76969,-5.00338],[-42.76748,-5.00376],[-42.76561,-5.00402],[-42.76558,-5.00407],[-42.7656,-5.00424],[-42.76567,-5.00435],[-42.76564,-5.00448],[-42.76567,-5.00467],[-42.76572,-5.00469],[-42.76982,-5.00406],[-42.76984,-5.004],[-42.76976,-5.00343]]]}},{"type":"Feature","properties":{"id":"osm-w876224748","nome":null,"tipo":"parque","area_m2":2104},"geometry":{"type":"Polygon","coordinates":[[[-42.76825,-5.00206],[-42.76827,-5.00202],[-42.76837,-5.00202],[-42.76841,-5.00206],[-42.76836,-5.00311],[-42.76828,-5.00315],[-42.76821,-5.00309],[-42.76825,-5.00206]]]}},{"type":"Feature","properties":{"id":"osm-w876224749","nome":null,"tipo":"parque","area_m2":2046},"geometry":{"type":"Polygon","coordinates":[[[-42.76841,-5.00191],[-42.76838,-5.00194],[-42.76828,-5.00194],[-42.76825,-5.0019],[-42.76832,-5.00089],[-42.7684,-5.00085],[-42.76847,-5.00091],[-42.76841,-5.00191]]]}},{"type":"Feature","properties":{"id":"osm-w876224751","nome":null,"tipo":"parque","area_m2":4933},"geometry":{"type":"Polygon","coordinates":[[[-42.76983,-5.00912],[-42.76987,-5.00908],[-42.76969,-5.0085],[-42.76965,-5.00849],[-42.76921,-5.00898],[-42.76862,-5.00944],[-42.76983,-5.00912]]]}},{"type":"Feature","properties":{"id":"osm-w876224756","nome":null,"tipo":"parque","area_m2":1877},"geometry":{"type":"Polygon","coordinates":[[[-42.76505,-5.00468],[-42.76495,-5.00457],[-42.76491,-5.00438],[-42.76496,-5.00422],[-42.76508,-5.00416],[-42.76521,-5.00423],[-42.76528,-5.00451],[-42.76521,-5.00465],[-42.76505,-5.00468]]]}},{"type":"Feature","properties":{"id":"osm-w880257953","nome":null,"tipo":"bosque","area_m2":929},"geometry":{"type":"Polygon","coordinates":[[[-42.76965,-5.04024],[-42.76954,-5.04037],[-42.76942,-5.04039],[-42.76929,-5.04025],[-42.76929,-5.04013],[-42.76935,-5.04007],[-42.76946,-5.04009],[-42.76965,-5.04024]]]}},{"type":"Feature","properties":{"id":"osm-w882849764","nome":null,"tipo":"parque","area_m2":280},"geometry":{"type":"Polygon","coordinates":[[[-42.81742,-5.09175],[-42.81733,-5.09193],[-42.81723,-5.09187],[-42.81731,-5.0917],[-42.81742,-5.09175]]]}},{"type":"Feature","properties":{"id":"osm-w886806000","nome":null,"tipo":"bosque","area_m2":11486},"geometry":{"type":"Polygon","coordinates":[[[-42.7974,-5.07521],[-42.79728,-5.07545],[-42.79637,-5.07524],[-42.79658,-5.07444],[-42.79777,-5.07473],[-42.79766,-5.0751],[-42.79757,-5.07526],[-42.7974,-5.07521]]]}},{"type":"Feature","properties":{"id":"osm-w887026877","nome":"Praça da Primavera II","tipo":"parque","area_m2":788},"geometry":{"type":"Polygon","coordinates":[[[-42.80881,-5.06739],[-42.80873,-5.06763],[-42.80852,-5.06756],[-42.80851,-5.06752],[-42.80858,-5.06734],[-42.80864,-5.06732],[-42.80881,-5.06739]]]}},{"type":"Feature","properties":{"id":"osm-w887359091","nome":"Praça da Alvorada","tipo":"parque","area_m2":3209},"geometry":{"type":"Polygon","coordinates":[[[-42.82759,-5.0594],[-42.82728,-5.0605],[-42.82712,-5.05936],[-42.82759,-5.0594]]]}},{"type":"Feature","properties":{"id":"osm-w887914884","nome":"Horta Comunitária Gloria II","tipo":"praca","area_m2":5875},"geometry":{"type":"Polygon","coordinates":[[[-42.75114,-5.18484],[-42.75099,-5.18533],[-42.75009,-5.18507],[-42.75026,-5.18458],[-42.75114,-5.18484]]]}},{"type":"Feature","properties":{"id":"osm-w887986054","nome":null,"tipo":"parque","area_m2":1378},"geometry":{"type":"Polygon","coordinates":[[[-42.74056,-5.05854],[-42.74058,-5.05887],[-42.7403,-5.05889],[-42.74029,-5.0587],[-42.74016,-5.0587],[-42.74015,-5.05856],[-42.74056,-5.05854]]]}},{"type":"Feature","properties":{"id":"osm-w888188914","nome":null,"tipo":"parque","area_m2":1129},"geometry":{"type":"Polygon","coordinates":[[[-42.79264,-5.11856],[-42.79249,-5.11885],[-42.79226,-5.11873],[-42.79225,-5.11869],[-42.79238,-5.11846],[-42.79242,-5.11845],[-42.79264,-5.11856]]]}},{"type":"Feature","properties":{"id":"osm-w888234529","nome":"Praça Todos os Santos","tipo":"parque","area_m2":1169},"geometry":{"type":"Polygon","coordinates":[[[-42.72168,-5.09552],[-42.72164,-5.09577],[-42.72129,-5.09572],[-42.72129,-5.09546],[-42.72168,-5.09552]]]}},{"type":"Feature","properties":{"id":"osm-w888422589","nome":"Praça Prefeito João Mendes","tipo":"parque","area_m2":10087},"geometry":{"type":"Polygon","coordinates":[[[-42.80083,-5.13746],[-42.8009,-5.13821],[-42.79988,-5.13832],[-42.79988,-5.13741],[-42.80083,-5.13746]]]}},{"type":"Feature","properties":{"id":"osm-w888422590","nome":"Pracinha do Saci I","tipo":"parque","area_m2":688},"geometry":{"type":"Polygon","coordinates":[[[-42.7989,-5.137],[-42.7989,-5.13715],[-42.79852,-5.13715],[-42.79852,-5.137],[-42.7989,-5.137]]]}},{"type":"Feature","properties":{"id":"osm-w888422591","nome":"Pracinha do Saci III","tipo":"parque","area_m2":795},"geometry":{"type":"Polygon","coordinates":[[[-42.79984,-5.13691],[-42.79983,-5.13707],[-42.79945,-5.13706],[-42.79945,-5.1369],[-42.79984,-5.13691]]]}},{"type":"Feature","properties":{"id":"osm-w888422606","nome":"Praça dos Orixás PI","tipo":"praca","area_m2":1099},"geometry":{"type":"Polygon","coordinates":[[[-42.83374,-5.05505],[-42.83379,-5.05498],[-42.83384,-5.05483],[-42.83364,-5.05479],[-42.83348,-5.05482],[-42.83342,-5.05501],[-42.83348,-5.05503],[-42.83352,-5.05496],[-42.83356,-5.05496],[-42.83362,-5.05501],[-42.83361,-5.05509],[-42.83372,-5.05516],[-42.83377,-5.05513],[-42.83374,-5.05505]]]}},{"type":"Feature","properties":{"id":"osm-w888422607","nome":"Praça Vitalino Bezerra","tipo":"parque","area_m2":4398},"geometry":{"type":"Polygon","coordinates":[[[-42.77739,-5.06501],[-42.77763,-5.06562],[-42.77709,-5.06572],[-42.77685,-5.06508],[-42.77702,-5.06508],[-42.77739,-5.06501]]]}},{"type":"Feature","properties":{"id":"osm-w888422634","nome":null,"tipo":"parque","area_m2":11944},"geometry":{"type":"Polygon","coordinates":[[[-42.7501,-5.1152],[-42.74983,-5.11638],[-42.74905,-5.11621],[-42.74932,-5.11502],[-42.7501,-5.1152]]]}},{"type":"Feature","properties":{"id":"osm-w888463816","nome":null,"tipo":"parque","area_m2":5377},"geometry":{"type":"Polygon","coordinates":[[[-42.7399,-5.05083],[-42.73852,-5.0509],[-42.73849,-5.05027],[-42.7399,-5.05083]]]}},{"type":"Feature","properties":{"id":"osm-w888463831","nome":null,"tipo":"lazer","area_m2":332},"geometry":{"type":"Polygon","coordinates":[[[-42.7463,-5.19138],[-42.74614,-5.19151],[-42.74606,-5.1914],[-42.74622,-5.19128],[-42.7463,-5.19138]]]}},{"type":"Feature","properties":{"id":"osm-w888463832","nome":null,"tipo":"lazer","area_m2":268},"geometry":{"type":"Polygon","coordinates":[[[-42.74614,-5.19126],[-42.74599,-5.19137],[-42.74592,-5.19127],[-42.74606,-5.19116],[-42.74614,-5.19126]]]}},{"type":"Feature","properties":{"id":"osm-w888463833","nome":null,"tipo":"lazer","area_m2":358},"geometry":{"type":"Polygon","coordinates":[[[-42.7464,-5.19155],[-42.74624,-5.19167],[-42.74615,-5.19156],[-42.74631,-5.19144],[-42.7464,-5.19155]]]}},{"type":"Feature","properties":{"id":"osm-w888463861","nome":"Praça Miss Fátima Macêdo","tipo":"parque","area_m2":933},"geometry":{"type":"Polygon","coordinates":[[[-42.73915,-5.05581],[-42.73917,-5.05614],[-42.73895,-5.05615],[-42.73892,-5.05582],[-42.73915,-5.05581]]]}},{"type":"Feature","properties":{"id":"osm-w888463868","nome":"Praça do Conjunto São Joaquim","tipo":"parque","area_m2":4187},"geometry":{"type":"Polygon","coordinates":[[[-42.83047,-5.06155],[-42.83031,-5.06199],[-42.83112,-5.06207],[-42.83114,-5.06162],[-42.83047,-5.06155]]]}},{"type":"Feature","properties":{"id":"osm-w888463882","nome":"Praça da Saudade","tipo":"parque","area_m2":3211},"geometry":{"type":"Polygon","coordinates":[[[-42.80698,-5.11045],[-42.80678,-5.11088],[-42.80628,-5.11065],[-42.80648,-5.11022],[-42.80698,-5.11045]]]}},{"type":"Feature","properties":{"id":"osm-w888471327","nome":null,"tipo":"parque","area_m2":1257},"geometry":{"type":"Polygon","coordinates":[[[-42.7928,-5.12084],[-42.79267,-5.12112],[-42.79237,-5.12097],[-42.79251,-5.12069],[-42.7928,-5.12084]]]}},{"type":"Feature","properties":{"id":"osm-w888471330","nome":"Praça Dom Severino","tipo":"parque","area_m2":2884},"geometry":{"type":"Polygon","coordinates":[[[-42.79961,-5.0925],[-42.79919,-5.09349],[-42.79899,-5.0934],[-42.79938,-5.09242],[-42.79961,-5.0925]]]}},{"type":"Feature","properties":{"id":"osm-w888471348","nome":"Praça Prefeito Freitas Neto","tipo":"parque","area_m2":1847},"geometry":{"type":"Polygon","coordinates":[[[-42.78504,-5.09838],[-42.78458,-5.09897],[-42.78455,-5.09896],[-42.78456,-5.09838],[-42.78504,-5.09838]]]}},{"type":"Feature","properties":{"id":"osm-w888493445","nome":null,"tipo":"parque","area_m2":1733},"geometry":{"type":"Polygon","coordinates":[[[-42.78133,-5.02133],[-42.78099,-5.02151],[-42.78082,-5.02119],[-42.78116,-5.02101],[-42.78133,-5.02133]]]}},{"type":"Feature","properties":{"id":"osm-w888500648","nome":"Praça Santa Teresinha","tipo":"parque","area_m2":6818},"geometry":{"type":"Polygon","coordinates":[[[-42.75548,-5.04946],[-42.75566,-5.04999],[-42.75485,-5.05037],[-42.75461,-5.04977],[-42.75548,-5.04946]]]}},{"type":"Feature","properties":{"id":"osm-w888679855","nome":null,"tipo":"bosque","area_m2":478},"geometry":{"type":"Polygon","coordinates":[[[-42.76964,-5.04192],[-42.7696,-5.04187],[-42.76953,-5.04186],[-42.76944,-5.04197],[-42.76943,-5.04208],[-42.7695,-5.04211],[-42.76956,-5.04209],[-42.76963,-5.042],[-42.76964,-5.04192]]]}},{"type":"Feature","properties":{"id":"osm-w888679856","nome":null,"tipo":"bosque","area_m2":302},"geometry":{"type":"Polygon","coordinates":[[[-42.76967,-5.04168],[-42.76967,-5.04157],[-42.76962,-5.04155],[-42.7695,-5.04162],[-42.76948,-5.04167],[-42.76951,-5.04171],[-42.76957,-5.04172],[-42.76967,-5.04168]]]}},{"type":"Feature","properties":{"id":"osm-w888701019","nome":null,"tipo":"praca","area_m2":1352},"geometry":{"type":"Polygon","coordinates":[[[-42.78022,-5.01203],[-42.78035,-5.0125],[-42.78017,-5.01255],[-42.77995,-5.01219],[-42.78022,-5.01203]]]}},{"type":"Feature","properties":{"id":"osm-w888701024","nome":null,"tipo":"parque","area_m2":1228},"geometry":{"type":"Polygon","coordinates":[[[-42.76334,-5.11594],[-42.76315,-5.11567],[-42.7629,-5.11583],[-42.7631,-5.11611],[-42.76334,-5.11594]]]}},{"type":"Feature","properties":{"id":"osm-w888747553","nome":null,"tipo":"parque","area_m2":4247},"geometry":{"type":"Polygon","coordinates":[[[-42.77806,-5.01498],[-42.77813,-5.01375],[-42.77755,-5.01408],[-42.77806,-5.01498]]]}},{"type":"Feature","properties":{"id":"osm-w889861503","nome":null,"tipo":"bosque","area_m2":59073},"geometry":{"type":"Polygon","coordinates":[[[-42.74652,-5.0751],[-42.74852,-5.07545],[-42.74865,-5.07792],[-42.74682,-5.0775],[-42.74665,-5.07749],[-42.74652,-5.0751]]]}},{"type":"Feature","properties":{"id":"osm-w889957802","nome":"Parque Ambiental Marina","tipo":"parque","area_m2":9711},"geometry":{"type":"Polygon","coordinates":[[[-42.75483,-5.06781],[-42.75473,-5.06825],[-42.75282,-5.06833],[-42.75278,-5.06796],[-42.75483,-5.06781]]]}},{"type":"Feature","properties":{"id":"osm-w889957804","nome":"Parque Amb. Nossa Senhora do Livramento","tipo":"parque","area_m2":4456},"geometry":{"type":"Polygon","coordinates":[[[-42.78466,-5.05301],[-42.7848,-5.0535],[-42.78549,-5.05322],[-42.78545,-5.05297],[-42.78532,-5.05302],[-42.78526,-5.05275],[-42.78466,-5.05301]]]}},{"type":"Feature","properties":{"id":"osm-w889957807","nome":"Parque Ambiental Mini Horto da Samambaia","tipo":"parque","area_m2":20441},"geometry":{"type":"Polygon","coordinates":[[[-42.78608,-5.08288],[-42.78576,-5.08409],[-42.78489,-5.08387],[-42.78495,-5.0836],[-42.78509,-5.08363],[-42.7852,-5.08325],[-42.78412,-5.08297],[-42.78427,-5.0824],[-42.78608,-5.08288]]]}},{"type":"Feature","properties":{"id":"osm-w889957808","nome":"Parque Ambiental  Caneleiro I","tipo":"parque","area_m2":3689},"geometry":{"type":"Polygon","coordinates":[[[-42.78337,-5.05386],[-42.78341,-5.05411],[-42.78377,-5.05396],[-42.78365,-5.05346],[-42.7829,-5.05379],[-42.78297,-5.05403],[-42.78337,-5.05386]]]}},{"type":"Feature","properties":{"id":"osm-w889957809","nome":"Parque Tropical","tipo":"parque","area_m2":51592},"geometry":{"type":"Polygon","coordinates":[[[-42.7585,-5.05921],[-42.75884,-5.06087],[-42.75851,-5.06104],[-42.75854,-5.06124],[-42.7577,-5.0615],[-42.75701,-5.06094],[-42.75688,-5.06093],[-42.75679,-5.06084],[-42.75638,-5.06017],[-42.75609,-5.0603],[-42.75561,-5.05981],[-42.7585,-5.05921]]]}},{"type":"Feature","properties":{"id":"osm-w889957810","nome":"Pracinha da Maloca","tipo":"parque","area_m2":749},"geometry":{"type":"Polygon","coordinates":[[[-42.77369,-5.07897],[-42.77381,-5.079],[-42.77391,-5.07912],[-42.77392,-5.0792],[-42.77389,-5.07926],[-42.77374,-5.07927],[-42.77369,-5.07919],[-42.77366,-5.07903],[-42.77369,-5.07897]]]}},{"type":"Feature","properties":{"id":"osm-w889957811","nome":"Pracinha Santa Luzia","tipo":"parque","area_m2":863},"geometry":{"type":"Polygon","coordinates":[[[-42.80457,-5.09552],[-42.80456,-5.09555],[-42.8038,-5.09564],[-42.80387,-5.09548],[-42.80457,-5.09552]]]}},{"type":"Feature","properties":{"id":"osm-w889957812","nome":null,"tipo":"parque","area_m2":161},"geometry":{"type":"Polygon","coordinates":[[[-42.80523,-5.09547],[-42.80469,-5.09547],[-42.80469,-5.09552],[-42.80523,-5.09547]]]}},{"type":"Feature","properties":{"id":"osm-w889966787","nome":"Pracinha do Sacy VI","tipo":"parque","area_m2":647},"geometry":{"type":"Polygon","coordinates":[[[-42.80457,-5.13924],[-42.80459,-5.13938],[-42.8042,-5.13938],[-42.80417,-5.13925],[-42.80457,-5.13924]]]}},{"type":"Feature","properties":{"id":"osm-w889966788","nome":"Praça São Sebastião","tipo":"parque","area_m2":948},"geometry":{"type":"Polygon","coordinates":[[[-42.79784,-5.10167],[-42.79769,-5.10179],[-42.79743,-5.10147],[-42.79758,-5.10136],[-42.79784,-5.10167]]]}},{"type":"Feature","properties":{"id":"osm-w889966789","nome":null,"tipo":"parque","area_m2":226},"geometry":{"type":"Polygon","coordinates":[[[-42.79025,-5.15397],[-42.79004,-5.15385],[-42.79,-5.15397],[-42.79019,-5.154],[-42.79025,-5.15397]]]}},{"type":"Feature","properties":{"id":"osm-w889966790","nome":"Praça Bom Principio","tipo":"parque","area_m2":868},"geometry":{"type":"Polygon","coordinates":[[[-42.79081,-5.15378],[-42.79078,-5.15401],[-42.79043,-5.15383],[-42.79054,-5.15367],[-42.79081,-5.15378]]]}},{"type":"Feature","properties":{"id":"osm-w889966791","nome":null,"tipo":"parque","area_m2":174},"geometry":{"type":"Polygon","coordinates":[[[-42.77279,-5.088],[-42.77275,-5.08812],[-42.77253,-5.08806],[-42.77279,-5.088]]]}},{"type":"Feature","properties":{"id":"osm-w889966794","nome":"Praça Adelino Dias Pinheiro","tipo":"parque","area_m2":1306},"geometry":{"type":"Polygon","coordinates":[[[-42.76754,-5.07818],[-42.76718,-5.07783],[-42.76691,-5.07815],[-42.76754,-5.07818]]]}},{"type":"Feature","properties":{"id":"osm-w891362286","nome":null,"tipo":"parque","area_m2":29150},"geometry":{"type":"Polygon","coordinates":[[[-42.82758,-4.99268],[-42.82696,-4.99422],[-42.8253,-4.99363],[-42.82584,-4.99279],[-42.82597,-4.99271],[-42.82613,-4.99266],[-42.82712,-4.99253],[-42.82721,-4.99253],[-42.82758,-4.99268]]]}},{"type":"Feature","properties":{"id":"osm-w897198139","nome":null,"tipo":"parque","area_m2":224},"geometry":{"type":"Polygon","coordinates":[[[-42.76108,-5.07117],[-42.76108,-5.07123],[-42.76104,-5.07127],[-42.76097,-5.07127],[-42.76093,-5.07122],[-42.76097,-5.07113],[-42.76103,-5.07113],[-42.76108,-5.07117]]]}},{"type":"Feature","properties":{"id":"osm-w899322535","nome":"praça do Alto Bonito","tipo":"parque","area_m2":6348},"geometry":{"type":"Polygon","coordinates":[[[-42.78345,-5.16179],[-42.78347,-5.16232],[-42.78257,-5.16239],[-42.78259,-5.16176],[-42.78345,-5.16179]]]}},{"type":"Feature","properties":{"id":"osm-w899322536","nome":"Praça Antônio Malaquias","tipo":"parque","area_m2":751},"geometry":{"type":"Polygon","coordinates":[[[-42.82098,-5.07136],[-42.82066,-5.07091],[-42.82053,-5.07111],[-42.82098,-5.07136]]]}},{"type":"Feature","properties":{"id":"osm-w899322537","nome":"Praça Augusto Ferro","tipo":"parque","area_m2":740},"geometry":{"type":"Polygon","coordinates":[[[-42.81641,-5.08047],[-42.81599,-5.08053],[-42.81594,-5.08025],[-42.81641,-5.08047]]]}},{"type":"Feature","properties":{"id":"osm-w899322538","nome":"Praça Didona Falcão Costa","tipo":"parque","area_m2":3074},"geometry":{"type":"Polygon","coordinates":[[[-42.7558,-5.06099],[-42.75522,-5.06049],[-42.75506,-5.0612],[-42.7558,-5.06099]]]}},{"type":"Feature","properties":{"id":"osm-w899322539","nome":"Praça da Igreja São João Evangelista","tipo":"parque","area_m2":4727},"geometry":{"type":"Polygon","coordinates":[[[-42.79252,-5.14236],[-42.79238,-5.14286],[-42.79166,-5.14267],[-42.7918,-5.14217],[-42.79252,-5.14236]]]}},{"type":"Feature","properties":{"id":"osm-w899322540","nome":"Praça José de Sousa","tipo":"parque","area_m2":3805},"geometry":{"type":"Polygon","coordinates":[[[-42.76561,-5.1017],[-42.76553,-5.10253],[-42.76516,-5.1025],[-42.76524,-5.10167],[-42.76561,-5.1017]]]}},{"type":"Feature","properties":{"id":"osm-w899323102","nome":"Praça da Felicidade","tipo":"parque","area_m2":454},"geometry":{"type":"Polygon","coordinates":[[[-42.79513,-5.09556],[-42.79511,-5.09547],[-42.79507,-5.09544],[-42.79463,-5.09551],[-42.79513,-5.09556]]]}},{"type":"Feature","properties":{"id":"osm-w899323103","nome":"Praça da Ferinha","tipo":"parque","area_m2":1146},"geometry":{"type":"Polygon","coordinates":[[[-42.72335,-5.09715],[-42.72271,-5.09765],[-42.7225,-5.09757],[-42.72288,-5.09735],[-42.72335,-5.09715]]]}},{"type":"Feature","properties":{"id":"osm-w899410851","nome":"Praça da Polícia Federal","tipo":"parque","area_m2":247},"geometry":{"type":"Polygon","coordinates":[[[-42.82328,-5.08578],[-42.82312,-5.08553],[-42.82305,-5.08567],[-42.82328,-5.08578]]]}},{"type":"Feature","properties":{"id":"osm-w899410853","nome":null,"tipo":"parque","area_m2":10069},"geometry":{"type":"Polygon","coordinates":[[[-42.79291,-5.05148],[-42.79337,-5.05282],[-42.7928,-5.053],[-42.79238,-5.05169],[-42.79291,-5.05148]]]}},{"type":"Feature","properties":{"id":"osm-w899410854","nome":"Praça da Vila da Guia","tipo":"parque","area_m2":2066},"geometry":{"type":"Polygon","coordinates":[[[-42.77409,-5.10725],[-42.77403,-5.10768],[-42.77363,-5.10763],[-42.77367,-5.10739],[-42.77373,-5.10731],[-42.77371,-5.10719],[-42.77409,-5.10725]]]}},{"type":"Feature","properties":{"id":"osm-w899410855","nome":"Praça das Areias","tipo":"parque","area_m2":526},"geometry":{"type":"Polygon","coordinates":[[[-42.79335,-5.16072],[-42.7933,-5.16088],[-42.79306,-5.16081],[-42.79312,-5.16064],[-42.79335,-5.16072]]]}},{"type":"Feature","properties":{"id":"osm-w899416978","nome":null,"tipo":"parque","area_m2":250},"geometry":{"type":"Polygon","coordinates":[[[-42.81245,-5.04749],[-42.81236,-5.0472],[-42.81231,-5.04716],[-42.81229,-5.04718],[-42.81239,-5.04748],[-42.81245,-5.04749]]]}},{"type":"Feature","properties":{"id":"osm-w899416979","nome":null,"tipo":"parque","area_m2":254},"geometry":{"type":"Polygon","coordinates":[[[-42.7701,-5.11194],[-42.77014,-5.11219],[-42.76994,-5.11199],[-42.7701,-5.11194]]]}},{"type":"Feature","properties":{"id":"osm-w899416982","nome":"Praça de Eventos Dom Celso","tipo":"parque","area_m2":6627},"geometry":{"type":"Polygon","coordinates":[[[-42.76883,-5.11079],[-42.76864,-5.11081],[-42.76836,-5.11042],[-42.76789,-5.11002],[-42.76764,-5.11027],[-42.76863,-5.11127],[-42.76888,-5.11101],[-42.76883,-5.11079]]]}},{"type":"Feature","properties":{"id":"osm-w899484434","nome":"Praça do Hospital da Primavera","tipo":"parque","area_m2":829},"geometry":{"type":"Polygon","coordinates":[[[-42.81246,-5.06371],[-42.81226,-5.06411],[-42.8122,-5.06362],[-42.81225,-5.06359],[-42.81246,-5.06371]]]}},{"type":"Feature","properties":{"id":"osm-w899484435","nome":"Praça do Posto de Saúde","tipo":"parque","area_m2":678},"geometry":{"type":"Polygon","coordinates":[[[-42.73698,-5.08846],[-42.737,-5.08865],[-42.7367,-5.08863],[-42.73671,-5.08843],[-42.73698,-5.08846]]]}},{"type":"Feature","properties":{"id":"osm-w899484436","nome":"Praça do Sol","tipo":"parque","area_m2":300},"geometry":{"type":"Polygon","coordinates":[[[-42.77772,-5.07117],[-42.77771,-5.07129],[-42.77731,-5.07122],[-42.77772,-5.07117]]]}},{"type":"Feature","properties":{"id":"osm-w899484440","nome":"Praça Edgard Nogueira","tipo":"parque","area_m2":8279},"geometry":{"type":"Polygon","coordinates":[[[-42.79969,-5.08211],[-42.79937,-5.08282],[-42.79862,-5.08246],[-42.7989,-5.08173],[-42.79969,-5.08211]]]}},{"type":"Feature","properties":{"id":"osm-w899638840","nome":"Praça Gentil Macedo","tipo":"parque","area_m2":717},"geometry":{"type":"Polygon","coordinates":[[[-42.79792,-5.13986],[-42.79791,-5.14002],[-42.79754,-5.14001],[-42.79755,-5.13985],[-42.79792,-5.13986]]]}},{"type":"Feature","properties":{"id":"osm-w899638841","nome":"Praça José Levino","tipo":"parque","area_m2":884},"geometry":{"type":"Polygon","coordinates":[[[-42.79994,-5.09851],[-42.79936,-5.0989],[-42.7993,-5.09881],[-42.79988,-5.09842],[-42.79994,-5.09851]]]}},{"type":"Feature","properties":{"id":"osm-w899638842","nome":"Praça João Agrícola","tipo":"parque","area_m2":828},"geometry":{"type":"Polygon","coordinates":[[[-42.81822,-5.06615],[-42.81821,-5.06638],[-42.81817,-5.06644],[-42.81804,-5.06647],[-42.818,-5.06645],[-42.81799,-5.06636],[-42.81807,-5.06614],[-42.81815,-5.0661],[-42.81822,-5.06615]]]}},{"type":"Feature","properties":{"id":"osm-w899638843","nome":"Praça João Hosano","tipo":"parque","area_m2":217},"geometry":{"type":"Polygon","coordinates":[[[-42.79865,-5.09424],[-42.79851,-5.09432],[-42.79841,-5.09412],[-42.79865,-5.09424]]]}},{"type":"Feature","properties":{"id":"osm-w899638844","nome":"Praça João Martins de Morais","tipo":"parque","area_m2":3566},"geometry":{"type":"Polygon","coordinates":[[[-42.78892,-5.135],[-42.78874,-5.13558],[-42.78824,-5.13545],[-42.7885,-5.13489],[-42.78892,-5.135]]]}},{"type":"Feature","properties":{"id":"osm-w899638845","nome":"Praça Luiz Abreu","tipo":"parque","area_m2":719},"geometry":{"type":"Polygon","coordinates":[[[-42.8306,-5.05393],[-42.83039,-5.0536],[-42.83014,-5.05373],[-42.8306,-5.05393]]]}},{"type":"Feature","properties":{"id":"osm-w899638846","nome":"Praça Napoleão Azevedo","tipo":"parque","area_m2":2164},"geometry":{"type":"Polygon","coordinates":[[[-42.76399,-5.07967],[-42.76399,-5.08],[-42.76347,-5.07993],[-42.76346,-5.07959],[-42.76399,-5.07967]]]}},{"type":"Feature","properties":{"id":"osm-w900160519","nome":null,"tipo":"parque","area_m2":750},"geometry":{"type":"Polygon","coordinates":[[[-42.77497,-5.08054],[-42.77482,-5.08022],[-42.77475,-5.08014],[-42.77468,-5.08057],[-42.77497,-5.08054]]]}},{"type":"Feature","properties":{"id":"osm-w900160520","nome":null,"tipo":"parque","area_m2":1567},"geometry":{"type":"Polygon","coordinates":[[[-42.77619,-5.08124],[-42.77554,-5.08137],[-42.7752,-5.0814],[-42.77534,-5.08123],[-42.77537,-5.08103],[-42.77563,-5.0812],[-42.77618,-5.08121],[-42.77619,-5.08124]]]}},{"type":"Feature","properties":{"id":"osm-w900160521","nome":"Praça Vereador Humberto Coelho","tipo":"parque","area_m2":1793},"geometry":{"type":"Polygon","coordinates":[[[-42.78448,-5.11144],[-42.78436,-5.1117],[-42.78395,-5.11147],[-42.78411,-5.11119],[-42.78439,-5.11133],[-42.78437,-5.11138],[-42.78448,-5.11144]]]}},{"type":"Feature","properties":{"id":"osm-w905074748","nome":null,"tipo":"bosque","area_m2":46839},"geometry":{"type":"Polygon","coordinates":[[[-42.73697,-5.13521],[-42.73797,-5.13666],[-42.73844,-5.13712],[-42.73741,-5.13813],[-42.73624,-5.13701],[-42.73593,-5.13581],[-42.73697,-5.13521]]]}},{"type":"Feature","properties":{"id":"osm-w905227335","nome":null,"tipo":"bosque","area_m2":76669},"geometry":{"type":"Polygon","coordinates":[[[-42.73715,-5.13516],[-42.73808,-5.13649],[-42.73876,-5.13701],[-42.74113,-5.13648],[-42.74083,-5.13541],[-42.74073,-5.13462],[-42.73715,-5.13516]]]}},{"type":"Feature","properties":{"id":"osm-w910011794","nome":"Horta Comunitária Sinha Borges","tipo":"praca","area_m2":20170},"geometry":{"type":"Polygon","coordinates":[[[-42.80202,-5.02573],[-42.8019,-5.02583],[-42.80199,-5.02607],[-42.8003,-5.02779],[-42.79977,-5.02733],[-42.80178,-5.0255],[-42.80202,-5.02573]]]}},{"type":"Feature","properties":{"id":"osm-w910012110","nome":"Horta Comunitária São Raimundo","tipo":"praca","area_m2":15180},"geometry":{"type":"Polygon","coordinates":[[[-42.76678,-5.09756],[-42.76638,-5.09778],[-42.7653,-5.09548],[-42.76533,-5.0954],[-42.76539,-5.09535],[-42.7655,-5.09533],[-42.7657,-5.0954],[-42.76582,-5.09537],[-42.76591,-5.09545],[-42.76597,-5.09574],[-42.76678,-5.09756]]]}},{"type":"Feature","properties":{"id":"osm-w910013066","nome":"Horta Comunitária Dique","tipo":"praca","area_m2":75930},"geometry":{"type":"Polygon","coordinates":[[[-42.82256,-5.02268],[-42.82229,-5.02236],[-42.82206,-5.02222],[-42.82193,-5.02218],[-42.82133,-5.02266],[-42.82068,-5.02305],[-42.82132,-5.02413],[-42.8215,-5.0245],[-42.82153,-5.0249],[-42.82118,-5.0274],[-42.82117,-5.02779],[-42.82125,-5.02813],[-42.82141,-5.02858],[-42.82199,-5.02836],[-42.82182,-5.02767],[-42.82182,-5.0272],[-42.82207,-5.02616],[-42.82219,-5.0258],[-42.82234,-5.02511],[-42.82271,-5.02398],[-42.82262,-5.023],[-42.82256,-5.02268]]]}},{"type":"Feature","properties":{"id":"osm-w910013987","nome":"Horta Comunitária Gloria I","tipo":"praca","area_m2":9200},"geometry":{"type":"Polygon","coordinates":[[[-42.75623,-5.19187],[-42.75584,-5.19317],[-42.7553,-5.19302],[-42.75572,-5.19171],[-42.75623,-5.19187]]]}},{"type":"Feature","properties":{"id":"osm-w910016929","nome":"Horta Comunitária Geovane Prado","tipo":"praca","area_m2":28412},"geometry":{"type":"Polygon","coordinates":[[[-42.74325,-5.04689],[-42.74343,-5.04902],[-42.74226,-5.04901],[-42.74225,-5.04693],[-42.74325,-5.04689]]]}},{"type":"Feature","properties":{"id":"osm-w910017017","nome":"Horta Santa Fé","tipo":"praca","area_m2":23994},"geometry":{"type":"Polygon","coordinates":[[[-42.7898,-5.16241],[-42.78978,-5.16312],[-42.78734,-5.1632],[-42.78734,-5.16267],[-42.78731,-5.16238],[-42.78857,-5.16235],[-42.7898,-5.16241]]]}},{"type":"Feature","properties":{"id":"osm-w910022867","nome":"Campo Agrícola Apolônia II","tipo":"praca","area_m2":175365},"geometry":{"type":"Polygon","coordinates":[[[-42.83951,-5.03837],[-42.83978,-5.03979],[-42.84006,-5.04145],[-42.84031,-5.04399],[-42.84043,-5.0461],[-42.84044,-5.04709],[-42.83834,-5.04714],[-42.83822,-5.04525],[-42.8383,-5.0437],[-42.83868,-5.0408],[-42.83888,-5.03864],[-42.83951,-5.03837]]]}},{"type":"Feature","properties":{"id":"osm-w910023276","nome":"Horta Comunitária Poti","tipo":"praca","area_m2":7145},"geometry":{"type":"Polygon","coordinates":[[[-42.73925,-5.10764],[-42.73893,-5.10817],[-42.73805,-5.10764],[-42.73849,-5.1072],[-42.73925,-5.10764]]]}},{"type":"Feature","properties":{"id":"osm-w910024890","nome":"Horta Nossa Senhora do Rosário","tipo":"praca","area_m2":646},"geometry":{"type":"Polygon","coordinates":[[[-42.79152,-5.14976],[-42.79144,-5.15011],[-42.79128,-5.15006],[-42.79139,-5.14973],[-42.79152,-5.14976]]]}},{"type":"Feature","properties":{"id":"osm-w910025515","nome":"Campo Agrícola Tapuia","tipo":"praca","area_m2":116643},"geometry":{"type":"Polygon","coordinates":[[[-42.7152,-4.92844],[-42.71615,-4.93148],[-42.71596,-4.93179],[-42.71327,-4.93239],[-42.71312,-4.93192],[-42.71281,-4.92943],[-42.71307,-4.92908],[-42.71341,-4.92891],[-42.7152,-4.92844]]]}},{"type":"Feature","properties":{"id":"osm-w910025981","nome":"Horta Comunitária Monte Verde","tipo":"praca","area_m2":21805},"geometry":{"type":"Polygon","coordinates":[[[-42.82274,-4.99346],[-42.82314,-4.99443],[-42.82326,-4.99461],[-42.82341,-4.99504],[-42.82228,-4.99505],[-42.82155,-4.99382],[-42.82274,-4.99346]]]}},{"type":"Feature","properties":{"id":"osm-w910025982","nome":"Campo Agrícola Monte Verde","tipo":"praca","area_m2":22532},"geometry":{"type":"Polygon","coordinates":[[[-42.82439,-4.99523],[-42.82425,-4.99623],[-42.8227,-4.99613],[-42.82262,-4.99554],[-42.82235,-4.99512],[-42.82357,-4.99512],[-42.82375,-4.99508],[-42.82439,-4.99523]]]}},{"type":"Feature","properties":{"id":"osm-w910026213","nome":"Horta Comunitária Avião Dois","tipo":"praca","area_m2":6411},"geometry":{"type":"Polygon","coordinates":[[[-42.78574,-5.01361],[-42.78525,-5.01376],[-42.78553,-5.01472],[-42.78603,-5.01457],[-42.78574,-5.01361]]]}},{"type":"Feature","properties":{"id":"osm-w910028026","nome":"Campo Agrícola Nova Olinda","tipo":"praca","area_m2":26390},"geometry":{"type":"Polygon","coordinates":[[[-42.6763,-5.20134],[-42.67775,-5.20418],[-42.67715,-5.2045],[-42.67573,-5.20171],[-42.6763,-5.20134]]]}},{"type":"Feature","properties":{"id":"osm-w910028865","nome":"Horta Comunitária Wall Ferraz","tipo":"praca","area_m2":29343},"geometry":{"type":"Polygon","coordinates":[[[-42.83685,-4.98834],[-42.83671,-4.98951],[-42.8356,-4.98918],[-42.83461,-4.98904],[-42.83473,-4.98793],[-42.83685,-4.98834]]]}},{"type":"Feature","properties":{"id":"osm-w910028866","nome":"Wall Ferraz","tipo":"praca","area_m2":28898},"geometry":{"type":"Polygon","coordinates":[[[-42.83271,-4.98753],[-42.83256,-4.98876],[-42.8345,-4.98904],[-42.83465,-4.98789],[-42.83271,-4.98753]]]}},{"type":"Feature","properties":{"id":"osm-w910028867","nome":null,"tipo":"praca","area_m2":27468},"geometry":{"type":"Polygon","coordinates":[[[-42.83695,-4.98836],[-42.83682,-4.98953],[-42.83845,-4.99002],[-42.83862,-4.98856],[-42.83695,-4.98836]]]}},{"type":"Feature","properties":{"id":"osm-w910029141","nome":"Horta Comunitária Nova I","tipo":"praca","area_m2":60962},"geometry":{"type":"Polygon","coordinates":[[[-42.77797,-5.00587],[-42.77867,-5.008],[-42.77689,-5.00883],[-42.7768,-5.00855],[-42.77665,-5.0086],[-42.77662,-5.00852],[-42.77648,-5.00857],[-42.77615,-5.00795],[-42.7757,-5.00723],[-42.77797,-5.00587]]]}},{"type":"Feature","properties":{"id":"osm-w910032567","nome":"Horta Comunitária Firmino Filho","tipo":"praca","area_m2":19087},"geometry":{"type":"Polygon","coordinates":[[[-42.81383,-5.01829],[-42.81346,-5.01966],[-42.81239,-5.01933],[-42.81278,-5.018],[-42.81383,-5.01829]]]}},{"type":"Feature","properties":{"id":"osm-w910032908","nome":"Horta Comunitária  Piçarreira","tipo":"praca","area_m2":24723},"geometry":{"type":"Polygon","coordinates":[[[-42.76827,-5.05317],[-42.76832,-5.05409],[-42.76804,-5.05416],[-42.76722,-5.0546],[-42.76681,-5.05487],[-42.76663,-5.05462],[-42.76648,-5.05471],[-42.76617,-5.05399],[-42.76629,-5.05389],[-42.76789,-5.05326],[-42.76827,-5.05317]]]}},{"type":"Feature","properties":{"id":"osm-w910033127","nome":"Horta Comunitária Irmã Dulce","tipo":"praca","area_m2":36305},"geometry":{"type":"Polygon","coordinates":[[[-42.77768,-5.19008],[-42.77749,-5.19133],[-42.7756,-5.19154],[-42.77554,-5.19138],[-42.77514,-5.19148],[-42.77492,-5.19041],[-42.77604,-5.19037],[-42.77685,-5.19018],[-42.77768,-5.19008]]]}},{"type":"Feature","properties":{"id":"osm-w910034718","nome":"Horta Comunitária São Francisco Sul II","tipo":"praca","area_m2":1783},"geometry":{"type":"Polygon","coordinates":[[[-42.76763,-5.15473],[-42.76767,-5.15504],[-42.76722,-5.15514],[-42.76715,-5.15485],[-42.76763,-5.15473]]]}},{"type":"Feature","properties":{"id":"osm-w910035195","nome":"Horta Comunitária Cerâmica Cil","tipo":"praca","area_m2":23170},"geometry":{"type":"Polygon","coordinates":[[[-42.80503,-5.27347],[-42.80508,-5.27437],[-42.80493,-5.27489],[-42.80378,-5.27497],[-42.80366,-5.27353],[-42.80503,-5.27347]]]}},{"type":"Feature","properties":{"id":"osm-w910035645","nome":"Campo Agrícola Eliza Romaro","tipo":"praca","area_m2":93969},"geometry":{"type":"Polygon","coordinates":[[[-42.85093,-4.92196],[-42.85131,-4.9223],[-42.85182,-4.92304],[-42.85232,-4.92396],[-42.85546,-4.92126],[-42.85531,-4.92117],[-42.85411,-4.92106],[-42.85392,-4.92118],[-42.85372,-4.92121],[-42.85347,-4.92108],[-42.85135,-4.92072],[-42.85064,-4.92175],[-42.85093,-4.92196]]]}},{"type":"Feature","properties":{"id":"osm-w910035878","nome":"Horta Comunitária Mafrense","tipo":"praca","area_m2":21930},"geometry":{"type":"Polygon","coordinates":[[[-42.83378,-5.04257],[-42.83379,-5.04311],[-42.83197,-5.04305],[-42.83198,-5.04292],[-42.83176,-5.04288],[-42.83184,-5.04188],[-42.8328,-5.04205],[-42.83278,-5.04227],[-42.83359,-5.04241],[-42.83359,-5.04256],[-42.83378,-5.04257]]]}},{"type":"Feature","properties":{"id":"osm-w910038120","nome":"Campo Agrícola Alegrias","tipo":"praca","area_m2":147529},"geometry":{"type":"Polygon","coordinates":[[[-42.74572,-5.14176],[-42.7458,-5.14213],[-42.7465,-5.14202],[-42.74679,-5.14278],[-42.74593,-5.14294],[-42.74597,-5.14314],[-42.74287,-5.14384],[-42.74155,-5.143],[-42.74141,-5.14239],[-42.74118,-5.14226],[-42.74073,-5.14214],[-42.74122,-5.14082],[-42.74149,-5.14101],[-42.74163,-5.14087],[-42.74225,-5.14102],[-42.74444,-5.14061],[-42.74456,-5.14091],[-42.74485,-5.14095],[-42.74509,-5.14182],[-42.74572,-5.14176]]]}},{"type":"Feature","properties":{"id":"osm-w910039453","nome":null,"tipo":"praca","area_m2":12962},"geometry":{"type":"Polygon","coordinates":[[[-42.82424,-4.99632],[-42.8241,-4.99702],[-42.82274,-4.99695],[-42.82273,-4.9962],[-42.82424,-4.99632]]]}},{"type":"Feature","properties":{"id":"osm-w910040233","nome":"Horta Comunitária Fraternidade","tipo":"praca","area_m2":23545},"geometry":{"type":"Polygon","coordinates":[[[-42.76546,-5.05296],[-42.76488,-5.05242],[-42.76365,-5.05292],[-42.76398,-5.05373],[-42.76424,-5.05383],[-42.76453,-5.05381],[-42.76582,-5.05352],[-42.76546,-5.05296]]]}},{"type":"Feature","properties":{"id":"osm-w910040884","nome":"Campo Agrícola Serra do Gavião","tipo":"praca","area_m2":88351},"geometry":{"type":"Polygon","coordinates":[[[-42.68223,-4.97413],[-42.68206,-4.97651],[-42.68115,-4.97843],[-42.67979,-4.97772],[-42.68017,-4.97657],[-42.68039,-4.9753],[-42.68056,-4.97392],[-42.68223,-4.97413]]]}},{"type":"Feature","properties":{"id":"osm-w910041188","nome":"Horta Comunitária Alto da Ressueirção","tipo":"praca","area_m2":10495},"geometry":{"type":"Polygon","coordinates":[[[-42.73647,-5.08333],[-42.73653,-5.08378],[-42.73465,-5.08394],[-42.73462,-5.08361],[-42.73483,-5.08346],[-42.73647,-5.08333]]]}},{"type":"Feature","properties":{"id":"osm-w910041483","nome":"Horta Carlos Feitosa","tipo":"praca","area_m2":30526},"geometry":{"type":"Polygon","coordinates":[[[-42.83794,-5.06268],[-42.8368,-5.06606],[-42.83653,-5.06594],[-42.83671,-5.06436],[-42.83674,-5.06351],[-42.83667,-5.06291],[-42.83666,-5.06252],[-42.83794,-5.06268]]]}},{"type":"Feature","properties":{"id":"osm-w910042516","nome":"Horta Comunitária Risoleta Neves","tipo":"praca","area_m2":9567},"geometry":{"type":"Polygon","coordinates":[[[-42.80925,-5.05538],[-42.80955,-5.05709],[-42.80905,-5.05712],[-42.80906,-5.05683],[-42.809,-5.05683],[-42.80886,-5.05537],[-42.80925,-5.05538]]]}},{"type":"Feature","properties":{"id":"osm-w910043638","nome":"Campo Agrícola Camboa","tipo":"praca","area_m2":56780},"geometry":{"type":"Polygon","coordinates":[[[-42.84392,-4.9732],[-42.84376,-4.97471],[-42.84097,-4.9748],[-42.84084,-4.97318],[-42.84392,-4.9732]]]}},{"type":"Feature","properties":{"id":"osm-w910043699","nome":"Horta Comunitária Nossa Senhora da Guia","tipo":"praca","area_m2":6047},"geometry":{"type":"Polygon","coordinates":[[[-42.77348,-5.10938],[-42.7733,-5.11037],[-42.77282,-5.11019],[-42.77298,-5.10928],[-42.77348,-5.10938]]]}},{"type":"Feature","properties":{"id":"osm-w910044819","nome":null,"tipo":"praca","area_m2":3322},"geometry":{"type":"Polygon","coordinates":[[[-42.72122,-5.09372],[-42.72118,-5.09414],[-42.72059,-5.09392],[-42.72057,-5.09347],[-42.72122,-5.09372]]]}},{"type":"Feature","properties":{"id":"osm-w910045287","nome":"Campo Agrícola Sinha Borges II","tipo":"praca","area_m2":50441},"geometry":{"type":"Polygon","coordinates":[[[-42.79985,-5.02452],[-42.8009,-5.02501],[-42.7999,-5.0256],[-42.79863,-5.02674],[-42.79805,-5.02759],[-42.7969,-5.02682],[-42.79803,-5.02587],[-42.79892,-5.02522],[-42.79929,-5.02465],[-42.79985,-5.02452]]]}},{"type":"Feature","properties":{"id":"osm-w910045614","nome":"Horta Comunitária Apolônia","tipo":"praca","area_m2":6902},"geometry":{"type":"Polygon","coordinates":[[[-42.83942,-5.04916],[-42.83943,-5.04974],[-42.83856,-5.04982],[-42.83853,-5.04912],[-42.83942,-5.04916]]]}},{"type":"Feature","properties":{"id":"osm-w947925354","nome":null,"tipo":"bosque","area_m2":2681},"geometry":{"type":"Polygon","coordinates":[[[-42.77771,-5.1511],[-42.77792,-5.15121],[-42.77805,-5.15111],[-42.77813,-5.15119],[-42.77811,-5.15135],[-42.77801,-5.15138],[-42.77778,-5.15137],[-42.77758,-5.15119],[-42.77743,-5.15122],[-42.77734,-5.15116],[-42.77723,-5.15118],[-42.77719,-5.15114],[-42.77722,-5.15109],[-42.77732,-5.15103],[-42.77744,-5.15079],[-42.77743,-5.15064],[-42.77749,-5.15062],[-42.77754,-5.15064],[-42.77761,-5.15072],[-42.7776,-5.15083],[-42.77749,-5.15102],[-42.77753,-5.15111],[-42.77758,-5.15114],[-42.77772,-5.15105],[-42.77771,-5.1511]]]}},{"type":"Feature","properties":{"id":"osm-w998924252","nome":null,"tipo":"parque","area_m2":2531},"geometry":{"type":"Polygon","coordinates":[[[-42.75155,-5.07639],[-42.75148,-5.07636],[-42.75145,-5.07639],[-42.75145,-5.07852],[-42.75151,-5.07856],[-42.75155,-5.07852],[-42.75155,-5.07639]]]}},{"type":"Feature","properties":{"id":"osm-w998924254","nome":null,"tipo":"parque","area_m2":1729},"geometry":{"type":"Polygon","coordinates":[[[-42.75145,-5.07471],[-42.75146,-5.07626],[-42.75151,-5.0763],[-42.75154,-5.07626],[-42.75154,-5.0747],[-42.75145,-5.07471]]]}},{"type":"Feature","properties":{"id":"osm-w998924255","nome":null,"tipo":"parque","area_m2":2098},"geometry":{"type":"Polygon","coordinates":[[[-42.75154,-5.07453],[-42.75145,-5.07454],[-42.75145,-5.07268],[-42.75147,-5.07266],[-42.75154,-5.07268],[-42.75154,-5.07453]]]}},{"type":"Feature","properties":{"id":"osm-w998924256","nome":null,"tipo":"parque","area_m2":2229},"geometry":{"type":"Polygon","coordinates":[[[-42.75156,-5.07027],[-42.75151,-5.0703],[-42.75144,-5.07029],[-42.75146,-5.06851],[-42.7515,-5.06847],[-42.75154,-5.0685],[-42.75156,-5.07027]]]}},{"type":"Feature","properties":{"id":"osm-w998924257","nome":null,"tipo":"parque","area_m2":1225},"geometry":{"type":"Polygon","coordinates":[[[-42.75153,-5.06835],[-42.75149,-5.06839],[-42.75143,-5.06836],[-42.75143,-5.06739],[-42.75148,-5.06737],[-42.75152,-5.0674],[-42.75153,-5.06835]]]}},{"type":"Feature","properties":{"id":"osm-w998924259","nome":null,"tipo":"parque","area_m2":2504},"geometry":{"type":"Polygon","coordinates":[[[-42.75154,-5.07049],[-42.75145,-5.07049],[-42.75145,-5.0726],[-42.75154,-5.07259],[-42.75154,-5.07049]]]}},{"type":"Feature","properties":{"id":"osm-w998924260","nome":null,"tipo":"parque","area_m2":1293},"geometry":{"type":"Polygon","coordinates":[[[-42.75151,-5.06524],[-42.7515,-5.06668],[-42.75153,-5.06731],[-42.75146,-5.06731],[-42.75144,-5.06731],[-42.75144,-5.06668],[-42.75151,-5.06524]]]}},{"type":"Feature","properties":{"id":"osm-w1009680859","nome":null,"tipo":"bosque","area_m2":39012},"geometry":{"type":"Polygon","coordinates":[[[-42.74186,-5.10763],[-42.74129,-5.10919],[-42.7411,-5.10908],[-42.74122,-5.10875],[-42.73932,-5.10758],[-42.73973,-5.1064],[-42.74186,-5.10763]]]}},{"type":"Feature","properties":{"id":"osm-w1009680896","nome":null,"tipo":"bosque","area_m2":141434},"geometry":{"type":"Polygon","coordinates":[[[-42.78281,-5.10867],[-42.78206,-5.10976],[-42.78133,-5.10939],[-42.78104,-5.10936],[-42.78107,-5.10953],[-42.78128,-5.1097],[-42.78129,-5.10987],[-42.78022,-5.10955],[-42.77992,-5.10962],[-42.77991,-5.10985],[-42.78003,-5.11008],[-42.77993,-5.111],[-42.77997,-5.11137],[-42.78012,-5.11214],[-42.77988,-5.11287],[-42.77974,-5.11364],[-42.77912,-5.11534],[-42.77584,-5.11939],[-42.7754,-5.11898],[-42.77684,-5.11752],[-42.77864,-5.11538],[-42.77915,-5.1145],[-42.77933,-5.11396],[-42.77954,-5.11319],[-42.77963,-5.11252],[-42.7796,-5.11217],[-42.77932,-5.1116],[-42.77916,-5.11104],[-42.77915,-5.11071],[-42.77928,-5.10912],[-42.77924,-5.10724],[-42.77986,-5.10735],[-42.78067,-5.10742],[-42.78099,-5.10749],[-42.78126,-5.10762],[-42.78281,-5.10867]]]}},{"type":"Feature","properties":{"id":"osm-w1011559926","nome":null,"tipo":"parque","area_m2":156},"geometry":{"type":"Polygon","coordinates":[[[-42.81452,-5.08105],[-42.81448,-5.08116],[-42.81433,-5.08107],[-42.81434,-5.08105],[-42.81452,-5.08105]]]}},{"type":"Feature","properties":{"id":"osm-w1011559927","nome":null,"tipo":"bosque","area_m2":2294},"geometry":{"type":"Polygon","coordinates":[[[-42.81477,-5.08061],[-42.81461,-5.08085],[-42.81383,-5.0809],[-42.81393,-5.08067],[-42.81477,-5.08061]]]}},{"type":"Feature","properties":{"id":"osm-w1011559928","nome":null,"tipo":"bosque","area_m2":8972},"geometry":{"type":"Polygon","coordinates":[[[-42.81494,-5.08059],[-42.81478,-5.08083],[-42.8156,-5.08071],[-42.81567,-5.08076],[-42.81619,-5.08073],[-42.81623,-5.08068],[-42.8167,-5.08063],[-42.8168,-5.08067],[-42.81819,-5.08056],[-42.81827,-5.08033],[-42.81494,-5.08059]]]}},{"type":"Feature","properties":{"id":"osm-w1011709349","nome":null,"tipo":"parque","area_m2":612},"geometry":{"type":"Polygon","coordinates":[[[-42.81524,-5.08635],[-42.81511,-5.0866],[-42.81495,-5.08652],[-42.81508,-5.08627],[-42.81524,-5.08635]]]}},{"type":"Feature","properties":{"id":"osm-w1011930257","nome":null,"tipo":"bosque","area_m2":10637},"geometry":{"type":"Polygon","coordinates":[[[-42.81199,-5.05979],[-42.81199,-5.0601],[-42.81186,-5.06034],[-42.81167,-5.06054],[-42.81071,-5.06075],[-42.81053,-5.06083],[-42.81123,-5.05976],[-42.81134,-5.05979],[-42.81154,-5.05969],[-42.81199,-5.05979]]]}},{"type":"Feature","properties":{"id":"osm-w1011931921","nome":null,"tipo":"bosque","area_m2":12307},"geometry":{"type":"Polygon","coordinates":[[[-42.81601,-5.05588],[-42.81551,-5.05685],[-42.81469,-5.05643],[-42.81519,-5.05546],[-42.81601,-5.05588]]]}},{"type":"Feature","properties":{"id":"osm-w1011936167","nome":null,"tipo":"bosque","area_m2":51657},"geometry":{"type":"Polygon","coordinates":[[[-42.81919,-4.84355],[-42.819,-4.8431],[-42.81884,-4.84292],[-42.81868,-4.84283],[-42.81851,-4.8428],[-42.81818,-4.84287],[-42.81786,-4.84308],[-42.81772,-4.84326],[-42.81709,-4.84444],[-42.81701,-4.84466],[-42.81697,-4.84503],[-42.81701,-4.84522],[-42.81707,-4.84533],[-42.81722,-4.84544],[-42.81742,-4.84551],[-42.81768,-4.84553],[-42.81797,-4.84549],[-42.81836,-4.84539],[-42.81851,-4.8453],[-42.81866,-4.84515],[-42.81877,-4.84496],[-42.81899,-4.84439],[-42.8192,-4.8437],[-42.81919,-4.84355]]]}},{"type":"Feature","properties":{"id":"osm-w1011936182","nome":null,"tipo":"bosque","area_m2":168607},"geometry":{"type":"Polygon","coordinates":[[[-42.82935,-4.98856],[-42.82937,-4.9882],[-42.82926,-4.98814],[-42.82823,-4.98829],[-42.82772,-4.98828],[-42.82705,-4.98819],[-42.82699,-4.98821],[-42.82683,-4.98837],[-42.8266,-4.98844],[-42.82648,-4.98837],[-42.82647,-4.98827],[-42.82653,-4.98823],[-42.82682,-4.98816],[-42.82692,-4.98812],[-42.82692,-4.98808],[-42.82633,-4.98792],[-42.82619,-4.98791],[-42.82613,-4.98796],[-42.826,-4.98824],[-42.82554,-4.98925],[-42.82541,-4.98934],[-42.8253,-4.98936],[-42.82467,-4.98928],[-42.82452,-4.98928],[-42.82446,-4.98931],[-42.82443,-4.98936],[-42.82445,-4.98943],[-42.82504,-4.98981],[-42.82512,-4.98997],[-42.82508,-4.99002],[-42.825,-4.99006],[-42.82475,-4.99007],[-42.82456,-4.99004],[-42.82453,-4.99008],[-42.82455,-4.99015],[-42.82488,-4.99041],[-42.82487,-4.99062],[-42.82483,-4.99075],[-42.82462,-4.99109],[-42.82447,-4.99145],[-42.82422,-4.9919],[-42.82421,-4.99208],[-42.82424,-4.99215],[-42.82434,-4.99221],[-42.82504,-4.99225],[-42.82522,-4.99233],[-42.82521,-4.9924],[-42.82498,-4.99248],[-42.8249,-4.99267],[-42.82494,-4.99298],[-42.82503,-4.9932],[-42.82514,-4.99324],[-42.82525,-4.99322],[-42.82574,-4.99278],[-42.82577,-4.99271],[-42.8256,-4.99263],[-42.82556,-4.99255],[-42.8257,-4.99236],[-42.82585,-4.99208],[-42.82597,-4.99167],[-42.82602,-4.99161],[-42.8263,-4.99152],[-42.82638,-4.99146],[-42.82636,-4.99139],[-42.82629,-4.99136],[-42.82582,-4.99126],[-42.82574,-4.9911],[-42.8257,-4.9911],[-42.82567,-4.99111],[-42.82566,-4.99118],[-42.82589,-4.99142],[-42.8259,-4.99156],[-42.82576,-4.99163],[-42.82559,-4.99166],[-42.82551,-4.99151],[-42.82548,-4.99115],[-42.82557,-4.99087],[-42.82596,-4.99089],[-42.82625,-4.99082],[-42.82631,-4.99087],[-42.82639,-4.99106],[-42.82665,-4.99122],[-42.82722,-4.99143],[-42.8274,-4.99154],[-42.82751,-4.99165],[-42.82754,-4.99166],[-42.82768,-4.99158],[-42.82787,-4.99158],[-42.82788,-4.99169],[-42.82778,-4.99189],[-42.82797,-4.99195],[-42.82799,-4.99202],[-42.82795,-4.99219],[-42.82798,-4.9922],[-42.82812,-4.99213],[-42.82817,-4.99201],[-42.82809,-4.99181],[-42.82815,-4.99177],[-42.82831,-4.99175],[-42.82827,-4.9917],[-42.8281,-4.99169],[-42.82801,-4.99163],[-42.82797,-4.99157],[-42.82798,-4.99145],[-42.82807,-4.99137],[-42.82815,-4.99136],[-42.82826,-4.99147],[-42.82841,-4.99151],[-42.82842,-4.99147],[-42.82827,-4.99138],[-42.82821,-4.99126],[-42.82844,-4.99122],[-42.82845,-4.99115],[-42.82827,-4.99103],[-42.82816,-4.99101],[-42.82802,-4.99129],[-42.82794,-4.99133],[-42.8278,-4.99133],[-42.82775,-4.9912],[-42.82792,-4.99104],[-42.8279,-4.99094],[-42.82759,-4.99078],[-42.82728,-4.99072],[-42.82723,-4.99081],[-42.82721,-4.99096],[-42.82711,-4.99096],[-42.82704,-4.99071],[-42.82705,-4.99068],[-42.82725,-4.9907],[-42.82726,-4.99063],[-42.82717,-4.99047],[-42.82717,-4.99044],[-42.82723,-4.99041],[-42.82731,-4.99047],[-42.82735,-4.99058],[-42.82741,-4.99062],[-42.82811,-4.9909],[-42.82829,-4.99093],[-42.82841,-4.9909],[-42.82846,-4.99085],[-42.8287,-4.99083],[-42.82871,-4.99072],[-42.82857,-4.99055],[-42.82827,-4.99042],[-42.82774,-4.99009],[-42.82747,-4.98999],[-42.82753,-4.98995],[-42.82765,-4.98998],[-42.82805,-4.99023],[-42.82842,-4.99037],[-42.82872,-4.99057],[-42.82887,-4.99053],[-42.82892,-4.99043],[-42.82893,-4.99009],[-42.82898,-4.98994],[-42.829,-4.98967],[-42.82912,-4.98945],[-42.82927,-4.98905],[-42.82935,-4.98856]]]}},{"type":"Feature","properties":{"id":"osm-w1019562114","nome":null,"tipo":"bosque","area_m2":4738},"geometry":{"type":"Polygon","coordinates":[[[-42.85189,-4.83158],[-42.85185,-4.83183],[-42.85171,-4.83205],[-42.85151,-4.83215],[-42.85141,-4.83213],[-42.85128,-4.83204],[-42.85112,-4.83181],[-42.85117,-4.83165],[-42.85136,-4.83141],[-42.85189,-4.83158]]]}},{"type":"Feature","properties":{"id":"osm-w1019604632","nome":null,"tipo":"bosque","area_m2":24409},"geometry":{"type":"Polygon","coordinates":[[[-42.79493,-4.84912],[-42.79461,-4.84858],[-42.79435,-4.84824],[-42.79408,-4.84802],[-42.79386,-4.84792],[-42.79365,-4.84787],[-42.79356,-4.84792],[-42.7935,-4.84808],[-42.79349,-4.84824],[-42.79358,-4.84845],[-42.79429,-4.84975],[-42.79435,-4.84999],[-42.79446,-4.85009],[-42.79485,-4.85016],[-42.79509,-4.85016],[-42.79515,-4.85005],[-42.79516,-4.84971],[-42.79507,-4.84928],[-42.79493,-4.84912]]]}},{"type":"Feature","properties":{"id":"osm-w1021272521","nome":null,"tipo":"bosque","area_m2":38457},"geometry":{"type":"Polygon","coordinates":[[[-42.76481,-4.82252],[-42.76472,-4.82228],[-42.76461,-4.82216],[-42.7644,-4.82208],[-42.76412,-4.82208],[-42.76393,-4.82216],[-42.76368,-4.82244],[-42.76356,-4.8228],[-42.76337,-4.82318],[-42.76309,-4.82391],[-42.76302,-4.82423],[-42.76309,-4.82454],[-42.76333,-4.82466],[-42.76357,-4.82469],[-42.76376,-4.82466],[-42.76409,-4.82444],[-42.76434,-4.82421],[-42.76455,-4.82383],[-42.76468,-4.82349],[-42.76477,-4.82308],[-42.76481,-4.82252]]]}},{"type":"Feature","properties":{"id":"osm-w1021272522","nome":null,"tipo":"bosque","area_m2":10768},"geometry":{"type":"Polygon","coordinates":[[[-42.75787,-4.82346],[-42.75727,-4.82251],[-42.75714,-4.82245],[-42.75706,-4.82245],[-42.75677,-4.82291],[-42.75685,-4.823],[-42.75686,-4.82312],[-42.75682,-4.82346],[-42.75688,-4.82358],[-42.75697,-4.82365],[-42.7571,-4.82367],[-42.75741,-4.82361],[-42.75764,-4.82368],[-42.75781,-4.82356],[-42.75787,-4.82346]]]}},{"type":"Feature","properties":{"id":"osm-w1021275341","nome":null,"tipo":"bosque","area_m2":6857},"geometry":{"type":"Polygon","coordinates":[[[-42.77319,-4.83608],[-42.77316,-4.83597],[-42.773,-4.8358],[-42.7729,-4.83563],[-42.77286,-4.8353],[-42.77232,-4.83582],[-42.77221,-4.83608],[-42.77223,-4.8362],[-42.7724,-4.83632],[-42.77317,-4.83616],[-42.77319,-4.83608]]]}},{"type":"Feature","properties":{"id":"osm-w1021275342","nome":null,"tipo":"bosque","area_m2":13754},"geometry":{"type":"Polygon","coordinates":[[[-42.77618,-4.83335],[-42.77605,-4.83264],[-42.776,-4.83206],[-42.77596,-4.83197],[-42.77575,-4.83188],[-42.77544,-4.83188],[-42.77518,-4.83193],[-42.77514,-4.83211],[-42.77517,-4.83223],[-42.77544,-4.83256],[-42.77546,-4.83274],[-42.77529,-4.8331],[-42.77528,-4.83319],[-42.77533,-4.83326],[-42.77604,-4.83345],[-42.77612,-4.83345],[-42.77618,-4.83335]]]}},{"type":"Feature","properties":{"id":"osm-w1021277009","nome":null,"tipo":"bosque","area_m2":6592},"geometry":{"type":"Polygon","coordinates":[[[-42.8726,-4.89909],[-42.87242,-4.89888],[-42.87145,-4.89827],[-42.87111,-4.89885],[-42.87244,-4.89909],[-42.87253,-4.89915],[-42.8726,-4.89909]]]}},{"type":"Feature","properties":{"id":"osm-w1021277012","nome":null,"tipo":"bosque","area_m2":98971},"geometry":{"type":"Polygon","coordinates":[[[-42.86724,-4.90619],[-42.86648,-4.90809],[-42.8632,-4.90691],[-42.86287,-4.90788],[-42.86255,-4.90854],[-42.86184,-4.91049],[-42.86172,-4.91047],[-42.86374,-4.90495],[-42.86724,-4.90619]]]}},{"type":"Feature","properties":{"id":"osm-w1021277016","nome":null,"tipo":"bosque","area_m2":85126},"geometry":{"type":"Polygon","coordinates":[[[-42.85726,-4.92435],[-42.85761,-4.92519],[-42.85775,-4.9257],[-42.85663,-4.92612],[-42.8566,-4.92606],[-42.85614,-4.92628],[-42.85697,-4.92795],[-42.85611,-4.92892],[-42.85569,-4.92855],[-42.85418,-4.92737],[-42.85398,-4.92711],[-42.85572,-4.92593],[-42.8555,-4.92559],[-42.85695,-4.92453],[-42.85726,-4.92435]]]}},{"type":"Feature","properties":{"id":"osm-w1021278107","nome":null,"tipo":"bosque","area_m2":4568577},"geometry":{"type":"Polygon","coordinates":[[[-42.79103,-4.90373],[-42.79042,-4.90477],[-42.78988,-4.90555],[-42.78635,-4.90527],[-42.78568,-4.90529],[-42.78569,-4.90551],[-42.78518,-4.90565],[-42.7834,-4.90555],[-42.78261,-4.90576],[-42.78089,-4.90578],[-42.78032,-4.90519],[-42.77963,-4.905],[-42.77834,-4.90698],[-42.77752,-4.90688],[-42.77881,-4.90402],[-42.77812,-4.90393],[-42.77627,-4.90727],[-42.7756,-4.90741],[-42.77488,-4.90736],[-42.7735,-4.90671],[-42.77166,-4.90573],[-42.77114,-4.90537],[-42.77095,-4.90489],[-42.77095,-4.90437],[-42.7702,-4.90294],[-42.76975,-4.90302],[-42.76936,-4.90271],[-42.76954,-4.90253],[-42.76953,-4.90225],[-42.76898,-4.90236],[-42.76885,-4.90202],[-42.76903,-4.90194],[-42.76989,-4.90182],[-42.77005,-4.90164],[-42.76984,-4.90124],[-42.76647,-4.90027],[-42.76514,-4.90163],[-42.76435,-4.90226],[-42.76399,-4.90228],[-42.76352,-4.90122],[-42.76426,-4.901],[-42.76438,-4.89986],[-42.76424,-4.89887],[-42.76305,-4.8991],[-42.7619,-4.89473],[-42.76183,-4.894],[-42.76254,-4.89423],[-42.76529,-4.89359],[-42.76446,-4.89487],[-42.76399,-4.89568],[-42.76401,-4.89613],[-42.76442,-4.89616],[-42.76498,-4.89587],[-42.76542,-4.89522],[-42.76576,-4.89486],[-42.76632,-4.89487],[-42.7669,-4.89472],[-42.76716,-4.89436],[-42.76754,-4.89368],[-42.76786,-4.8934],[-42.76791,-4.89297],[-42.76823,-4.89272],[-42.76857,-4.89371],[-42.76876,-4.8938],[-42.76914,-4.89358],[-42.76927,-4.89317],[-42.76921,-4.89291],[-42.7694,-4.89266],[-42.76986,-4.89224],[-42.77002,-4.89224],[-42.7702,-4.89234],[-42.77051,-4.89237],[-42.77136,-4.89231],[-42.77163,-4.89195],[-42.77183,-4.89228],[-42.77277,-4.89244],[-42.7735,-4.89202],[-42.77442,-4.89203],[-42.77504,-4.89111],[-42.77547,-4.89065],[-42.77579,-4.89069],[-42.77614,-4.89038],[-42.7766,-4.89017],[-42.77801,-4.88987],[-42.7784,-4.89021],[-42.77882,-4.8905],[-42.7789,-4.89083],[-42.77916,-4.89062],[-42.77907,-4.89029],[-42.77893,-4.88996],[-42.77858,-4.88965],[-42.77837,-4.88925],[-42.77865,-4.88898],[-42.77916,-4.88823],[-42.7797,-4.88861],[-42.78006,-4.88817],[-42.77954,-4.88757],[-42.7798,-4.88735],[-42.78003,-4.88773],[-42.78027,-4.88762],[-42.78006,-4.8872],[-42.78009,-4.88712],[-42.78034,-4.88697],[-42.78057,-4.8869],[-42.78075,-4.88694],[-42.78103,-4.88705],[-42.78142,-4.88709],[-42.78205,-4.88701],[-42.78276,-4.88708],[-42.78334,-4.88732],[-42.78377,-4.88755],[-42.78418,-4.88762],[-42.78427,-4.88799],[-42.78467,-4.88787],[-42.7847,-4.88756],[-42.78514,-4.88756],[-42.78545,-4.88767],[-42.78587,-4.88818],[-42.78556,-4.88861],[-42.78597,-4.88899],[-42.78636,-4.88922],[-42.78655,-4.88911],[-42.78671,-4.88882],[-42.78735,-4.88899],[-42.78767,-4.88914],[-42.78789,-4.88967],[-42.78832,-4.88989],[-42.78844,-4.88988],[-42.78861,-4.89034],[-42.78793,-4.89065],[-42.7882,-4.8915],[-42.78835,-4.89173],[-42.78867,-4.89188],[-42.78905,-4.89201],[-42.78952,-4.89201],[-42.78983,-4.89213],[-42.79003,-4.89248],[-42.7901,-4.89276],[-42.79025,-4.89292],[-42.79043,-4.89298],[-42.7907,-4.89483],[-42.79062,-4.8952],[-42.78999,-4.89524],[-42.78966,-4.89539],[-42.7896,-4.8956],[-42.78974,-4.89575],[-42.78995,-4.89581],[-42.79032,-4.89571],[-42.79072,-4.89566],[-42.79078,-4.89583],[-42.79016,-4.89589],[-42.78991,-4.89599],[-42.7895,-4.89605],[-42.78942,-4.89616],[-42.78957,-4.89634],[-42.79002,-4.89669],[-42.79022,-4.89714],[-42.7903,-4.89742],[-42.79033,-4.89838],[-42.79005,-4.89842],[-42.78983,-4.89861],[-42.78953,-4.89914],[-42.78946,-4.8994],[-42.78921,-4.89971],[-42.78922,-4.89994],[-42.78933,-4.90022],[-42.78948,-4.90029],[-42.78968,-4.90057],[-42.78962,-4.90153],[-42.78977,-4.90229],[-42.78963,-4.90266],[-42.7897,-4.90294],[-42.78981,-4.90317],[-42.78995,-4.90322],[-42.79019,-4.90321],[-42.79032,-4.90328],[-42.79032,-4.90343],[-42.7904,-4.90356],[-42.79062,-4.90354],[-42.79074,-4.90342],[-42.79078,-4.90327],[-42.79106,-4.90326],[-42.79103,-4.90373]]]}},{"type":"Feature","properties":{"id":"osm-w1021281246","nome":null,"tipo":"bosque","area_m2":2273991},"geometry":{"type":"Polygon","coordinates":[[[-42.77543,-4.92173],[-42.77425,-4.91837],[-42.77424,-4.9182],[-42.77452,-4.91752],[-42.77425,-4.9173],[-42.7739,-4.91731],[-42.77386,-4.91709],[-42.77421,-4.91708],[-42.77427,-4.91682],[-42.77375,-4.91687],[-42.77331,-4.91555],[-42.77311,-4.9153],[-42.77325,-4.91508],[-42.77299,-4.91435],[-42.77287,-4.91389],[-42.77244,-4.91379],[-42.77253,-4.91317],[-42.77243,-4.91294],[-42.77249,-4.91258],[-42.7719,-4.91212],[-42.77177,-4.91187],[-42.77139,-4.9118],[-42.77144,-4.91139],[-42.77128,-4.91114],[-42.77098,-4.91111],[-42.77106,-4.91068],[-42.77128,-4.91069],[-42.77098,-4.90973],[-42.77047,-4.90976],[-42.77074,-4.91059],[-42.76938,-4.91044],[-42.76883,-4.90942],[-42.76831,-4.90902],[-42.76749,-4.90956],[-42.76665,-4.90973],[-42.76619,-4.90949],[-42.76714,-4.90868],[-42.76821,-4.9077],[-42.7679,-4.90734],[-42.7662,-4.90845],[-42.76589,-4.90802],[-42.76712,-4.90737],[-42.76683,-4.90692],[-42.76717,-4.9066],[-42.76687,-4.90606],[-42.76874,-4.90475],[-42.76929,-4.90538],[-42.76992,-4.90638],[-42.77129,-4.90812],[-42.77228,-4.90752],[-42.77274,-4.90812],[-42.77319,-4.9082],[-42.77372,-4.90855],[-42.77432,-4.9086],[-42.77448,-4.90778],[-42.77497,-4.90781],[-42.77495,-4.90891],[-42.77584,-4.90892],[-42.7765,-4.90901],[-42.7768,-4.90875],[-42.77705,-4.90867],[-42.7774,-4.909],[-42.77774,-4.90872],[-42.77791,-4.90828],[-42.77807,-4.90823],[-42.77799,-4.90899],[-42.77815,-4.90906],[-42.77839,-4.909],[-42.77851,-4.90953],[-42.77861,-4.90952],[-42.77887,-4.90923],[-42.77887,-4.90811],[-42.779,-4.908],[-42.77942,-4.90784],[-42.78019,-4.90745],[-42.78052,-4.90777],[-42.78093,-4.90793],[-42.78147,-4.90761],[-42.78181,-4.91153],[-42.78261,-4.91135],[-42.78251,-4.91111],[-42.78222,-4.91071],[-42.78222,-4.91033],[-42.78211,-4.90973],[-42.78215,-4.90915],[-42.78231,-4.9084],[-42.78252,-4.90816],[-42.78293,-4.90741],[-42.78229,-4.90726],[-42.78263,-4.90662],[-42.78288,-4.90656],[-42.78434,-4.90645],[-42.78477,-4.90629],[-42.78555,-4.90617],[-42.78675,-4.90609],[-42.78706,-4.90627],[-42.78728,-4.90702],[-42.78736,-4.9076],[-42.78527,-4.90769],[-42.78524,-4.90861],[-42.78635,-4.90845],[-42.78659,-4.90887],[-42.78699,-4.90907],[-42.78903,-4.90894],[-42.78952,-4.90924],[-42.7895,-4.91103],[-42.78954,-4.91216],[-42.78945,-4.91274],[-42.78932,-4.91305],[-42.78909,-4.91336],[-42.78875,-4.91365],[-42.78739,-4.91459],[-42.78718,-4.91446],[-42.78703,-4.91426],[-42.7867,-4.91404],[-42.78616,-4.91472],[-42.78576,-4.91503],[-42.78583,-4.91562],[-42.78445,-4.91647],[-42.7839,-4.91576],[-42.78354,-4.91596],[-42.78361,-4.91624],[-42.78423,-4.91678],[-42.78321,-4.91752],[-42.78269,-4.91702],[-42.7821,-4.91719],[-42.7814,-4.91752],[-42.78139,-4.91779],[-42.78159,-4.91805],[-42.78183,-4.918],[-42.78207,-4.91805],[-42.78221,-4.91828],[-42.78104,-4.91919],[-42.7801,-4.91978],[-42.77999,-4.91968],[-42.77979,-4.91958],[-42.77952,-4.91967],[-42.77938,-4.91951],[-42.77912,-4.91937],[-42.77895,-4.91944],[-42.7788,-4.91964],[-42.77881,-4.91976],[-42.7791,-4.91983],[-42.77919,-4.91997],[-42.7787,-4.92025],[-42.77859,-4.92079],[-42.7783,-4.92104],[-42.77668,-4.9222],[-42.77543,-4.92173]]]}},{"type":"Feature","properties":{"id":"osm-w1021281247","nome":null,"tipo":"bosque","area_m2":255453},"geometry":{"type":"Polygon","coordinates":[[[-42.77425,-4.92875],[-42.77384,-4.92981],[-42.77358,-4.92988],[-42.77336,-4.92969],[-42.77341,-4.92924],[-42.7732,-4.92918],[-42.77217,-4.92921],[-42.77185,-4.92894],[-42.77186,-4.92787],[-42.77214,-4.92755],[-42.77255,-4.92687],[-42.77247,-4.92651],[-42.77192,-4.92649],[-42.77142,-4.92603],[-42.7717,-4.92435],[-42.77271,-4.92362],[-42.77458,-4.9224],[-42.77528,-4.922],[-42.77576,-4.92207],[-42.77639,-4.92231],[-42.77629,-4.92288],[-42.77605,-4.92291],[-42.77568,-4.92279],[-42.77549,-4.92362],[-42.77585,-4.92379],[-42.77425,-4.92875]]]}},{"type":"Feature","properties":{"id":"osm-w1021281248","nome":null,"tipo":"bosque","area_m2":276285},"geometry":{"type":"Polygon","coordinates":[[[-42.8525,-4.96082],[-42.85326,-4.96178],[-42.85353,-4.96241],[-42.85332,-4.96331],[-42.85324,-4.96444],[-42.85369,-4.96672],[-42.85388,-4.9684],[-42.85369,-4.9697],[-42.85324,-4.97077],[-42.85138,-4.97008],[-42.85133,-4.96894],[-42.85058,-4.96826],[-42.85044,-4.96789],[-42.85004,-4.96734],[-42.85219,-4.96157],[-42.85232,-4.96083],[-42.8525,-4.96082]]]}},{"type":"Feature","properties":{"id":"osm-w1021281249","nome":null,"tipo":"bosque","area_m2":258120},"geometry":{"type":"Polygon","coordinates":[[[-42.84226,-4.97671],[-42.84234,-4.97796],[-42.84237,-4.97954],[-42.84084,-4.97965],[-42.83931,-4.97967],[-42.83915,-4.98041],[-42.84141,-4.98058],[-42.84215,-4.98052],[-42.84201,-4.98122],[-42.83964,-4.98124],[-42.83969,-4.98094],[-42.83911,-4.98086],[-42.83906,-4.98125],[-42.8367,-4.98114],[-42.8366,-4.98089],[-42.83674,-4.98014],[-42.83672,-4.97943],[-42.83679,-4.97859],[-42.83667,-4.97719],[-42.83784,-4.97704],[-42.83869,-4.97709],[-42.84021,-4.97687],[-42.84158,-4.97671],[-42.84226,-4.97671]]]}},{"type":"Feature","properties":{"id":"osm-w1021286260","nome":null,"tipo":"bosque","area_m2":161285},"geometry":{"type":"Polygon","coordinates":[[[-42.88213,-4.89502],[-42.88192,-4.89574],[-42.88178,-4.89604],[-42.8813,-4.89682],[-42.88093,-4.89703],[-42.88084,-4.89715],[-42.87772,-4.89666],[-42.87766,-4.89661],[-42.87765,-4.89636],[-42.87743,-4.89622],[-42.87763,-4.89596],[-42.87678,-4.89538],[-42.87715,-4.89482],[-42.87744,-4.89494],[-42.87762,-4.89473],[-42.87778,-4.89479],[-42.87772,-4.89491],[-42.87835,-4.89522],[-42.87848,-4.89485],[-42.87806,-4.89465],[-42.87821,-4.89405],[-42.8784,-4.8938],[-42.87885,-4.89383],[-42.87915,-4.89342],[-42.87965,-4.89342],[-42.87971,-4.89384],[-42.87982,-4.89395],[-42.8803,-4.89406],[-42.88052,-4.89432],[-42.88071,-4.89407],[-42.88088,-4.89416],[-42.88112,-4.89327],[-42.88196,-4.89344],[-42.88165,-4.8947],[-42.88213,-4.89502]]]}},{"type":"Feature","properties":{"id":"osm-w1021286262","nome":null,"tipo":"bosque","area_m2":38758},"geometry":{"type":"Polygon","coordinates":[[[-42.84834,-4.89683],[-42.84821,-4.89808],[-42.8479,-4.89804],[-42.84778,-4.89843],[-42.84808,-4.89846],[-42.84797,-4.8995],[-42.84714,-4.8994],[-42.84719,-4.89903],[-42.84678,-4.89905],[-42.84695,-4.89831],[-42.84631,-4.89824],[-42.84625,-4.89812],[-42.84737,-4.89722],[-42.84744,-4.89671],[-42.84834,-4.89683]]]}},{"type":"Feature","properties":{"id":"osm-w1021286263","nome":null,"tipo":"bosque","area_m2":10371},"geometry":{"type":"Polygon","coordinates":[[[-42.85703,-4.92819],[-42.85724,-4.92857],[-42.85664,-4.92923],[-42.85709,-4.92967],[-42.85755,-4.92927],[-42.85739,-4.92896],[-42.85773,-4.92862],[-42.85758,-4.92806],[-42.85703,-4.92819]]]}},{"type":"Feature","properties":{"id":"osm-w1021291088","nome":null,"tipo":"bosque","area_m2":579041},"geometry":{"type":"Polygon","coordinates":[[[-42.82259,-4.96535],[-42.81627,-4.96566],[-42.81458,-4.9588],[-42.82069,-4.95756],[-42.82259,-4.96535]]]}},{"type":"Feature","properties":{"id":"osm-w1021291089","nome":null,"tipo":"bosque","area_m2":18667},"geometry":{"type":"Polygon","coordinates":[[[-42.82189,-4.95747],[-42.82233,-4.9592],[-42.82315,-4.95901],[-42.82274,-4.95729],[-42.82189,-4.95747]]]}},{"type":"Feature","properties":{"id":"osm-w1021291090","nome":null,"tipo":"bosque","area_m2":9407},"geometry":{"type":"Polygon","coordinates":[[[-42.82416,-4.957],[-42.82452,-4.95862],[-42.8248,-4.95857],[-42.82479,-4.95689],[-42.82416,-4.957]]]}},{"type":"Feature","properties":{"id":"osm-w1021291091","nome":null,"tipo":"bosque","area_m2":2708},"geometry":{"type":"Polygon","coordinates":[[[-42.8248,-4.95912],[-42.82481,-4.95956],[-42.82434,-4.95966],[-42.82425,-4.95927],[-42.8248,-4.95912]]]}},{"type":"Feature","properties":{"id":"osm-w1021291092","nome":null,"tipo":"bosque","area_m2":22671},"geometry":{"type":"Polygon","coordinates":[[[-42.82483,-4.96072],[-42.82484,-4.96269],[-42.82412,-4.96286],[-42.82369,-4.96098],[-42.82483,-4.96072]]]}},{"type":"Feature","properties":{"id":"osm-w1021291093","nome":null,"tipo":"bosque","area_m2":431429},"geometry":{"type":"Polygon","coordinates":[[[-42.82511,-4.94834],[-42.82568,-4.95184],[-42.8144,-4.95405],[-42.81396,-4.95207],[-42.81884,-4.95139],[-42.81843,-4.94902],[-42.82511,-4.94834]]]}},{"type":"Feature","properties":{"id":"osm-w1021291094","nome":null,"tipo":"bosque","area_m2":155095},"geometry":{"type":"Polygon","coordinates":[[[-42.83031,-4.94782],[-42.83073,-4.9507],[-42.82755,-4.95131],[-42.82731,-4.95],[-42.826,-4.95016],[-42.82558,-4.94833],[-42.83031,-4.94782]]]}},{"type":"Feature","properties":{"id":"osm-w1021291095","nome":null,"tipo":"bosque","area_m2":85170},"geometry":{"type":"Polygon","coordinates":[[[-42.81698,-4.89955],[-42.81679,-4.90024],[-42.81718,-4.90028],[-42.81669,-4.90139],[-42.81564,-4.90146],[-42.81542,-4.90166],[-42.8149,-4.90172],[-42.81485,-4.90147],[-42.8151,-4.90149],[-42.81503,-4.90105],[-42.81469,-4.901],[-42.81458,-4.90063],[-42.81495,-4.90061],[-42.81478,-4.90011],[-42.81393,-4.90007],[-42.81445,-4.90194],[-42.81457,-4.90284],[-42.81415,-4.90252],[-42.81345,-4.90156],[-42.8131,-4.90094],[-42.81363,-4.90084],[-42.81347,-4.90006],[-42.81308,-4.90004],[-42.81306,-4.89977],[-42.81347,-4.89979],[-42.81347,-4.89966],[-42.81375,-4.89966],[-42.81383,-4.89986],[-42.8144,-4.89989],[-42.81428,-4.89945],[-42.81364,-4.89933],[-42.81363,-4.89917],[-42.81457,-4.89929],[-42.81478,-4.89957],[-42.8149,-4.89952],[-42.81469,-4.89928],[-42.81698,-4.89955]]]}},{"type":"Feature","properties":{"id":"osm-w1021291096","nome":null,"tipo":"bosque","area_m2":9804},"geometry":{"type":"Polygon","coordinates":[[[-42.81643,-4.90205],[-42.81603,-4.90294],[-42.81575,-4.90292],[-42.81551,-4.90305],[-42.81523,-4.90303],[-42.81513,-4.90253],[-42.81555,-4.90238],[-42.81562,-4.90215],[-42.81572,-4.90208],[-42.81643,-4.90205]]]}},{"type":"Feature","properties":{"id":"osm-w1021291098","nome":null,"tipo":"bosque","area_m2":108367},"geometry":{"type":"Polygon","coordinates":[[[-42.82146,-4.90005],[-42.82084,-4.90179],[-42.82038,-4.90221],[-42.82005,-4.90266],[-42.81974,-4.90302],[-42.81949,-4.90282],[-42.81922,-4.9027],[-42.81896,-4.90287],[-42.81802,-4.90289],[-42.81789,-4.90286],[-42.8179,-4.90249],[-42.81775,-4.90253],[-42.81765,-4.90292],[-42.81757,-4.90307],[-42.81729,-4.90307],[-42.81717,-4.90343],[-42.81685,-4.90334],[-42.817,-4.90268],[-42.81741,-4.9018],[-42.8167,-4.9017],[-42.81686,-4.90124],[-42.81816,-4.90139],[-42.81816,-4.90107],[-42.81787,-4.90102],[-42.81805,-4.90041],[-42.81974,-4.90068],[-42.81998,-4.89992],[-42.82146,-4.90005]]]}},{"type":"Feature","properties":{"id":"osm-w1021291099","nome":null,"tipo":"bosque","area_m2":24521},"geometry":{"type":"Polygon","coordinates":[[[-42.81454,-4.89625],[-42.81384,-4.89846],[-42.81354,-4.89839],[-42.81337,-4.89872],[-42.81296,-4.89841],[-42.81289,-4.89812],[-42.81301,-4.89731],[-42.81324,-4.89734],[-42.81336,-4.89691],[-42.81365,-4.89686],[-42.8139,-4.89691],[-42.81415,-4.89614],[-42.81454,-4.89625]]]}},{"type":"Feature","properties":{"id":"osm-w1021291100","nome":null,"tipo":"bosque","area_m2":33573},"geometry":{"type":"Polygon","coordinates":[[[-42.8128,-4.89702],[-42.81242,-4.8979],[-42.81158,-4.89768],[-42.81138,-4.89809],[-42.81221,-4.89846],[-42.81209,-4.89887],[-42.81167,-4.89879],[-42.81148,-4.89866],[-42.81072,-4.89778],[-42.81084,-4.89743],[-42.81085,-4.89698],[-42.81094,-4.89681],[-42.81144,-4.89639],[-42.8128,-4.89702]]]}},{"type":"Feature","properties":{"id":"osm-w1021291101","nome":null,"tipo":"bosque","area_m2":4266485},"geometry":{"type":"Polygon","coordinates":[[[-42.7939,-4.9205],[-42.79344,-4.92304],[-42.79385,-4.92311],[-42.7941,-4.92227],[-42.79488,-4.92231],[-42.7948,-4.92324],[-42.79534,-4.92337],[-42.79536,-4.92441],[-42.7954,-4.92506],[-42.79565,-4.92556],[-42.79583,-4.9261],[-42.79578,-4.92698],[-42.79635,-4.92934],[-42.79555,-4.92966],[-42.79586,-4.93047],[-42.79676,-4.93068],[-42.79674,-4.93151],[-42.79479,-4.93532],[-42.79366,-4.93624],[-42.78578,-4.93675],[-42.77422,-4.93623],[-42.77243,-4.93404],[-42.77422,-4.92962],[-42.77517,-4.93007],[-42.77632,-4.93137],[-42.77662,-4.93157],[-42.77695,-4.93135],[-42.77752,-4.93152],[-42.77781,-4.93175],[-42.77748,-4.93243],[-42.77786,-4.93263],[-42.77867,-4.9317],[-42.77923,-4.93181],[-42.77944,-4.93106],[-42.77898,-4.93074],[-42.77837,-4.93115],[-42.77786,-4.93142],[-42.77687,-4.93115],[-42.77556,-4.92988],[-42.77502,-4.92943],[-42.77519,-4.92871],[-42.77513,-4.92787],[-42.77504,-4.92732],[-42.77577,-4.92522],[-42.77661,-4.92544],[-42.77685,-4.92491],[-42.77597,-4.92475],[-42.77662,-4.92285],[-42.77683,-4.92252],[-42.77729,-4.92202],[-42.77827,-4.92125],[-42.77884,-4.92086],[-42.77945,-4.92091],[-42.78032,-4.9214],[-42.78165,-4.92024],[-42.78263,-4.91961],[-42.78189,-4.91874],[-42.78227,-4.91844],[-42.7826,-4.91872],[-42.78408,-4.91783],[-42.78476,-4.91844],[-42.78693,-4.91683],[-42.7883,-4.91757],[-42.78816,-4.9189],[-42.78877,-4.91927],[-42.78864,-4.91779],[-42.79164,-4.91946],[-42.79273,-4.92002],[-42.7939,-4.9205]]]}},{"type":"Feature","properties":{"id":"osm-w1021291102","nome":null,"tipo":"bosque","area_m2":702338},"geometry":{"type":"Polygon","coordinates":[[[-42.79435,-4.91828],[-42.79392,-4.92039],[-42.79334,-4.92019],[-42.79169,-4.91942],[-42.79058,-4.91874],[-42.79095,-4.91795],[-42.79071,-4.91781],[-42.78977,-4.9183],[-42.78749,-4.91703],[-42.78673,-4.91651],[-42.78649,-4.91611],[-42.7867,-4.91589],[-42.78638,-4.91551],[-42.7867,-4.9153],[-42.78687,-4.91554],[-42.78703,-4.9154],[-42.78685,-4.91517],[-42.78712,-4.91505],[-42.78753,-4.9154],[-42.78787,-4.91536],[-42.78802,-4.91508],[-42.78769,-4.91452],[-42.78815,-4.91423],[-42.78845,-4.91462],[-42.78875,-4.91444],[-42.78848,-4.91399],[-42.7892,-4.91342],[-42.78952,-4.9128],[-42.78959,-4.91251],[-42.78961,-4.91224],[-42.78959,-4.91026],[-42.79007,-4.91028],[-42.79021,-4.90995],[-42.79167,-4.90995],[-42.7921,-4.91011],[-42.79239,-4.91037],[-42.79264,-4.91048],[-42.79283,-4.91014],[-42.79318,-4.91031],[-42.79295,-4.9107],[-42.7929,-4.91138],[-42.79333,-4.91228],[-42.79376,-4.91235],[-42.79399,-4.91277],[-42.79434,-4.91307],[-42.79468,-4.91311],[-42.79517,-4.91289],[-42.79545,-4.91372],[-42.79587,-4.91418],[-42.79622,-4.91503],[-42.79613,-4.91612],[-42.79633,-4.91736],[-42.79596,-4.91751],[-42.79489,-4.91782],[-42.79435,-4.91828]]]}},{"type":"Feature","properties":{"id":"osm-w1021291103","nome":null,"tipo":"bosque","area_m2":88388},"geometry":{"type":"Polygon","coordinates":[[[-42.81654,-4.90334],[-42.81513,-4.90726],[-42.81453,-4.9069],[-42.81388,-4.90622],[-42.8141,-4.9056],[-42.81364,-4.90548],[-42.81445,-4.90301],[-42.81654,-4.90334]]]}},{"type":"Feature","properties":{"id":"osm-w1021291104","nome":null,"tipo":"bosque","area_m2":408929},"geometry":{"type":"Polygon","coordinates":[[[-42.84799,-4.89962],[-42.84755,-4.90267],[-42.84762,-4.90367],[-42.84732,-4.90372],[-42.84488,-4.90334],[-42.84529,-4.90177],[-42.84322,-4.90168],[-42.84215,-4.90155],[-42.8418,-4.90253],[-42.84129,-4.90242],[-42.84137,-4.90144],[-42.84046,-4.90133],[-42.84034,-4.90177],[-42.83987,-4.90173],[-42.83991,-4.90131],[-42.83944,-4.90144],[-42.83936,-4.90203],[-42.83883,-4.90198],[-42.83886,-4.90185],[-42.83843,-4.90184],[-42.83856,-4.90114],[-42.83726,-4.90088],[-42.83499,-4.9005],[-42.83474,-4.90041],[-42.83537,-4.89877],[-42.83687,-4.89899],[-42.8381,-4.89895],[-42.8388,-4.89901],[-42.83923,-4.89923],[-42.83978,-4.89915],[-42.84047,-4.89854],[-42.84172,-4.89873],[-42.8417,-4.89927],[-42.84276,-4.89959],[-42.84288,-4.90006],[-42.84347,-4.90004],[-42.8435,-4.89962],[-42.84421,-4.8997],[-42.84431,-4.90018],[-42.84512,-4.90039],[-42.84527,-4.89918],[-42.84799,-4.89962]]]}},{"type":"Feature","properties":{"id":"osm-w1021294428","nome":null,"tipo":"bosque","area_m2":28588},"geometry":{"type":"Polygon","coordinates":[[[-42.80088,-4.8531],[-42.80075,-4.85272],[-42.80061,-4.85261],[-42.80019,-4.8525],[-42.79972,-4.85223],[-42.79948,-4.85217],[-42.79932,-4.85217],[-42.79914,-4.85229],[-42.799,-4.85252],[-42.79897,-4.85282],[-42.79902,-4.85302],[-42.79919,-4.85316],[-42.79964,-4.85336],[-42.79975,-4.85348],[-42.79981,-4.85402],[-42.80026,-4.85418],[-42.80072,-4.85363],[-42.80085,-4.85342],[-42.80088,-4.8531]]]}},{"type":"Feature","properties":{"id":"osm-w1021294429","nome":null,"tipo":"bosque","area_m2":11280},"geometry":{"type":"Polygon","coordinates":[[[-42.80142,-4.85036],[-42.80118,-4.85019],[-42.80091,-4.85014],[-42.80055,-4.85027],[-42.80032,-4.85041],[-42.80027,-4.85056],[-42.80028,-4.85078],[-42.80056,-4.85107],[-42.80067,-4.85112],[-42.80106,-4.85109],[-42.80136,-4.85098],[-42.80151,-4.85052],[-42.80142,-4.85036]]]}},{"type":"Feature","properties":{"id":"osm-w1021295322","nome":null,"tipo":"bosque","area_m2":205461},"geometry":{"type":"Polygon","coordinates":[[[-42.74408,-4.88068],[-42.74419,-4.88093],[-42.74423,-4.88124],[-42.74423,-4.88178],[-42.74437,-4.88189],[-42.74458,-4.88197],[-42.74465,-4.88212],[-42.74465,-4.88253],[-42.74496,-4.88273],[-42.74497,-4.88295],[-42.74481,-4.88346],[-42.74478,-4.88419],[-42.74462,-4.88457],[-42.74425,-4.88491],[-42.74252,-4.88578],[-42.74101,-4.88665],[-42.74023,-4.88623],[-42.74126,-4.88547],[-42.74111,-4.88492],[-42.74165,-4.88466],[-42.74108,-4.88333],[-42.7408,-4.88234],[-42.74113,-4.88143],[-42.74144,-4.88126],[-42.74332,-4.88083],[-42.74377,-4.88067],[-42.74408,-4.88068]]]}},{"type":"Feature","properties":{"id":"osm-w1021318512","nome":null,"tipo":"bosque","area_m2":4158},"geometry":{"type":"Polygon","coordinates":[[[-42.79644,-4.84929],[-42.79599,-4.85021],[-42.7959,-4.85025],[-42.79587,-4.85021],[-42.79585,-4.85004],[-42.79587,-4.84974],[-42.79595,-4.84927],[-42.796,-4.84924],[-42.79622,-4.84922],[-42.79644,-4.84929]]]}},{"type":"Feature","properties":{"id":"osm-w1021323693","nome":null,"tipo":"bosque","area_m2":20574},"geometry":{"type":"Polygon","coordinates":[[[-42.62874,-4.91547],[-42.62873,-4.916],[-42.62837,-4.91591],[-42.62818,-4.91578],[-42.62605,-4.91474],[-42.62618,-4.91406],[-42.62797,-4.91511],[-42.62874,-4.91547]]]}},{"type":"Feature","properties":{"id":"osm-w1021324234","nome":null,"tipo":"bosque","area_m2":12004},"geometry":{"type":"Polygon","coordinates":[[[-42.83889,-4.90283],[-42.83873,-4.90336],[-42.83833,-4.90332],[-42.83824,-4.90362],[-42.83722,-4.9035],[-42.83729,-4.90322],[-42.83749,-4.9032],[-42.83768,-4.90272],[-42.83889,-4.90283]]]}},{"type":"Feature","properties":{"id":"osm-w1021324235","nome":null,"tipo":"bosque","area_m2":46505},"geometry":{"type":"Polygon","coordinates":[[[-42.83727,-4.9032],[-42.83705,-4.90391],[-42.83818,-4.9041],[-42.8383,-4.90375],[-42.83846,-4.90378],[-42.83839,-4.90407],[-42.83856,-4.90414],[-42.83821,-4.90454],[-42.83784,-4.9045],[-42.83783,-4.9046],[-42.83807,-4.90465],[-42.83784,-4.90543],[-42.83719,-4.90521],[-42.83747,-4.90441],[-42.83679,-4.90435],[-42.83651,-4.90538],[-42.83543,-4.90483],[-42.83604,-4.90303],[-42.83727,-4.9032]]]}},{"type":"Feature","properties":{"id":"osm-w1021412612","nome":null,"tipo":"bosque","area_m2":44400},"geometry":{"type":"Polygon","coordinates":[[[-42.85143,-4.88893],[-42.85141,-4.88917],[-42.85107,-4.88918],[-42.85098,-4.88924],[-42.85054,-4.88927],[-42.85025,-4.89105],[-42.85077,-4.89127],[-42.85107,-4.8916],[-42.85096,-4.89231],[-42.85005,-4.89216],[-42.85018,-4.89143],[-42.84926,-4.89135],[-42.84931,-4.89092],[-42.84987,-4.89088],[-42.84981,-4.89048],[-42.84938,-4.89048],[-42.84961,-4.88882],[-42.84972,-4.88867],[-42.84982,-4.88866],[-42.85143,-4.88893]]]}},{"type":"Feature","properties":{"id":"osm-w1021412616","nome":null,"tipo":"bosque","area_m2":50933},"geometry":{"type":"Polygon","coordinates":[[[-42.87808,-4.88877],[-42.87809,-4.89114],[-42.87759,-4.89123],[-42.87734,-4.88986],[-42.87652,-4.88984],[-42.87648,-4.88964],[-42.87619,-4.88961],[-42.87614,-4.88902],[-42.87585,-4.88898],[-42.87555,-4.88919],[-42.87533,-4.88925],[-42.87529,-4.88803],[-42.87808,-4.88877]]]}},{"type":"Feature","properties":{"id":"osm-w1021412617","nome":null,"tipo":"bosque","area_m2":39328},"geometry":{"type":"Polygon","coordinates":[[[-42.87491,-4.88892],[-42.87499,-4.88907],[-42.87462,-4.8894],[-42.87478,-4.88994],[-42.8745,-4.89008],[-42.87484,-4.89073],[-42.8748,-4.89101],[-42.87462,-4.89116],[-42.87442,-4.89122],[-42.87431,-4.8914],[-42.87432,-4.89179],[-42.87391,-4.89177],[-42.87373,-4.8906],[-42.87367,-4.88961],[-42.87347,-4.8881],[-42.87491,-4.88892]]]}},{"type":"Feature","properties":{"id":"osm-w1021412629","nome":null,"tipo":"bosque","area_m2":38518},"geometry":{"type":"Polygon","coordinates":[[[-42.80578,-4.94731],[-42.8057,-4.94723],[-42.8055,-4.94723],[-42.8053,-4.94734],[-42.80513,-4.94754],[-42.80496,-4.94765],[-42.8046,-4.94753],[-42.80401,-4.94876],[-42.80352,-4.95015],[-42.80334,-4.95057],[-42.80333,-4.95074],[-42.8035,-4.95087],[-42.80381,-4.95087],[-42.80405,-4.95067],[-42.80417,-4.95035],[-42.80568,-4.94757],[-42.80578,-4.94731]]]}},{"type":"Feature","properties":{"id":"osm-w1021412633","nome":null,"tipo":"bosque","area_m2":261248},"geometry":{"type":"Polygon","coordinates":[[[-42.8086,-4.93587],[-42.80604,-4.94313],[-42.80314,-4.94232],[-42.80567,-4.93588],[-42.80661,-4.9361],[-42.80721,-4.93551],[-42.8086,-4.93587]]]}},{"type":"Feature","properties":{"id":"osm-w1021527415","nome":null,"tipo":"bosque","area_m2":6153},"geometry":{"type":"Polygon","coordinates":[[[-42.86215,-4.91105],[-42.86187,-4.91179],[-42.86136,-4.91164],[-42.86132,-4.9116],[-42.8613,-4.91156],[-42.8614,-4.91136],[-42.86146,-4.91132],[-42.86171,-4.91138],[-42.86178,-4.91117],[-42.86147,-4.9111],[-42.86161,-4.91076],[-42.86174,-4.91076],[-42.8619,-4.91066],[-42.86204,-4.91071],[-42.86193,-4.91098],[-42.86215,-4.91105]]]}},{"type":"Feature","properties":{"id":"osm-w1021527416","nome":null,"tipo":"bosque","area_m2":66692},"geometry":{"type":"Polygon","coordinates":[[[-42.86648,-4.90809],[-42.86534,-4.91138],[-42.86387,-4.91085],[-42.86503,-4.90757],[-42.86648,-4.90809]]]}},{"type":"Feature","properties":{"id":"osm-w1021527417","nome":null,"tipo":"bosque","area_m2":9042},"geometry":{"type":"Polygon","coordinates":[[[-42.86288,-4.90866],[-42.86217,-4.91061],[-42.86184,-4.91049],[-42.86255,-4.90854],[-42.86288,-4.90866]]]}},{"type":"Feature","properties":{"id":"osm-w1021544027","nome":null,"tipo":"bosque","area_m2":3749050},"geometry":{"type":"Polygon","coordinates":[[[-42.81349,-4.96609],[-42.81403,-4.97158],[-42.8131,-4.97165],[-42.81352,-4.97596],[-42.81391,-4.97594],[-42.81397,-4.97525],[-42.81455,-4.9752],[-42.81462,-4.97641],[-42.81201,-4.97611],[-42.80918,-4.97619],[-42.80883,-4.97718],[-42.80825,-4.97786],[-42.8083,-4.9813],[-42.80863,-4.98246],[-42.80881,-4.98733],[-42.80828,-4.98711],[-42.80791,-4.98606],[-42.80761,-4.984],[-42.80711,-4.98289],[-42.80672,-4.98259],[-42.8061,-4.98277],[-42.80603,-4.98421],[-42.80642,-4.98572],[-42.80651,-4.98657],[-42.80633,-4.98713],[-42.80574,-4.98755],[-42.80523,-4.98811],[-42.80506,-4.98897],[-42.80435,-4.98869],[-42.80381,-4.98936],[-42.80374,-4.99032],[-42.80296,-4.99149],[-42.80233,-4.99237],[-42.80172,-4.99248],[-42.79825,-4.98516],[-42.797,-4.9824],[-42.79704,-4.98228],[-42.79738,-4.98213],[-42.79745,-4.98169],[-42.79729,-4.98126],[-42.79709,-4.981],[-42.79498,-4.97984],[-42.7885,-4.97643],[-42.78843,-4.97628],[-42.78843,-4.97602],[-42.79255,-4.9733],[-42.79743,-4.97304],[-42.79813,-4.97361],[-42.79945,-4.97413],[-42.80072,-4.97417],[-42.80165,-4.97395],[-42.80272,-4.97378],[-42.80276,-4.97337],[-42.80045,-4.97308],[-42.80076,-4.9718],[-42.80275,-4.97194],[-42.80294,-4.97132],[-42.80102,-4.9711],[-42.80061,-4.96722],[-42.81349,-4.96609]]]}},{"type":"Feature","properties":{"id":"osm-w1021544032","nome":null,"tipo":"bosque","area_m2":38721},"geometry":{"type":"Polygon","coordinates":[[[-42.81464,-4.968],[-42.815,-4.97155],[-42.81597,-4.97145],[-42.81556,-4.96827],[-42.81464,-4.968]]]}},{"type":"Feature","properties":{"id":"osm-w1021544036","nome":null,"tipo":"bosque","area_m2":780669},"geometry":{"type":"Polygon","coordinates":[[[-42.81584,-4.96457],[-42.81612,-4.96558],[-42.81609,-4.96568],[-42.81598,-4.96573],[-42.81435,-4.96592],[-42.81428,-4.96529],[-42.81397,-4.96527],[-42.81375,-4.96461],[-42.81326,-4.96465],[-42.81319,-4.96488],[-42.81292,-4.96488],[-42.81305,-4.96599],[-42.81262,-4.966],[-42.81222,-4.96387],[-42.81183,-4.96404],[-42.81169,-4.96445],[-42.81133,-4.96487],[-42.81087,-4.96512],[-42.81085,-4.9655],[-42.81022,-4.96568],[-42.81018,-4.9662],[-42.80935,-4.96634],[-42.80928,-4.96394],[-42.80901,-4.96402],[-42.80891,-4.96458],[-42.80834,-4.96471],[-42.80745,-4.96578],[-42.80698,-4.96629],[-42.80635,-4.96649],[-42.80699,-4.96312],[-42.80648,-4.96322],[-42.80638,-4.96409],[-42.806,-4.96414],[-42.80616,-4.96218],[-42.80543,-4.96221],[-42.80552,-4.96135],[-42.80642,-4.9613],[-42.80747,-4.95559],[-42.81111,-4.95492],[-42.81174,-4.95928],[-42.81309,-4.95909],[-42.81424,-4.96481],[-42.81584,-4.96457]]]}},{"type":"Feature","properties":{"id":"osm-w1021544040","nome":null,"tipo":"bosque","area_m2":23715},"geometry":{"type":"Polygon","coordinates":[[[-42.80102,-4.95684],[-42.80108,-4.95729],[-42.801,-4.95737],[-42.79983,-4.95745],[-42.79971,-4.95732],[-42.79918,-4.95702],[-42.79908,-4.95691],[-42.79918,-4.95662],[-42.7989,-4.95648],[-42.79892,-4.95631],[-42.79903,-4.95632],[-42.79918,-4.9559],[-42.80102,-4.95684]]]}},{"type":"Feature","properties":{"id":"osm-w1021791089","nome":null,"tipo":"bosque","area_m2":489894},"geometry":{"type":"Polygon","coordinates":[[[-42.75171,-5.08828],[-42.75205,-5.0895],[-42.75158,-5.08953],[-42.7514,-5.08926],[-42.75042,-5.08935],[-42.75039,-5.08899],[-42.74962,-5.08906],[-42.74986,-5.09263],[-42.7498,-5.09273],[-42.7487,-5.09264],[-42.7443,-5.0924],[-42.74372,-5.08986],[-42.74283,-5.08962],[-42.74296,-5.08918],[-42.74258,-5.0891],[-42.74247,-5.08953],[-42.7401,-5.0889],[-42.74011,-5.08855],[-42.74146,-5.08875],[-42.74166,-5.08882],[-42.7421,-5.08768],[-42.74262,-5.08767],[-42.74262,-5.08755],[-42.74294,-5.08749],[-42.74392,-5.0876],[-42.74376,-5.08608],[-42.74413,-5.08603],[-42.74398,-5.08476],[-42.74568,-5.08461],[-42.74601,-5.08762],[-42.74725,-5.08771],[-42.74792,-5.08772],[-42.74843,-5.08786],[-42.74888,-5.08794],[-42.74886,-5.08787],[-42.74926,-5.08783],[-42.74959,-5.08802],[-42.74973,-5.08878],[-42.75125,-5.08848],[-42.75128,-5.08841],[-42.75171,-5.08828]]]}},{"type":"Feature","properties":{"id":"osm-w1021791091","nome":"Área Verde I","tipo":"bosque","area_m2":15300},"geometry":{"type":"Polygon","coordinates":[[[-42.7413,-5.08038],[-42.74138,-5.08157],[-42.74104,-5.08195],[-42.74014,-5.08113],[-42.74078,-5.08036],[-42.7413,-5.08038]]]}},{"type":"Feature","properties":{"id":"osm-w1021791092","nome":"Área Verde II","tipo":"bosque","area_m2":79876},"geometry":{"type":"Polygon","coordinates":[[[-42.73564,-5.07613],[-42.73698,-5.07896],[-42.73674,-5.08113],[-42.73518,-5.08129],[-42.73539,-5.07913],[-42.735,-5.07859],[-42.7358,-5.07813],[-42.73475,-5.07664],[-42.73564,-5.07613]]]}},{"type":"Feature","properties":{"id":"osm-w1021820603","nome":null,"tipo":"bosque","area_m2":27828},"geometry":{"type":"Polygon","coordinates":[[[-42.71598,-4.91582],[-42.71612,-4.91613],[-42.715,-4.91655],[-42.71385,-4.91687],[-42.71379,-4.91645],[-42.71326,-4.91659],[-42.71305,-4.91591],[-42.71351,-4.91578],[-42.71393,-4.91571],[-42.71464,-4.91572],[-42.71598,-4.91582]]]}},{"type":"Feature","properties":{"id":"osm-w1021820604","nome":null,"tipo":"bosque","area_m2":4308},"geometry":{"type":"Polygon","coordinates":[[[-42.73222,-4.90984],[-42.73222,-4.91012],[-42.73088,-4.91008],[-42.7309,-4.90983],[-42.73222,-4.90984]]]}},{"type":"Feature","properties":{"id":"osm-w1021820605","nome":null,"tipo":"bosque","area_m2":8281},"geometry":{"type":"Polygon","coordinates":[[[-42.7308,-4.90977],[-42.73078,-4.91003],[-42.72815,-4.90998],[-42.72814,-4.90974],[-42.7308,-4.90977]]]}},{"type":"Feature","properties":{"id":"osm-w1021820606","nome":null,"tipo":"bosque","area_m2":24861},"geometry":{"type":"Polygon","coordinates":[[[-42.73217,-4.90615],[-42.73221,-4.90751],[-42.73067,-4.90748],[-42.73067,-4.90618],[-42.73217,-4.90615]]]}},{"type":"Feature","properties":{"id":"osm-w1021820607","nome":null,"tipo":"bosque","area_m2":121766},"geometry":{"type":"Polygon","coordinates":[[[-42.73733,-4.91054],[-42.73748,-4.91162],[-42.73729,-4.91163],[-42.7369,-4.91293],[-42.73558,-4.91308],[-42.73522,-4.9115],[-42.73329,-4.91176],[-42.73306,-4.91196],[-42.73341,-4.91217],[-42.73337,-4.91234],[-42.73295,-4.91237],[-42.73331,-4.91406],[-42.73308,-4.91409],[-42.73272,-4.91237],[-42.73251,-4.91202],[-42.73234,-4.9119],[-42.73211,-4.91195],[-42.7321,-4.91026],[-42.73733,-4.91054]]]}},{"type":"Feature","properties":{"id":"osm-w1034253946","nome":null,"tipo":"parque","area_m2":1015},"geometry":{"type":"Polygon","coordinates":[[[-42.81025,-5.08993],[-42.81016,-5.09001],[-42.80951,-5.08969],[-42.80952,-5.08967],[-42.80958,-5.08961],[-42.81025,-5.08993]]]}},{"type":"Feature","properties":{"id":"osm-w1034329473","nome":null,"tipo":"bosque","area_m2":1995235},"geometry":{"type":"Polygon","coordinates":[[[-42.79535,-4.95257],[-42.79414,-4.95614],[-42.79397,-4.95625],[-42.7913,-4.95666],[-42.79125,-4.957],[-42.79113,-4.95714],[-42.791,-4.95719],[-42.79088,-4.95714],[-42.79059,-4.95678],[-42.78948,-4.95694],[-42.78892,-4.95674],[-42.78817,-4.95613],[-42.78771,-4.9559],[-42.78732,-4.95559],[-42.78692,-4.95549],[-42.78674,-4.95539],[-42.78664,-4.95521],[-42.78671,-4.9549],[-42.7867,-4.95461],[-42.78663,-4.95446],[-42.78633,-4.95423],[-42.78626,-4.95399],[-42.78593,-4.95361],[-42.78589,-4.95352],[-42.78602,-4.95345],[-42.7867,-4.95343],[-42.78683,-4.9535],[-42.78698,-4.95367],[-42.78717,-4.95404],[-42.78761,-4.95439],[-42.78799,-4.95439],[-42.7886,-4.95476],[-42.78883,-4.95472],[-42.7891,-4.95475],[-42.78927,-4.95469],[-42.78935,-4.9546],[-42.78938,-4.95448],[-42.78921,-4.9542],[-42.78882,-4.95321],[-42.78871,-4.953],[-42.78859,-4.95292],[-42.78808,-4.95287],[-42.78759,-4.95307],[-42.78742,-4.95305],[-42.78706,-4.95288],[-42.7869,-4.95287],[-42.78592,-4.95301],[-42.78577,-4.95315],[-42.78583,-4.95339],[-42.78549,-4.95329],[-42.7854,-4.9533],[-42.78536,-4.95339],[-42.78547,-4.95362],[-42.78573,-4.95401],[-42.78593,-4.95456],[-42.78599,-4.95523],[-42.78592,-4.95556],[-42.78579,-4.95591],[-42.78585,-4.95602],[-42.78591,-4.95626],[-42.78587,-4.95663],[-42.78592,-4.95671],[-42.78611,-4.9568],[-42.78624,-4.95693],[-42.78633,-4.95712],[-42.78639,-4.95714],[-42.7866,-4.95692],[-42.7866,-4.95651],[-42.78664,-4.95626],[-42.78675,-4.95614],[-42.78686,-4.95612],[-42.78709,-4.95618],[-42.78735,-4.95636],[-42.7877,-4.95649],[-42.7885,-4.95712],[-42.78867,-4.95712],[-42.78907,-4.95704],[-42.79031,-4.95689],[-42.79073,-4.95718],[-42.79094,-4.9576],[-42.79088,-4.95788],[-42.7907,-4.95813],[-42.7909,-4.95836],[-42.79097,-4.9586],[-42.79082,-4.95881],[-42.78942,-4.95882],[-42.78918,-4.95885],[-42.78919,-4.95903],[-42.7893,-4.9592],[-42.78945,-4.9593],[-42.78967,-4.95905],[-42.78975,-4.95912],[-42.78981,-4.95938],[-42.78983,-4.95967],[-42.78998,-4.95982],[-42.78998,-4.96002],[-42.78981,-4.96044],[-42.78974,-4.96042],[-42.78964,-4.96017],[-42.78948,-4.96006],[-42.78933,-4.96007],[-42.78918,-4.9602],[-42.78917,-4.96044],[-42.78938,-4.961],[-42.78951,-4.96113],[-42.79,-4.96101],[-42.79018,-4.96103],[-42.79031,-4.96148],[-42.79043,-4.96162],[-42.79059,-4.96159],[-42.79072,-4.96148],[-42.7908,-4.96128],[-42.79091,-4.96123],[-42.7911,-4.9614],[-42.79114,-4.96152],[-42.79109,-4.96178],[-42.79121,-4.96204],[-42.7913,-4.96217],[-42.79101,-4.96289],[-42.79043,-4.96293],[-42.79031,-4.9631],[-42.7903,-4.96332],[-42.79045,-4.96344],[-42.78958,-4.96556],[-42.78923,-4.96574],[-42.78885,-4.96584],[-42.7875,-4.96606],[-42.78535,-4.96664],[-42.78409,-4.96683],[-42.78299,-4.9668],[-42.7827,-4.96698],[-42.78251,-4.96759],[-42.78238,-4.96823],[-42.78165,-4.96847],[-42.7798,-4.95946],[-42.78201,-4.95421],[-42.78583,-4.95091],[-42.78741,-4.94965],[-42.78912,-4.94915],[-42.79535,-4.95257]]]}},{"type":"Feature","properties":{"id":"osm-w1034655201","nome":null,"tipo":"bosque","area_m2":194758},"geometry":{"type":"Polygon","coordinates":[[[-42.84189,-4.99644],[-42.84056,-4.99888],[-42.83504,-4.99698],[-42.83599,-4.99502],[-42.8371,-4.9955],[-42.8374,-4.99473],[-42.84189,-4.99644]]]}},{"type":"Feature","properties":{"id":"osm-w1036128934","nome":null,"tipo":"bosque","area_m2":52560},"geometry":{"type":"Polygon","coordinates":[[[-42.79322,-5.00659],[-42.79265,-5.00519],[-42.79257,-5.00482],[-42.79183,-5.00455],[-42.7913,-5.00449],[-42.79103,-5.00452],[-42.7905,-5.00473],[-42.79028,-5.00486],[-42.79082,-5.00617],[-42.79152,-5.00596],[-42.79216,-5.00703],[-42.79322,-5.00659]]]}},{"type":"Feature","properties":{"id":"osm-w1036128935","nome":null,"tipo":"bosque","area_m2":17175},"geometry":{"type":"Polygon","coordinates":[[[-42.79505,-5.00658],[-42.79462,-5.00677],[-42.79445,-5.00646],[-42.79407,-5.0061],[-42.79387,-5.0058],[-42.79359,-5.00505],[-42.79436,-5.00477],[-42.79505,-5.00658]]]}},{"type":"Feature","properties":{"id":"osm-w1063316238","nome":null,"tipo":"praca","area_m2":1766},"geometry":{"type":"Polygon","coordinates":[[[-42.79372,-5.08693],[-42.79378,-5.08686],[-42.79378,-5.0868],[-42.79357,-5.0867],[-42.79339,-5.08695],[-42.79358,-5.08714],[-42.7935,-5.0873],[-42.79344,-5.08728],[-42.79343,-5.08733],[-42.79353,-5.08737],[-42.79362,-5.08731],[-42.79369,-5.08732],[-42.79375,-5.08718],[-42.79371,-5.08707],[-42.79372,-5.08693]]]}},{"type":"Feature","properties":{"id":"osm-w1063316239","nome":null,"tipo":"praca","area_m2":2349},"geometry":{"type":"Polygon","coordinates":[[[-42.79364,-5.08737],[-42.79367,-5.0874],[-42.79365,-5.08747],[-42.79403,-5.08765],[-42.79432,-5.08707],[-42.79455,-5.08718],[-42.79409,-5.08778],[-42.79346,-5.08746],[-42.7935,-5.0874],[-42.79364,-5.08737]]]}},{"type":"Feature","properties":{"id":"osm-w1090320249","nome":"Praça da Nova Teresina","tipo":"praca","area_m2":2465},"geometry":{"type":"Polygon","coordinates":[[[-42.79453,-5.00341],[-42.79452,-5.00352],[-42.79636,-5.00351],[-42.79635,-5.0034],[-42.79453,-5.00341]]]}},{"type":"Feature","properties":{"id":"osm-w1094525465","nome":null,"tipo":"bosque","area_m2":1380},"geometry":{"type":"Polygon","coordinates":[[[-42.77103,-5.0597],[-42.77107,-5.06005],[-42.7714,-5.05997],[-42.77136,-5.05965],[-42.77103,-5.0597]]]}},{"type":"Feature","properties":{"id":"osm-w1094526650","nome":"Campinho Planalto","tipo":"lazer","area_m2":802},"geometry":{"type":"Polygon","coordinates":[[[-42.77221,-5.06026],[-42.77219,-5.06005],[-42.77248,-5.06],[-42.77252,-5.06021],[-42.77221,-5.06026]]]}},{"type":"Feature","properties":{"id":"osm-w1106183459","nome":"Praça João Gayoso","tipo":"parque","area_m2":437},"geometry":{"type":"Polygon","coordinates":[[[-42.82147,-5.08574],[-42.82131,-5.08602],[-42.82122,-5.08596],[-42.82137,-5.08567],[-42.82147,-5.08574]]]}},{"type":"Feature","properties":{"id":"osm-w1106183501","nome":"Praça Motorista Gregório","tipo":"parque","area_m2":1310},"geometry":{"type":"Polygon","coordinates":[[[-42.79849,-5.07901],[-42.79826,-5.07932],[-42.79804,-5.07916],[-42.79828,-5.07885],[-42.79849,-5.07901]]]}},{"type":"Feature","properties":{"id":"osm-w1113768003","nome":"Curva São Paulo","tipo":"parque","area_m2":47240},"geometry":{"type":"Polygon","coordinates":[[[-42.73213,-5.11174],[-42.73183,-5.11213],[-42.73071,-5.11213],[-42.7304,-5.11201],[-42.73029,-5.11188],[-42.7299,-5.11171],[-42.72975,-5.11162],[-42.72964,-5.11147],[-42.7296,-5.1113],[-42.72957,-5.11117],[-42.7296,-5.11099],[-42.73024,-5.11023],[-42.73042,-5.10959],[-42.73119,-5.1102],[-42.73111,-5.11049],[-42.73224,-5.11142],[-42.73213,-5.11174]]]}},{"type":"Feature","properties":{"id":"osm-w1120110021","nome":"Praça Rosa Evangelista Pessoa","tipo":"parque","area_m2":1445},"geometry":{"type":"Polygon","coordinates":[[[-42.74352,-5.11728],[-42.74325,-5.11719],[-42.74312,-5.11757],[-42.7434,-5.11768],[-42.74352,-5.11728]]]}},{"type":"Feature","properties":{"id":"osm-w1121682091","nome":"Praça Professor Edmilson Paixão","tipo":"parque","area_m2":453},"geometry":{"type":"Polygon","coordinates":[[[-42.8187,-5.08026],[-42.81846,-5.08014],[-42.81837,-5.08035],[-42.81868,-5.0803],[-42.8187,-5.08026]]]}},{"type":"Feature","properties":{"id":"osm-w1121707272","nome":"Praça Largo dos Salu","tipo":"parque","area_m2":844},"geometry":{"type":"Polygon","coordinates":[[[-42.66498,-5.03176],[-42.66486,-5.03158],[-42.66458,-5.03167],[-42.66467,-5.03188],[-42.66498,-5.03176]]]}},{"type":"Feature","properties":{"id":"osm-w1121707273","nome":"Praça Valdemar Costa Junior","tipo":"parque","area_m2":2938},"geometry":{"type":"Polygon","coordinates":[[[-42.81844,-5.02796],[-42.81805,-5.02913],[-42.81788,-5.02907],[-42.81833,-5.02773],[-42.81837,-5.02774],[-42.81844,-5.02796]]]}},{"type":"Feature","properties":{"id":"osm-w1121707274","nome":"Praça Celina Sá Pádua","tipo":"parque","area_m2":2500},"geometry":{"type":"Polygon","coordinates":[[[-42.74919,-5.04334],[-42.749,-5.04335],[-42.74902,-5.04437],[-42.74922,-5.04438],[-42.74919,-5.04334]]]}},{"type":"Feature","properties":{"id":"osm-w1206197367","nome":null,"tipo":"parque","area_m2":1473},"geometry":{"type":"Polygon","coordinates":[[[-42.80396,-5.09968],[-42.80386,-5.09993],[-42.80393,-5.09996],[-42.80375,-5.10025],[-42.8036,-5.09999],[-42.80379,-5.0996],[-42.80396,-5.09968]]]}},{"type":"Feature","properties":{"id":"osm-w1221867840","nome":null,"tipo":"bosque","area_m2":359},"geometry":{"type":"Polygon","coordinates":[[[-42.77745,-5.06261],[-42.77742,-5.06272],[-42.77716,-5.06263],[-42.77719,-5.06253],[-42.77745,-5.06261]]]}},{"type":"Feature","properties":{"id":"osm-w1221868030","nome":null,"tipo":"bosque","area_m2":1386},"geometry":{"type":"Polygon","coordinates":[[[-42.77677,-5.06259],[-42.77666,-5.06299],[-42.77639,-5.06292],[-42.77652,-5.06252],[-42.77677,-5.06259]]]}},{"type":"Feature","properties":{"id":"osm-w1221870025","nome":null,"tipo":"bosque","area_m2":1049},"geometry":{"type":"Polygon","coordinates":[[[-42.77733,-5.06306],[-42.77724,-5.06335],[-42.77749,-5.06344],[-42.77759,-5.06314],[-42.77733,-5.06306]]]}},{"type":"Feature","properties":{"id":"osm-w1221871642","nome":null,"tipo":"bosque","area_m2":368},"geometry":{"type":"Polygon","coordinates":[[[-42.77723,-5.06337],[-42.7772,-5.06347],[-42.77695,-5.06339],[-42.77697,-5.06328],[-42.77723,-5.06337]]]}},{"type":"Feature","properties":{"id":"osm-w1221872363","nome":null,"tipo":"bosque","area_m2":2413},"geometry":{"type":"Polygon","coordinates":[[[-42.7781,-5.06245],[-42.77812,-5.06266],[-42.77798,-5.0627],[-42.77806,-5.06303],[-42.77764,-5.06312],[-42.77786,-5.06241],[-42.7781,-5.06245]]]}},{"type":"Feature","properties":{"id":"osm-w1286638470","nome":null,"tipo":"parque","area_m2":2003},"geometry":{"type":"Polygon","coordinates":[[[-42.83475,-4.98729],[-42.83474,-4.9874],[-42.83609,-4.98767],[-42.83611,-4.98755],[-42.83475,-4.98729]]]}},{"type":"Feature","properties":{"id":"osm-w1286638471","nome":null,"tipo":"parque","area_m2":1437},"geometry":{"type":"Polygon","coordinates":[[[-42.83273,-4.98702],[-42.83372,-4.9872],[-42.83374,-4.98709],[-42.83275,-4.9869],[-42.83273,-4.98702]]]}},{"type":"Feature","properties":{"id":"osm-w1310862415","nome":null,"tipo":"bosque","area_m2":17602},"geometry":{"type":"Polygon","coordinates":[[[-42.75875,-5.20238],[-42.75789,-5.20237],[-42.75737,-5.20406],[-42.75822,-5.20404],[-42.75875,-5.20238]]]}},{"type":"Feature","properties":{"id":"osm-w1310862416","nome":null,"tipo":"bosque","area_m2":17321},"geometry":{"type":"Polygon","coordinates":[[[-42.75817,-5.2042],[-42.75732,-5.20421],[-42.75681,-5.20586],[-42.75767,-5.20585],[-42.75817,-5.2042]]]}},{"type":"Feature","properties":{"id":"osm-w1310862417","nome":null,"tipo":"bosque","area_m2":13537},"geometry":{"type":"Polygon","coordinates":[[[-42.75757,-5.20602],[-42.75677,-5.20607],[-42.75635,-5.20743],[-42.75716,-5.20743],[-42.75757,-5.20602]]]}},{"type":"Feature","properties":{"id":"osm-w1312522824","nome":null,"tipo":"parque","area_m2":516},"geometry":{"type":"Polygon","coordinates":[[[-42.75781,-5.10908],[-42.75739,-5.10903],[-42.75739,-5.10906],[-42.7578,-5.10925],[-42.75781,-5.10908]]]}},{"type":"Feature","properties":{"id":"osm-w1312882208","nome":null,"tipo":"parque","area_m2":9036},"geometry":{"type":"Polygon","coordinates":[[[-42.7809,-5.01416],[-42.78123,-5.015],[-42.78061,-5.01541],[-42.78013,-5.01469],[-42.7809,-5.01416]]]}},{"type":"Feature","properties":{"id":"osm-w1316818314","nome":null,"tipo":"parque","area_m2":463},"geometry":{"type":"Polygon","coordinates":[[[-42.73837,-5.09819],[-42.73827,-5.09848],[-42.73838,-5.09853],[-42.73848,-5.09824],[-42.73837,-5.09819]]]}},{"type":"Feature","properties":{"id":"osm-w1316920892","nome":null,"tipo":"parque","area_m2":1261},"geometry":{"type":"Polygon","coordinates":[[[-42.7341,-5.09925],[-42.73422,-5.09918],[-42.73435,-5.09921],[-42.73442,-5.09933],[-42.73439,-5.09946],[-42.73428,-5.09953],[-42.73414,-5.09951],[-42.73407,-5.09939],[-42.7341,-5.09925]]]}},{"type":"Feature","properties":{"id":"osm-w1323210949","nome":null,"tipo":"parque","area_m2":868},"geometry":{"type":"Polygon","coordinates":[[[-42.75384,-5.10955],[-42.75408,-5.10965],[-42.75386,-5.11014],[-42.75384,-5.10955]]]}},{"type":"Feature","properties":{"id":"osm-w1325432453","nome":"Área Verde III","tipo":"bosque","area_m2":9916},"geometry":{"type":"Polygon","coordinates":[[[-42.73468,-5.08266],[-42.73486,-5.08301],[-42.73483,-5.08336],[-42.73454,-5.08352],[-42.73347,-5.08356],[-42.73345,-5.08353],[-42.73298,-5.08358],[-42.73468,-5.08266]]]}},{"type":"Feature","properties":{"id":"osm-w1332870998","nome":"Praça de Todos","tipo":"parque","area_m2":6361},"geometry":{"type":"Polygon","coordinates":[[[-42.75851,-5.07021],[-42.75844,-5.07102],[-42.75779,-5.07096],[-42.75786,-5.07021],[-42.75851,-5.07021]]]}},{"type":"Feature","properties":{"id":"osm-w1334246413","nome":null,"tipo":"parque","area_m2":6155},"geometry":{"type":"Polygon","coordinates":[[[-42.73346,-5.09195],[-42.73423,-5.09248],[-42.73427,-5.09262],[-42.73342,-5.09293],[-42.73338,-5.09216],[-42.73335,-5.0921],[-42.73346,-5.09195]]]}},{"type":"Feature","properties":{"id":"osm-w1334518533","nome":null,"tipo":"praca","area_m2":1187},"geometry":{"type":"Polygon","coordinates":[[[-42.78988,-5.10151],[-42.78997,-5.10184],[-42.78966,-5.10192],[-42.7897,-5.10174],[-42.78956,-5.10161],[-42.78988,-5.10151]]]}},{"type":"Feature","properties":{"id":"osm-w1337791067","nome":null,"tipo":"bosque","area_m2":18764},"geometry":{"type":"Polygon","coordinates":[[[-42.81966,-5.09156],[-42.8197,-5.09134],[-42.81993,-5.09096],[-42.82024,-5.0906],[-42.82048,-5.09043],[-42.82056,-5.0902],[-42.82084,-5.08984],[-42.82109,-5.08919],[-42.82121,-5.08908],[-42.82134,-5.08887],[-42.82176,-5.08836],[-42.82193,-5.08805],[-42.82237,-5.08746],[-42.82299,-5.08692],[-42.82366,-5.08642],[-42.82386,-5.08616],[-42.82394,-5.08612],[-42.82405,-5.08619],[-42.82406,-5.0863],[-42.82347,-5.08669],[-42.82319,-5.08706],[-42.82297,-5.08722],[-42.82274,-5.08744],[-42.82264,-5.08748],[-42.82238,-5.08777],[-42.82202,-5.08824],[-42.82183,-5.08864],[-42.82165,-5.0889],[-42.82142,-5.0892],[-42.82119,-5.0894],[-42.82092,-5.08987],[-42.82095,-5.09024],[-42.82078,-5.0906],[-42.82052,-5.09082],[-42.82043,-5.09074],[-42.82034,-5.09073],[-42.82002,-5.09102],[-42.81999,-5.09105],[-42.82001,-5.09109],[-42.82019,-5.09112],[-42.82022,-5.09115],[-42.82021,-5.09123],[-42.82004,-5.09136],[-42.81996,-5.09147],[-42.8198,-5.09146],[-42.81974,-5.0917],[-42.81952,-5.09184],[-42.8195,-5.09172],[-42.81957,-5.09161],[-42.81966,-5.09156]]]}},{"type":"Feature","properties":{"id":"osm-w1338665325","nome":null,"tipo":"bosque","area_m2":41222},"geometry":{"type":"Polygon","coordinates":[[[-42.75713,-5.03766],[-42.75698,-5.03768],[-42.75692,-5.03765],[-42.75685,-5.03747],[-42.75684,-5.03732],[-42.75667,-5.03729],[-42.75657,-5.03722],[-42.75648,-5.03723],[-42.75644,-5.03728],[-42.75627,-5.03735],[-42.75615,-5.03728],[-42.75611,-5.03714],[-42.75583,-5.0372],[-42.75584,-5.03735],[-42.75572,-5.03747],[-42.75557,-5.03749],[-42.7556,-5.03764],[-42.75542,-5.03769],[-42.75543,-5.03786],[-42.75558,-5.03783],[-42.75567,-5.03838],[-42.7555,-5.03848],[-42.75528,-5.03855],[-42.75529,-5.03864],[-42.75504,-5.03871],[-42.7551,-5.03968],[-42.75544,-5.03967],[-42.75538,-5.03897],[-42.75563,-5.03895],[-42.75567,-5.03965],[-42.75601,-5.03965],[-42.75599,-5.03921],[-42.75634,-5.03918],[-42.75634,-5.03938],[-42.75683,-5.03933],[-42.75682,-5.03897],[-42.75689,-5.03889],[-42.7569,-5.03866],[-42.75681,-5.03867],[-42.75671,-5.03862],[-42.75667,-5.03852],[-42.75672,-5.03848],[-42.75722,-5.03835],[-42.75722,-5.03769],[-42.75713,-5.03766]]]}},{"type":"Feature","properties":{"id":"osm-w1376545679","nome":"Horta comunitária do Poty Velho","tipo":"praca","area_m2":6845},"geometry":{"type":"Polygon","coordinates":[[[-42.82492,-5.03335],[-42.82478,-5.03357],[-42.8233,-5.03305],[-42.82358,-5.03267],[-42.82492,-5.03335]]]}},{"type":"Feature","properties":{"id":"osm-w1376545680","nome":"Horta Comunitária do Poty Velho","tipo":"praca","area_m2":1681},"geometry":{"type":"Polygon","coordinates":[[[-42.82556,-5.03359],[-42.82539,-5.03383],[-42.8249,-5.03363],[-42.82503,-5.03344],[-42.82556,-5.03359]]]}},{"type":"Feature","properties":{"id":"osm-w1383386652","nome":null,"tipo":"parque","area_m2":1502},"geometry":{"type":"Polygon","coordinates":[[[-42.80418,-5.05172],[-42.80432,-5.0518],[-42.80436,-5.05193],[-42.80427,-5.05208],[-42.80414,-5.05211],[-42.80402,-5.05206],[-42.80396,-5.0519],[-42.80401,-5.05178],[-42.80418,-5.05172]]]}},{"type":"Feature","properties":{"id":"osm-w1383662379","nome":null,"tipo":"bosque","area_m2":380097},"geometry":{"type":"Polygon","coordinates":[[[-42.78674,-5.04908],[-42.7865,-5.04827],[-42.78568,-5.04862],[-42.78558,-5.0483],[-42.78541,-5.04812],[-42.78527,-5.04807],[-42.78516,-5.04729],[-42.7862,-5.04719],[-42.78645,-5.04725],[-42.78659,-5.04641],[-42.78659,-5.04623],[-42.78647,-5.04611],[-42.7864,-5.04566],[-42.78641,-5.04486],[-42.78634,-5.04384],[-42.78597,-5.04309],[-42.7858,-5.0429],[-42.7855,-5.0427],[-42.78539,-5.04254],[-42.78505,-5.04244],[-42.78505,-5.04239],[-42.78539,-5.04187],[-42.78448,-5.04128],[-42.78424,-5.04163],[-42.78411,-5.04153],[-42.78381,-5.04147],[-42.78373,-5.04141],[-42.7838,-5.04128],[-42.78376,-5.0412],[-42.7834,-5.04111],[-42.78301,-5.04081],[-42.783,-5.04066],[-42.78307,-5.04059],[-42.78305,-5.04046],[-42.78292,-5.04036],[-42.78286,-5.04034],[-42.78267,-5.04043],[-42.78247,-5.04068],[-42.78236,-5.04073],[-42.78209,-5.04035],[-42.7837,-5.03896],[-42.78394,-5.03941],[-42.78412,-5.03968],[-42.78513,-5.0407],[-42.78535,-5.0409],[-42.78559,-5.04104],[-42.7864,-5.04163],[-42.78713,-5.04211],[-42.7877,-5.0424],[-42.78825,-5.04263],[-42.78875,-5.04294],[-42.78928,-5.0432],[-42.79018,-5.04353],[-42.79171,-5.04394],[-42.79134,-5.04475],[-42.78983,-5.04722],[-42.78946,-5.04769],[-42.78913,-5.04795],[-42.7888,-5.04813],[-42.78674,-5.04908]]]}},{"type":"Feature","properties":{"id":"osm-w1383662380","nome":null,"tipo":"bosque","area_m2":51825},"geometry":{"type":"Polygon","coordinates":[[[-42.78335,-5.04341],[-42.78358,-5.04387],[-42.78375,-5.04382],[-42.78407,-5.04462],[-42.78416,-5.04476],[-42.78416,-5.04487],[-42.78425,-5.04515],[-42.78404,-5.04526],[-42.78369,-5.04495],[-42.78355,-5.04497],[-42.78354,-5.04519],[-42.78341,-5.04555],[-42.78341,-5.04565],[-42.78349,-5.04571],[-42.78349,-5.04582],[-42.78342,-5.04588],[-42.78328,-5.04577],[-42.78325,-5.04572],[-42.78302,-5.04567],[-42.78298,-5.04571],[-42.78295,-5.04586],[-42.78284,-5.0459],[-42.78269,-5.04586],[-42.78255,-5.04576],[-42.78237,-5.0457],[-42.78242,-5.04543],[-42.78239,-5.04533],[-42.78228,-5.0452],[-42.78217,-5.04519],[-42.7819,-5.0454],[-42.78177,-5.04544],[-42.78158,-5.04542],[-42.78146,-5.04535],[-42.78127,-5.04502],[-42.78121,-5.04476],[-42.78123,-5.04465],[-42.78128,-5.04455],[-42.78138,-5.04446],[-42.7824,-5.04394],[-42.78335,-5.04341]]]}},{"type":"Feature","properties":{"id":"osm-w1383662381","nome":null,"tipo":"bosque","area_m2":612856},"geometry":{"type":"Polygon","coordinates":[[[-42.77865,-5.04291],[-42.77892,-5.04323],[-42.77907,-5.04325],[-42.77929,-5.04316],[-42.77937,-5.04334],[-42.77945,-5.04343],[-42.77953,-5.04344],[-42.77958,-5.04361],[-42.77963,-5.04362],[-42.77997,-5.04348],[-42.78048,-5.04313],[-42.78077,-5.04306],[-42.78083,-5.043],[-42.78142,-5.04294],[-42.78153,-5.04283],[-42.78162,-5.0428],[-42.78184,-5.04297],[-42.782,-5.04322],[-42.78219,-5.04334],[-42.78221,-5.04344],[-42.78229,-5.04357],[-42.78245,-5.04373],[-42.78121,-5.04439],[-42.78111,-5.04448],[-42.78105,-5.04463],[-42.7811,-5.0448],[-42.78101,-5.04479],[-42.78091,-5.04474],[-42.7806,-5.04479],[-42.77883,-5.04585],[-42.77899,-5.04632],[-42.77798,-5.04637],[-42.77806,-5.04698],[-42.77815,-5.04712],[-42.77829,-5.04716],[-42.7784,-5.04737],[-42.77839,-5.04741],[-42.77833,-5.04743],[-42.77833,-5.04748],[-42.77757,-5.04745],[-42.77637,-5.04748],[-42.7761,-5.04751],[-42.77571,-5.04765],[-42.77524,-5.04802],[-42.77474,-5.04855],[-42.77175,-5.05124],[-42.77149,-5.05142],[-42.77133,-5.0516],[-42.77037,-5.05248],[-42.77017,-5.05245],[-42.77002,-5.05222],[-42.76972,-5.05208],[-42.76962,-5.05208],[-42.76946,-5.05222],[-42.76917,-5.0522],[-42.76911,-5.05222],[-42.76893,-5.05239],[-42.76879,-5.05262],[-42.76879,-5.05269],[-42.76898,-5.05274],[-42.76919,-5.05283],[-42.76926,-5.05291],[-42.76975,-5.05301],[-42.76987,-5.05302],[-42.76998,-5.05295],[-42.77021,-5.05288],[-42.77024,-5.05384],[-42.7701,-5.05397],[-42.76982,-5.05439],[-42.76955,-5.0549],[-42.76951,-5.05507],[-42.76863,-5.05534],[-42.76824,-5.04816],[-42.77178,-5.04666],[-42.77589,-5.04496],[-42.77865,-5.04291]]]}},{"type":"Feature","properties":{"id":"osm-w1383662382","nome":null,"tipo":"bosque","area_m2":60991},"geometry":{"type":"Polygon","coordinates":[[[-42.78039,-5.0449],[-42.78059,-5.04538],[-42.78088,-5.04528],[-42.78101,-5.04528],[-42.78124,-5.04542],[-42.78135,-5.04542],[-42.78151,-5.04572],[-42.78146,-5.04582],[-42.78118,-5.04612],[-42.78114,-5.04625],[-42.781,-5.04631],[-42.78092,-5.04645],[-42.78091,-5.04656],[-42.78116,-5.04682],[-42.7812,-5.04692],[-42.78117,-5.04709],[-42.7812,-5.04759],[-42.77912,-5.04752],[-42.77903,-5.04707],[-42.77891,-5.04695],[-42.77893,-5.0469],[-42.77899,-5.04688],[-42.77904,-5.04651],[-42.77883,-5.04585],[-42.78039,-5.0449]]]}},{"type":"Feature","properties":{"id":"osm-w1383662383","nome":null,"tipo":"bosque","area_m2":361731},"geometry":{"type":"Polygon","coordinates":[[[-42.77024,-5.05384],[-42.77048,-5.05378],[-42.77079,-5.05362],[-42.77124,-5.0537],[-42.7713,-5.05407],[-42.77151,-5.0543],[-42.77145,-5.05463],[-42.77149,-5.05476],[-42.77146,-5.05484],[-42.77136,-5.0549],[-42.77133,-5.05499],[-42.77106,-5.05523],[-42.77102,-5.05557],[-42.77152,-5.05544],[-42.77152,-5.05531],[-42.77161,-5.05511],[-42.77168,-5.05484],[-42.77175,-5.05473],[-42.7719,-5.05439],[-42.77206,-5.05432],[-42.7722,-5.0542],[-42.77233,-5.05415],[-42.77252,-5.05413],[-42.77263,-5.0535],[-42.77311,-5.05326],[-42.77317,-5.05317],[-42.77333,-5.05308],[-42.7734,-5.05295],[-42.77381,-5.05276],[-42.77412,-5.05296],[-42.77422,-5.05321],[-42.77443,-5.05328],[-42.77459,-5.05329],[-42.77466,-5.05368],[-42.77457,-5.05401],[-42.77463,-5.05429],[-42.77676,-5.05337],[-42.77665,-5.051],[-42.77772,-5.05072],[-42.77765,-5.0491],[-42.77794,-5.04893],[-42.77803,-5.04882],[-42.77808,-5.04862],[-42.77804,-5.0484],[-42.7781,-5.04832],[-42.77831,-5.04832],[-42.77847,-5.0484],[-42.77861,-5.04841],[-42.77862,-5.04788],[-42.7782,-5.04788],[-42.7782,-5.04747],[-42.77677,-5.04747],[-42.7768,-5.04757],[-42.77688,-5.04756],[-42.77689,-5.0476],[-42.77689,-5.0485],[-42.77604,-5.04857],[-42.77596,-5.04847],[-42.77601,-5.0483],[-42.77599,-5.04791],[-42.77602,-5.04784],[-42.77631,-5.0477],[-42.77633,-5.04749],[-42.7761,-5.04751],[-42.77571,-5.04765],[-42.77524,-5.04802],[-42.77474,-5.04855],[-42.77175,-5.05124],[-42.77149,-5.05142],[-42.77133,-5.0516],[-42.77037,-5.05248],[-42.77038,-5.05282],[-42.77035,-5.05287],[-42.77021,-5.05288],[-42.77024,-5.05384]]]}},{"type":"Feature","properties":{"id":"osm-w1383662385","nome":null,"tipo":"bosque","area_m2":23646},"geometry":{"type":"Polygon","coordinates":[[[-42.78445,-5.04825],[-42.78444,-5.04876],[-42.7843,-5.04881],[-42.78416,-5.04929],[-42.78408,-5.04989],[-42.78408,-5.05025],[-42.78559,-5.04956],[-42.78548,-5.04898],[-42.78538,-5.04895],[-42.78537,-5.04891],[-42.78538,-5.04881],[-42.78543,-5.04879],[-42.78542,-5.04872],[-42.7853,-5.04873],[-42.7852,-5.04859],[-42.78529,-5.0485],[-42.78529,-5.04844],[-42.78497,-5.04837],[-42.78491,-5.04838],[-42.78486,-5.04847],[-42.78475,-5.04848],[-42.78483,-5.04836],[-42.78484,-5.04826],[-42.78461,-5.04823],[-42.78445,-5.04825]]]}},{"type":"Feature","properties":{"id":"osm-w1393083595","nome":null,"tipo":"bosque","area_m2":111344},"geometry":{"type":"Polygon","coordinates":[[[-42.80554,-5.05149],[-42.80469,-5.04996],[-42.8037,-5.04879],[-42.80243,-5.04756],[-42.80119,-5.04681],[-42.80005,-5.04617],[-42.79723,-5.04558],[-42.79213,-5.04444],[-42.79167,-5.04451],[-42.79134,-5.04475],[-42.79171,-5.04394],[-42.79338,-5.04422],[-42.79538,-5.04463],[-42.79976,-5.04564],[-42.80285,-5.04717],[-42.80539,-5.04963],[-42.80623,-5.05091],[-42.80554,-5.05149]]]}},{"type":"Feature","properties":{"id":"osm-w1395639329","nome":null,"tipo":"parque","area_m2":4024},"geometry":{"type":"Polygon","coordinates":[[[-42.82676,-5.07551],[-42.82711,-5.07567],[-42.8273,-5.07588],[-42.82753,-5.07595],[-42.82751,-5.07614],[-42.82756,-5.07632],[-42.8266,-5.07584],[-42.82676,-5.07551]]]}},{"type":"Feature","properties":{"id":"osm-w1408675466","nome":"Praça do PPO","tipo":"parque","area_m2":802},"geometry":{"type":"Polygon","coordinates":[[[-42.757,-5.11636],[-42.75664,-5.1162],[-42.75651,-5.1165],[-42.75673,-5.11644],[-42.757,-5.11636]]]}},{"type":"Feature","properties":{"id":"osm-w1420038184","nome":null,"tipo":"praca","area_m2":167},"geometry":{"type":"Polygon","coordinates":[[[-42.82676,-5.07687],[-42.82668,-5.07684],[-42.82675,-5.07669],[-42.82683,-5.07673],[-42.82676,-5.07687]]]}},{"type":"Feature","properties":{"id":"osm-w1427413213","nome":null,"tipo":"bosque","area_m2":7900},"geometry":{"type":"Polygon","coordinates":[[[-42.74276,-5.02473],[-42.74269,-5.02501],[-42.74322,-5.02514],[-42.74321,-5.0252],[-42.74347,-5.02526],[-42.74342,-5.02549],[-42.74193,-5.02513],[-42.74206,-5.02456],[-42.74276,-5.02473]]]}},{"type":"Feature","properties":{"id":"osm-w1428122060","nome":null,"tipo":"bosque","area_m2":296},"geometry":{"type":"Polygon","coordinates":[[[-42.80652,-5.22841],[-42.80654,-5.22846],[-42.80635,-5.22862],[-42.80626,-5.22853],[-42.80652,-5.22841]]]}},{"type":"Feature","properties":{"id":"osm-w1428122061","nome":null,"tipo":"bosque","area_m2":209},"geometry":{"type":"Polygon","coordinates":[[[-42.80657,-5.2285],[-42.80647,-5.22858],[-42.80656,-5.2287],[-42.80664,-5.22866],[-42.80657,-5.2285]]]}},{"type":"Feature","properties":{"id":"osm-w1428122062","nome":null,"tipo":"bosque","area_m2":281},"geometry":{"type":"Polygon","coordinates":[[[-42.80677,-5.22842],[-42.80667,-5.22849],[-42.80672,-5.22864],[-42.80682,-5.22868],[-42.80677,-5.22842]]]}},{"type":"Feature","properties":{"id":"osm-w1428122063","nome":null,"tipo":"bosque","area_m2":196},"geometry":{"type":"Polygon","coordinates":[[[-42.80607,-5.22852],[-42.80616,-5.22859],[-42.80602,-5.22866],[-42.80595,-5.22855],[-42.80607,-5.22852]]]}},{"type":"Feature","properties":{"id":"osm-w1429351816","nome":null,"tipo":"bosque","area_m2":112740},"geometry":{"type":"Polygon","coordinates":[[[-42.73682,-4.82392],[-42.73673,-4.82412],[-42.7365,-4.82429],[-42.73644,-4.82457],[-42.73621,-4.82476],[-42.7361,-4.82502],[-42.73592,-4.82529],[-42.73589,-4.82549],[-42.73604,-4.82563],[-42.73616,-4.82585],[-42.7361,-4.8262],[-42.73623,-4.82663],[-42.73666,-4.82696],[-42.73679,-4.82743],[-42.73703,-4.8279],[-42.73693,-4.82821],[-42.73697,-4.82846],[-42.73714,-4.82823],[-42.73735,-4.82804],[-42.73759,-4.8279],[-42.73815,-4.82749],[-42.73835,-4.82744],[-42.73834,-4.8277],[-42.73791,-4.82804],[-42.73773,-4.82832],[-42.73767,-4.82864],[-42.73778,-4.82901],[-42.73797,-4.82917],[-42.73837,-4.82918],[-42.73823,-4.82938],[-42.73805,-4.82952],[-42.7381,-4.8299],[-42.73807,-4.83027],[-42.73778,-4.8305],[-42.73787,-4.83089],[-42.73789,-4.83129],[-42.73789,-4.83157],[-42.73783,-4.83188],[-42.73792,-4.83225],[-42.73798,-4.83282],[-42.7381,-4.83289],[-42.73855,-4.83294],[-42.73766,-4.83348],[-42.73756,-4.83325],[-42.7375,-4.83297],[-42.73736,-4.83289],[-42.73699,-4.83284],[-42.73656,-4.83313],[-42.73632,-4.8332],[-42.73585,-4.83296],[-42.7358,-4.83275],[-42.73584,-4.83244],[-42.73608,-4.83225],[-42.73647,-4.832],[-42.73675,-4.83195],[-42.73718,-4.83181],[-42.73739,-4.83159],[-42.73733,-4.8314],[-42.7371,-4.83112],[-42.73686,-4.83093],[-42.7368,-4.83064],[-42.73697,-4.83024],[-42.73716,-4.83011],[-42.73727,-4.82994],[-42.73724,-4.8297],[-42.73732,-4.82943],[-42.73719,-4.82914],[-42.73674,-4.82888],[-42.7366,-4.8287],[-42.73656,-4.82791],[-42.73642,-4.82774],[-42.73637,-4.8275],[-42.73588,-4.827],[-42.73581,-4.82662],[-42.73558,-4.82634],[-42.73536,-4.82572],[-42.73519,-4.82549],[-42.73516,-4.82481],[-42.73537,-4.8241],[-42.73682,-4.82392]]]}},{"type":"Feature","properties":{"id":"osm-w1429351820","nome":null,"tipo":"bosque","area_m2":15632},"geometry":{"type":"Polygon","coordinates":[[[-42.75288,-4.83511],[-42.75256,-4.83511],[-42.75225,-4.83515],[-42.75163,-4.83514],[-42.75156,-4.83536],[-42.75129,-4.83538],[-42.75082,-4.83573],[-42.75083,-4.83591],[-42.75114,-4.83609],[-42.75151,-4.83618],[-42.75174,-4.83614],[-42.75204,-4.83604],[-42.75224,-4.83588],[-42.75227,-4.83571],[-42.75245,-4.83551],[-42.75272,-4.83533],[-42.75285,-4.8352],[-42.75288,-4.83511]]]}},{"type":"Feature","properties":{"id":"osm-w1429351821","nome":null,"tipo":"bosque","area_m2":13967},"geometry":{"type":"Polygon","coordinates":[[[-42.73871,-4.83285],[-42.73825,-4.83312],[-42.73842,-4.83339],[-42.73844,-4.83369],[-42.73863,-4.83436],[-42.73882,-4.83479],[-42.73934,-4.8343],[-42.73945,-4.83423],[-42.73881,-4.83295],[-42.73871,-4.83285]]]}},{"type":"Feature","properties":{"id":"osm-w1429351822","nome":null,"tipo":"bosque","area_m2":44159},"geometry":{"type":"Polygon","coordinates":[[[-42.74401,-4.83085],[-42.74309,-4.83131],[-42.74239,-4.83193],[-42.74197,-4.83239],[-42.74148,-4.83266],[-42.74005,-4.83298],[-42.73973,-4.83348],[-42.73944,-4.83387],[-42.73932,-4.83397],[-42.73955,-4.83443],[-42.73992,-4.83413],[-42.74044,-4.83375],[-42.74063,-4.83355],[-42.74202,-4.83311],[-42.74213,-4.8329],[-42.74233,-4.83282],[-42.74291,-4.83268],[-42.74299,-4.83259],[-42.74327,-4.83207],[-42.74361,-4.83159],[-42.74403,-4.8311],[-42.74401,-4.83085]]]}},{"type":"Feature","properties":{"id":"osm-w1431403598","nome":null,"tipo":"parque","area_m2":1611},"geometry":{"type":"Polygon","coordinates":[[[-42.75231,-4.99769],[-42.75232,-4.99799],[-42.75188,-4.99799],[-42.75188,-4.99769],[-42.75231,-4.99769]]]}},{"type":"Feature","properties":{"id":"osm-w1431403599","nome":null,"tipo":"parque","area_m2":1543},"geometry":{"type":"Polygon","coordinates":[[[-42.75231,-4.99815],[-42.75232,-4.99844],[-42.75188,-4.99845],[-42.75188,-4.99816],[-42.75231,-4.99815]]]}},{"type":"Feature","properties":{"id":"osm-w1431403600","nome":null,"tipo":"parque","area_m2":4402},"geometry":{"type":"Polygon","coordinates":[[[-42.75575,-4.99844],[-42.75588,-4.99953],[-42.75559,-4.99957],[-42.7554,-4.99844],[-42.75575,-4.99844]]]}},{"type":"Feature","properties":{"id":"osm-w1435768122","nome":null,"tipo":"praca","area_m2":1716},"geometry":{"type":"Polygon","coordinates":[[[-42.78024,-5.1171],[-42.78027,-5.11694],[-42.7804,-5.117],[-42.78057,-5.11723],[-42.78069,-5.11727],[-42.78075,-5.11722],[-42.78096,-5.11726],[-42.78105,-5.11733],[-42.78092,-5.11759],[-42.78083,-5.11746],[-42.78048,-5.11729],[-42.78039,-5.11712],[-42.78024,-5.1171]]]}},{"type":"Feature","properties":{"id":"osm-w1435768123","nome":null,"tipo":"praca","area_m2":888},"geometry":{"type":"Polygon","coordinates":[[[-42.78021,-5.1169],[-42.77987,-5.11679],[-42.77982,-5.11698],[-42.78017,-5.11709],[-42.78021,-5.1169]]]}},{"type":"Feature","properties":{"id":"osm-w1442901270","nome":null,"tipo":"bosque","area_m2":36769},"geometry":{"type":"Polygon","coordinates":[[[-42.76927,-4.92361],[-42.76888,-4.92382],[-42.76827,-4.92262],[-42.76594,-4.92375],[-42.76615,-4.92418],[-42.76677,-4.92388],[-42.76707,-4.92449],[-42.76756,-4.924],[-42.76803,-4.92425],[-42.76873,-4.92424],[-42.76942,-4.92388],[-42.76927,-4.92361]]]}},{"type":"Feature","properties":{"id":"osm-w1442963824","nome":null,"tipo":"bosque","area_m2":149647},"geometry":{"type":"Polygon","coordinates":[[[-42.76194,-4.92508],[-42.76157,-4.92555],[-42.76167,-4.92593],[-42.76144,-4.92627],[-42.7617,-4.92722],[-42.7617,-4.9277],[-42.76088,-4.92849],[-42.76109,-4.92869],[-42.76133,-4.9286],[-42.76148,-4.92898],[-42.76175,-4.92914],[-42.76196,-4.92905],[-42.76223,-4.92927],[-42.76256,-4.92906],[-42.76255,-4.9289],[-42.76315,-4.9289],[-42.76314,-4.92835],[-42.76365,-4.92835],[-42.76393,-4.92828],[-42.76428,-4.92861],[-42.76621,-4.92665],[-42.7652,-4.92626],[-42.7646,-4.92632],[-42.76423,-4.92614],[-42.76401,-4.92585],[-42.76435,-4.92574],[-42.76389,-4.92537],[-42.76194,-4.92508]]]}},{"type":"Feature","properties":{"id":"osm-w1444034889","nome":null,"tipo":"bosque","area_m2":7981},"geometry":{"type":"Polygon","coordinates":[[[-42.83794,-5.03533],[-42.83798,-5.03546],[-42.8362,-5.0357],[-42.83475,-5.03592],[-42.83436,-5.03602],[-42.8341,-5.03612],[-42.83407,-5.03586],[-42.83435,-5.03586],[-42.83599,-5.03555],[-42.83641,-5.03552],[-42.83681,-5.03539],[-42.83766,-5.03537],[-42.83794,-5.03533]]]}},{"type":"Feature","properties":{"id":"osm-w1444689020","nome":null,"tipo":"parque","area_m2":457},"geometry":{"type":"Polygon","coordinates":[[[-42.75657,-5.10871],[-42.75652,-5.10857],[-42.75629,-5.10847],[-42.75615,-5.10853],[-42.75657,-5.10871]]]}},{"type":"Feature","properties":{"id":"osm-w1444689021","nome":null,"tipo":"parque","area_m2":226},"geometry":{"type":"Polygon","coordinates":[[[-42.75682,-5.1087],[-42.75681,-5.10881],[-42.75668,-5.10875],[-42.75662,-5.10862],[-42.75682,-5.1087]]]}},{"type":"Feature","properties":{"id":"osm-w1444722852","nome":null,"tipo":"lazer","area_m2":8712},"geometry":{"type":"Polygon","coordinates":[[[-42.75571,-5.11041],[-42.75498,-5.11008],[-42.75462,-5.1109],[-42.75535,-5.11122],[-42.75571,-5.11041]]]}},{"type":"Feature","properties":{"id":"osm-w1444727375","nome":null,"tipo":"bosque","area_m2":12173169},"geometry":{"type":"Polygon","coordinates":[[[-42.62631,-4.91071],[-42.62611,-4.91108],[-42.62616,-4.91121],[-42.62629,-4.91121],[-42.6265,-4.9113],[-42.6265,-4.91143],[-42.6264,-4.91166],[-42.62625,-4.91166],[-42.62603,-4.9115],[-42.62601,-4.91172],[-42.62591,-4.91188],[-42.62576,-4.91199],[-42.62553,-4.91198],[-42.62551,-4.91216],[-42.62558,-4.91229],[-42.62553,-4.9125],[-42.62523,-4.91255],[-42.62516,-4.91264],[-42.62504,-4.91267],[-42.62492,-4.91253],[-42.62483,-4.91262],[-42.62474,-4.91296],[-42.62458,-4.9131],[-42.62437,-4.91313],[-42.62429,-4.91308],[-42.62402,-4.91278],[-42.62402,-4.91269],[-42.62419,-4.91271],[-42.62432,-4.91277],[-42.62445,-4.91259],[-42.62422,-4.91252],[-42.62434,-4.91226],[-42.62427,-4.91217],[-42.62395,-4.91198],[-42.62407,-4.91154],[-42.62411,-4.91127],[-42.62382,-4.91121],[-42.6233,-4.91135],[-42.62293,-4.9114],[-42.62222,-4.91168],[-42.62218,-4.91178],[-42.62271,-4.91186],[-42.62289,-4.91194],[-42.62283,-4.91212],[-42.62263,-4.91232],[-42.62233,-4.91232],[-42.62209,-4.91242],[-42.62189,-4.91246],[-42.62179,-4.91237],[-42.62162,-4.91249],[-42.62104,-4.91246],[-42.62035,-4.91266],[-42.61963,-4.91269],[-42.61928,-4.91247],[-42.61854,-4.91262],[-42.61836,-4.91287],[-42.6182,-4.91302],[-42.61751,-4.91352],[-42.61737,-4.91357],[-42.61723,-4.91354],[-42.61702,-4.91342],[-42.61677,-4.9135],[-42.61655,-4.91348],[-42.61599,-4.91382],[-42.61574,-4.91386],[-42.61558,-4.91393],[-42.61537,-4.9141],[-42.6153,-4.91422],[-42.61512,-4.91429],[-42.61483,-4.91467],[-42.6148,-4.91476],[-42.61496,-4.91486],[-42.61507,-4.91483],[-42.61532,-4.9147],[-42.61575,-4.91485],[-42.61601,-4.91488],[-42.61606,-4.91485],[-42.61658,-4.91359],[-42.61702,-4.91351],[-42.61722,-4.91363],[-42.61737,-4.91366],[-42.6177,-4.91352],[-42.61793,-4.91337],[-42.61821,-4.91313],[-42.6184,-4.91307],[-42.61854,-4.91304],[-42.61879,-4.91318],[-42.61893,-4.91315],[-42.61899,-4.91318],[-42.6191,-4.91357],[-42.61918,-4.91369],[-42.61947,-4.91393],[-42.61955,-4.91386],[-42.6197,-4.91351],[-42.61994,-4.91324],[-42.62013,-4.91316],[-42.62054,-4.91308],[-42.62064,-4.91316],[-42.62085,-4.91318],[-42.62118,-4.91292],[-42.6214,-4.91291],[-42.62144,-4.91301],[-42.62155,-4.91297],[-42.62161,-4.91302],[-42.62149,-4.9133],[-42.62152,-4.91336],[-42.62169,-4.91334],[-42.62176,-4.91339],[-42.62194,-4.91334],[-42.62196,-4.91345],[-42.62203,-4.91348],[-42.62224,-4.91341],[-42.62226,-4.91331],[-42.62236,-4.91321],[-42.62246,-4.9132],[-42.62254,-4.91328],[-42.62252,-4.91346],[-42.62268,-4.91338],[-42.62272,-4.91347],[-42.6227,-4.91359],[-42.62275,-4.91366],[-42.62267,-4.91397],[-42.62241,-4.91426],[-42.62231,-4.91428],[-42.62228,-4.91436],[-42.62242,-4.91436],[-42.62266,-4.91427],[-42.62289,-4.91435],[-42.62301,-4.91444],[-42.62294,-4.91459],[-42.62302,-4.91465],[-42.62302,-4.91474],[-42.62312,-4.91477],[-42.62318,-4.91489],[-42.62319,-4.915],[-42.62383,-4.91573],[-42.62394,-4.91615],[-42.62403,-4.91633],[-42.62398,-4.91645],[-42.62387,-4.91636],[-42.6238,-4.91639],[-42.624,-4.91658],[-42.62441,-4.91611],[-42.62483,-4.91584],[-42.62509,-4.91555],[-42.62537,-4.91534],[-42.62549,-4.91531],[-42.62572,-4.91545],[-42.62696,-4.91583],[-42.62965,-4.91676],[-42.62963,-4.91689],[-42.62935,-4.9169],[-42.62937,-4.91739],[-42.6288,-4.9175],[-42.62862,-4.91741],[-42.6281,-4.9175],[-42.62803,-4.9171],[-42.62747,-4.917],[-42.62749,-4.91752],[-42.62744,-4.91781],[-42.62725,-4.91787],[-42.62712,-4.91744],[-42.62684,-4.91713],[-42.62659,-4.91719],[-42.62651,-4.91743],[-42.62632,-4.91756],[-42.62621,-4.91773],[-42.62669,-4.91905],[-42.62707,-4.91902],[-42.62755,-4.91893],[-42.62794,-4.91882],[-42.62801,-4.9193],[-42.62804,-4.91995],[-42.62851,-4.9199],[-42.62894,-4.91958],[-42.62918,-4.91961],[-42.6294,-4.91956],[-42.62949,-4.91927],[-42.6297,-4.91926],[-42.62999,-4.91934],[-42.63022,-4.91933],[-42.6305,-4.91939],[-42.63088,-4.91969],[-42.63115,-4.91979],[-42.63133,-4.9203],[-42.6315,-4.92116],[-42.63052,-4.92123],[-42.62968,-4.92125],[-42.62969,-4.92314],[-42.62937,-4.92321],[-42.62939,-4.9236],[-42.62968,-4.92363],[-42.6297,-4.92462],[-42.62998,-4.92465],[-42.63054,-4.92464],[-42.6306,-4.92486],[-42.63047,-4.92494],[-42.63044,-4.92506],[-42.62963,-4.92503],[-42.62928,-4.92491],[-42.62905,-4.92472],[-42.62865,-4.92466],[-42.62864,-4.9248],[-42.62853,-4.9248],[-42.62839,-4.92413],[-42.62811,-4.92388],[-42.62783,-4.92377],[-42.62804,-4.92465],[-42.627,-4.92462],[-42.62623,-4.92456],[-42.62653,-4.92474],[-42.6269,-4.92514],[-42.62694,-4.92528],[-42.62648,-4.92508],[-42.62577,-4.92493],[-42.62548,-4.92493],[-42.62535,-4.92506],[-42.62555,-4.9252],[-42.62617,-4.92597],[-42.62636,-4.92641],[-42.62655,-4.92665],[-42.62649,-4.92681],[-42.626,-4.92679],[-42.6255,-4.9268],[-42.6248,-4.92712],[-42.6248,-4.92729],[-42.62444,-4.92777],[-42.62427,-4.92738],[-42.62392,-4.92761],[-42.62381,-4.92781],[-42.62354,-4.92783],[-42.62268,-4.92831],[-42.62309,-4.92885],[-42.62335,-4.92886],[-42.62362,-4.92898],[-42.62385,-4.92932],[-42.62386,-4.92959],[-42.62369,-4.9297],[-42.62333,-4.92931],[-42.62311,-4.92939],[-42.62324,-4.92964],[-42.62313,-4.92976],[-42.62338,-4.9302],[-42.62267,-4.93069],[-42.6217,-4.92922],[-42.62234,-4.92878],[-42.62251,-4.92888],[-42.62259,-4.92899],[-42.62268,-4.929],[-42.62274,-4.92882],[-42.62269,-4.92864],[-42.62257,-4.92851],[-42.62241,-4.92858],[-42.6219,-4.92892],[-42.62175,-4.92865],[-42.62162,-4.92868],[-42.62162,-4.92809],[-42.62133,-4.92801],[-42.62111,-4.92799],[-42.62057,-4.92815],[-42.62036,-4.92808],[-42.61967,-4.92706],[-42.6186,-4.92537],[-42.61839,-4.92537],[-42.61838,-4.92573],[-42.61842,-4.92593],[-42.61774,-4.92603],[-42.61599,-4.9265],[-42.6159,-4.92676],[-42.61589,-4.92709],[-42.61594,-4.92738],[-42.61657,-4.92754],[-42.61724,-4.92758],[-42.61731,-4.92834],[-42.61812,-4.92925],[-42.61851,-4.92935],[-42.61935,-4.92928],[-42.61973,-4.92996],[-42.6201,-4.93041],[-42.62024,-4.9305],[-42.62062,-4.93028],[-42.62086,-4.93071],[-42.62047,-4.93099],[-42.62012,-4.9312],[-42.62042,-4.93171],[-42.62067,-4.93196],[-42.62049,-4.93208],[-42.6201,-4.93173],[-42.6199,-4.93176],[-42.61972,-4.9316],[-42.61954,-4.93168],[-42.61946,-4.93191],[-42.61958,-4.93217],[-42.61988,-4.9325],[-42.62024,-4.93297],[-42.62046,-4.93335],[-42.62056,-4.93354],[-42.62063,-4.93392],[-42.62071,-4.93409],[-42.62059,-4.93426],[-42.61971,-4.9348],[-42.61955,-4.93459],[-42.61894,-4.93499],[-42.61899,-4.93521],[-42.6191,-4.93529],[-42.6193,-4.93528],[-42.61977,-4.93502],[-42.62053,-4.93448],[-42.62371,-4.93248],[-42.62699,-4.93032],[-42.62903,-4.92895],[-42.62956,-4.92878],[-42.63193,-4.92817],[-42.63204,-4.92858],[-42.63044,-4.92916],[-42.63059,-4.92975],[-42.63079,-4.92981],[-42.63093,-4.92996],[-42.63101,-4.93019],[-42.63062,-4.93034],[-42.63006,-4.93046],[-42.62917,-4.93086],[-42.62875,-4.93114],[-42.62838,-4.93146],[-42.62792,-4.93177],[-42.62815,-4.93208],[-42.6278,-4.93253],[-42.62715,-4.93315],[-42.62654,-4.93367],[-42.62606,-4.93398],[-42.62557,-4.93415],[-42.62591,-4.93476],[-42.62608,-4.93489],[-42.62659,-4.93464],[-42.62735,-4.93402],[-42.63078,-4.93158],[-42.63121,-4.9312],[-42.63177,-4.93086],[-42.63193,-4.93103],[-42.63197,-4.93153],[-42.6319,-4.93177],[-42.63139,-4.93203],[-42.63121,-4.93219],[-42.63145,-4.93231],[-42.63161,-4.93252],[-42.63179,-4.93283],[-42.6321,-4.93264],[-42.6322,-4.93282],[-42.63225,-4.93301],[-42.63217,-4.9331],[-42.63242,-4.93327],[-42.63232,-4.93347],[-42.63205,-4.93362],[-42.63202,-4.93389],[-42.63229,-4.93512],[-42.63236,-4.93531],[-42.63263,-4.93531],[-42.6329,-4.9352],[-42.63309,-4.93545],[-42.63321,-4.93569],[-42.63378,-4.93549],[-42.63392,-4.93588],[-42.63425,-4.9371],[-42.63365,-4.93738],[-42.63256,-4.93797],[-42.63294,-4.93946],[-42.63302,-4.93954],[-42.63391,-4.93917],[-42.63406,-4.93943],[-42.6347,-4.93935],[-42.635,-4.94008],[-42.63493,-4.9402],[-42.63374,-4.94078],[-42.63367,-4.94046],[-42.63353,-4.94008],[-42.63321,-4.94],[-42.63291,-4.94],[-42.63285,-4.9401],[-42.63299,-4.94019],[-42.63331,-4.94065],[-42.63341,-4.94096],[-42.63328,-4.94101],[-42.63304,-4.94097],[-42.63274,-4.94086],[-42.63224,-4.94073],[-42.63216,-4.94057],[-42.63219,-4.94025],[-42.63207,-4.94002],[-42.63186,-4.93994],[-42.63164,-4.94001],[-42.63144,-4.93972],[-42.63095,-4.93963],[-42.63097,-4.94015],[-42.63049,-4.94032],[-42.63057,-4.94097],[-42.63051,-4.94101],[-42.62973,-4.94102],[-42.62928,-4.94098],[-42.62784,-4.94114],[-42.62707,-4.94141],[-42.62547,-4.94216],[-42.6253,-4.94214],[-42.62474,-4.94195],[-42.62435,-4.94197],[-42.62399,-4.94212],[-42.62252,-4.94296],[-42.62164,-4.94322],[-42.61958,-4.944],[-42.61912,-4.94364],[-42.61854,-4.94361],[-42.61746,-4.94447],[-42.61749,-4.94461],[-42.61766,-4.9447],[-42.6173,-4.94481],[-42.61708,-4.94515],[-42.61675,-4.94532],[-42.61646,-4.94542],[-42.61585,-4.94368],[-42.6157,-4.94362],[-42.61569,-4.94383],[-42.61587,-4.94432],[-42.61559,-4.94453],[-42.61563,-4.94475],[-42.61539,-4.94486],[-42.61534,-4.94454],[-42.61542,-4.94433],[-42.61531,-4.94405],[-42.61458,-4.94457],[-42.61431,-4.94462],[-42.61426,-4.9442],[-42.61399,-4.94317],[-42.61386,-4.94316],[-42.61365,-4.94323],[-42.61356,-4.94347],[-42.61224,-4.94391],[-42.61202,-4.9441],[-42.61201,-4.9445],[-42.61279,-4.94415],[-42.6136,-4.94485],[-42.6127,-4.94528],[-42.61255,-4.94551],[-42.61278,-4.94577],[-42.61283,-4.94615],[-42.61221,-4.94728],[-42.61182,-4.94776],[-42.61215,-4.94831],[-42.61255,-4.94915],[-42.61315,-4.9501],[-42.61329,-4.95024],[-42.6136,-4.9501],[-42.61442,-4.9505],[-42.61453,-4.95092],[-42.61459,-4.95129],[-42.61483,-4.95143],[-42.61513,-4.95143],[-42.61536,-4.95128],[-42.61529,-4.95088],[-42.6154,-4.95087],[-42.61558,-4.95116],[-42.61598,-4.95108],[-42.61617,-4.95089],[-42.61613,-4.95053],[-42.61626,-4.95053],[-42.61636,-4.9507],[-42.61655,-4.95057],[-42.61669,-4.95067],[-42.61555,-4.95152],[-42.61503,-4.95184],[-42.61482,-4.95187],[-42.61431,-4.95181],[-42.61356,-4.95074],[-42.61318,-4.95086],[-42.61275,-4.95111],[-42.61238,-4.95119],[-42.61199,-4.95105],[-42.6114,-4.95057],[-42.61069,-4.95062],[-42.61052,-4.9505],[-42.61042,-4.95025],[-42.6101,-4.95019],[-42.60976,-4.9502],[-42.60932,-4.95016],[-42.60912,-4.9499],[-42.60872,-4.94906],[-42.60833,-4.94894],[-42.60816,-4.94905],[-42.60803,-4.94897],[-42.60783,-4.94875],[-42.60748,-4.94866],[-42.60735,-4.9477],[-42.6062,-4.9479],[-42.60593,-4.95275],[-42.60493,-4.95332],[-42.60352,-4.95453],[-42.60343,-4.9548],[-42.60219,-4.9551],[-42.60175,-4.95519],[-42.60166,-4.95518],[-42.60178,-4.92174],[-42.60214,-4.92159],[-42.60235,-4.9211],[-42.60268,-4.92096],[-42.603,-4.92121],[-42.60316,-4.92173],[-42.60306,-4.92259],[-42.60396,-4.92225],[-42.60506,-4.92216],[-42.60437,-4.91979],[-42.60462,-4.9198],[-42.60478,-4.91954],[-42.60457,-4.91935],[-42.60426,-4.91933],[-42.60412,-4.91864],[-42.60471,-4.91837],[-42.60441,-4.91823],[-42.60437,-4.91792],[-42.60479,-4.91775],[-42.6046,-4.91739],[-42.6042,-4.9172],[-42.60383,-4.91692],[-42.60339,-4.91632],[-42.60263,-4.91337],[-42.60181,-4.91358],[-42.60182,-4.91043],[-42.60198,-4.91033],[-42.60207,-4.90987],[-42.60182,-4.90985],[-42.60182,-4.90835],[-42.60196,-4.90834],[-42.60197,-4.90815],[-42.60232,-4.90822],[-42.60239,-4.90849],[-42.60254,-4.9083],[-42.60262,-4.90797],[-42.60251,-4.90762],[-42.60267,-4.90745],[-42.60294,-4.90762],[-42.60316,-4.90767],[-42.60324,-4.90749],[-42.60301,-4.90714],[-42.60277,-4.90698],[-42.60259,-4.90679],[-42.60227,-4.90675],[-42.60218,-4.90688],[-42.60183,-4.90681],[-42.60184,-4.9043],[-42.62631,-4.91071]]]}},{"type":"Feature","properties":{"id":"osm-w1450744421","nome":null,"tipo":"bosque","area_m2":25567},"geometry":{"type":"Polygon","coordinates":[[[-42.76508,-4.92459],[-42.76474,-4.92482],[-42.76453,-4.92456],[-42.76431,-4.92442],[-42.76411,-4.92392],[-42.76358,-4.92364],[-42.76408,-4.92313],[-42.76494,-4.92355],[-42.76574,-4.92383],[-42.76591,-4.92384],[-42.76614,-4.92435],[-42.76547,-4.92457],[-42.76508,-4.92459]]]}},{"type":"Feature","properties":{"id":"osm-w1450744422","nome":null,"tipo":"bosque","area_m2":12644},"geometry":{"type":"Polygon","coordinates":[[[-42.76904,-4.92454],[-42.76893,-4.92461],[-42.76866,-4.9246],[-42.76865,-4.92488],[-42.76757,-4.92512],[-42.76723,-4.9253],[-42.76709,-4.9252],[-42.76691,-4.92518],[-42.76693,-4.92498],[-42.76688,-4.92493],[-42.76688,-4.92484],[-42.76709,-4.92476],[-42.76719,-4.92491],[-42.76752,-4.92481],[-42.76736,-4.92461],[-42.76786,-4.9244],[-42.76897,-4.92433],[-42.76904,-4.92454]]]}},{"type":"Feature","properties":{"id":"osm-w1452987144","nome":null,"tipo":"lazer","area_m2":265},"geometry":{"type":"Polygon","coordinates":[[[-42.78832,-5.12509],[-42.78827,-5.12523],[-42.78813,-5.12517],[-42.78818,-5.12504],[-42.78832,-5.12509]]]}},{"type":"Feature","properties":{"id":"osm-w1456326310","nome":null,"tipo":"bosque","area_m2":228211},"geometry":{"type":"Polygon","coordinates":[[[-42.76624,-4.92713],[-42.76285,-4.93052],[-42.76344,-4.93185],[-42.76405,-4.93254],[-42.76486,-4.93257],[-42.76522,-4.93265],[-42.7656,-4.93282],[-42.76587,-4.93264],[-42.76726,-4.93342],[-42.76815,-4.93402],[-42.7685,-4.93303],[-42.76727,-4.93058],[-42.76668,-4.92869],[-42.76624,-4.92713]]]}},{"type":"Feature","properties":{"id":"osm-w1456904989","nome":null,"tipo":"bosque","area_m2":14270},"geometry":{"type":"Polygon","coordinates":[[[-42.7518,-4.82224],[-42.75181,-4.82254],[-42.75148,-4.82274],[-42.75131,-4.82268],[-42.75117,-4.82257],[-42.75095,-4.82225],[-42.75102,-4.82204],[-42.75122,-4.82191],[-42.7514,-4.8215],[-42.75195,-4.82073],[-42.75218,-4.82087],[-42.75206,-4.82116],[-42.75215,-4.82146],[-42.75174,-4.82206],[-42.75174,-4.82214],[-42.7518,-4.82224]]]}},{"type":"Feature","properties":{"id":"osm-w1456904990","nome":null,"tipo":"bosque","area_m2":3281559},"geometry":{"type":"Polygon","coordinates":[[[-42.74656,-4.82616],[-42.74596,-4.82558],[-42.7452,-4.82473],[-42.74572,-4.82427],[-42.7464,-4.82393],[-42.7465,-4.82371],[-42.74654,-4.82347],[-42.7465,-4.82316],[-42.74655,-4.82296],[-42.74695,-4.82244],[-42.74713,-4.82207],[-42.74718,-4.8218],[-42.74717,-4.82142],[-42.74722,-4.82117],[-42.74737,-4.82101],[-42.74753,-4.82089],[-42.74765,-4.82055],[-42.74782,-4.8204],[-42.74795,-4.82034],[-42.74802,-4.82018],[-42.74779,-4.81972],[-42.7477,-4.81927],[-42.74771,-4.81868],[-42.74788,-4.81852],[-42.74797,-4.81837],[-42.74791,-4.81825],[-42.74759,-4.81828],[-42.74745,-4.81821],[-42.74736,-4.81811],[-42.74729,-4.81747],[-42.74709,-4.81656],[-42.74698,-4.8165],[-42.74647,-4.81654],[-42.74628,-4.81641],[-42.74613,-4.81621],[-42.74589,-4.81572],[-42.74606,-4.81546],[-42.746,-4.81537],[-42.74578,-4.81516],[-42.74575,-4.815],[-42.7458,-4.81486],[-42.7458,-4.81471],[-42.74533,-4.81447],[-42.74523,-4.81436],[-42.74519,-4.81387],[-42.74511,-4.81371],[-42.74484,-4.81366],[-42.7448,-4.81359],[-42.74478,-4.81318],[-42.74471,-4.81295],[-42.7445,-4.81281],[-42.74426,-4.8128],[-42.74374,-4.81284],[-42.74362,-4.81269],[-42.74364,-4.81238],[-42.74375,-4.81214],[-42.74403,-4.81208],[-42.7443,-4.81198],[-42.74472,-4.8117],[-42.74494,-4.81164],[-42.74514,-4.81151],[-42.74517,-4.81138],[-42.74508,-4.81103],[-42.74516,-4.8109],[-42.74533,-4.81083],[-42.74587,-4.81081],[-42.74598,-4.81071],[-42.74589,-4.81062],[-42.74576,-4.81064],[-42.74563,-4.81045],[-42.74512,-4.81047],[-42.74487,-4.81069],[-42.74395,-4.81124],[-42.7434,-4.81145],[-42.74306,-4.81154],[-42.74281,-4.81169],[-42.74097,-4.8119],[-42.74076,-4.81182],[-42.74003,-4.81125],[-42.74006,-4.81115],[-42.73993,-4.8108],[-42.73999,-4.8104],[-42.74008,-4.81023],[-42.7405,-4.80974],[-42.74067,-4.80945],[-42.74082,-4.80928],[-42.74103,-4.80918],[-42.74114,-4.80904],[-42.74136,-4.80848],[-42.74144,-4.80811],[-42.74149,-4.80783],[-42.74144,-4.80754],[-42.74182,-4.807],[-42.74195,-4.80667],[-42.74227,-4.8064],[-42.74269,-4.80622],[-42.74288,-4.80617],[-42.74308,-4.80592],[-42.74333,-4.80591],[-42.74356,-4.80603],[-42.74371,-4.80606],[-42.74398,-4.8059],[-42.74442,-4.80528],[-42.74473,-4.80518],[-42.745,-4.80518],[-42.74532,-4.80545],[-42.74548,-4.80546],[-42.74569,-4.80523],[-42.74578,-4.80508],[-42.74556,-4.80489],[-42.74528,-4.80479],[-42.74492,-4.80456],[-42.7445,-4.80439],[-42.74416,-4.80431],[-42.74397,-4.80421],[-42.7437,-4.80388],[-42.74356,-4.80364],[-42.74361,-4.80336],[-42.74389,-4.80295],[-42.74417,-4.80285],[-42.74454,-4.80263],[-42.74522,-4.80255],[-42.74572,-4.8024],[-42.74593,-4.80228],[-42.74613,-4.80174],[-42.74609,-4.80161],[-42.74592,-4.80152],[-42.74584,-4.80151],[-42.74578,-4.80143],[-42.74603,-4.80024],[-42.74624,-4.7999],[-42.74643,-4.79974],[-42.74705,-4.79952],[-42.74751,-4.79941],[-42.74775,-4.79939],[-42.74811,-4.79889],[-42.74817,-4.79867],[-42.74817,-4.79785],[-42.74798,-4.79745],[-42.74797,-4.79725],[-42.74817,-4.79664],[-42.74813,-4.79628],[-42.74795,-4.79603],[-42.74797,-4.7958],[-42.74831,-4.79507],[-42.74828,-4.79489],[-42.74787,-4.79474],[-42.7476,-4.79452],[-42.7471,-4.79373],[-42.74689,-4.79373],[-42.74669,-4.79386],[-42.74648,-4.79392],[-42.74612,-4.79386],[-42.74584,-4.79349],[-42.7456,-4.79355],[-42.74525,-4.79404],[-42.74517,-4.79451],[-42.74508,-4.79476],[-42.74462,-4.79491],[-42.74419,-4.79509],[-42.74394,-4.79553],[-42.74372,-4.79566],[-42.74319,-4.79553],[-42.74285,-4.79537],[-42.74264,-4.79512],[-42.74252,-4.79464],[-42.74254,-4.79417],[-42.74243,-4.79387],[-42.74246,-4.79344],[-42.74244,-4.79307],[-42.74254,-4.79276],[-42.74296,-4.79221],[-42.74338,-4.79184],[-42.74358,-4.79172],[-42.74383,-4.79165],[-42.74404,-4.79169],[-42.74424,-4.79168],[-42.74456,-4.79174],[-42.74491,-4.79172],[-42.74507,-4.79176],[-42.7453,-4.7917],[-42.7465,-4.79116],[-42.74688,-4.7911],[-42.74714,-4.79097],[-42.74744,-4.79088],[-42.74783,-4.79086],[-42.74861,-4.79102],[-42.74883,-4.79123],[-42.74926,-4.79173],[-42.74933,-4.79193],[-42.74951,-4.79221],[-42.74955,-4.79245],[-42.74977,-4.79297],[-42.7499,-4.79316],[-42.75002,-4.79319],[-42.75013,-4.79311],[-42.74994,-4.79246],[-42.74987,-4.79203],[-42.7499,-4.79167],[-42.75008,-4.79092],[-42.75005,-4.79075],[-42.7501,-4.7902],[-42.75007,-4.78995],[-42.75012,-4.78945],[-42.7502,-4.78921],[-42.7505,-4.78896],[-42.7507,-4.78886],[-42.7512,-4.78876],[-42.75168,-4.78882],[-42.75259,-4.78916],[-42.75283,-4.78951],[-42.7529,-4.78971],[-42.75289,-4.79009],[-42.75282,-4.79033],[-42.75283,-4.79049],[-42.75289,-4.7906],[-42.75288,-4.79108],[-42.753,-4.79137],[-42.75311,-4.79181],[-42.75319,-4.7922],[-42.75319,-4.7925],[-42.75335,-4.79326],[-42.75332,-4.7937],[-42.75311,-4.79474],[-42.75294,-4.79533],[-42.75288,-4.79583],[-42.75277,-4.796],[-42.75268,-4.79762],[-42.75233,-4.79875],[-42.75211,-4.7993],[-42.75223,-4.7993],[-42.75282,-4.79884],[-42.75304,-4.79877],[-42.75328,-4.7988],[-42.75356,-4.79917],[-42.75373,-4.79966],[-42.75383,-4.80018],[-42.7539,-4.80033],[-42.75372,-4.80086],[-42.75372,-4.801],[-42.75379,-4.80108],[-42.75439,-4.80126],[-42.75452,-4.8014],[-42.75444,-4.80155],[-42.75404,-4.80195],[-42.75396,-4.80211],[-42.75401,-4.80236],[-42.75393,-4.80259],[-42.75354,-4.80317],[-42.75361,-4.80372],[-42.75348,-4.80397],[-42.75325,-4.80423],[-42.75291,-4.80495],[-42.75274,-4.80518],[-42.75271,-4.80534],[-42.75299,-4.80567],[-42.75309,-4.80588],[-42.75319,-4.80617],[-42.75318,-4.80648],[-42.75325,-4.80674],[-42.75341,-4.80697],[-42.75315,-4.80717],[-42.75294,-4.80724],[-42.75266,-4.80727],[-42.75247,-4.80746],[-42.75228,-4.80777],[-42.75204,-4.80792],[-42.75164,-4.80807],[-42.75155,-4.80825],[-42.75171,-4.80863],[-42.75172,-4.80919],[-42.75182,-4.80934],[-42.7522,-4.80956],[-42.75233,-4.80985],[-42.75218,-4.81019],[-42.75163,-4.81078],[-42.75157,-4.81115],[-42.75165,-4.8114],[-42.75192,-4.81145],[-42.75254,-4.81149],[-42.75273,-4.81162],[-42.75276,-4.8118],[-42.75296,-4.81203],[-42.75296,-4.81233],[-42.75316,-4.81243],[-42.75348,-4.81251],[-42.75381,-4.81251],[-42.75405,-4.8126],[-42.75418,-4.8127],[-42.75381,-4.8132],[-42.75365,-4.81359],[-42.75345,-4.814],[-42.75294,-4.81443],[-42.75243,-4.81504],[-42.75219,-4.81538],[-42.75213,-4.81555],[-42.75256,-4.816],[-42.75242,-4.81634],[-42.75223,-4.81665],[-42.75213,-4.81692],[-42.75225,-4.81731],[-42.75247,-4.81743],[-42.75272,-4.81724],[-42.75322,-4.81698],[-42.75339,-4.81699],[-42.75359,-4.81713],[-42.75359,-4.81742],[-42.75398,-4.8176],[-42.75419,-4.81774],[-42.75432,-4.81757],[-42.75437,-4.81678],[-42.75459,-4.81658],[-42.75475,-4.8165],[-42.7552,-4.81717],[-42.75588,-4.81746],[-42.7559,-4.81781],[-42.75586,-4.81814],[-42.75604,-4.81838],[-42.75588,-4.81888],[-42.75573,-4.81907],[-42.75512,-4.81963],[-42.75328,-4.82244],[-42.75312,-4.82241],[-42.75285,-4.82222],[-42.75277,-4.82224],[-42.75263,-4.82234],[-42.75248,-4.82258],[-42.75238,-4.82246],[-42.75242,-4.82228],[-42.75249,-4.82218],[-42.7525,-4.82209],[-42.75221,-4.82176],[-42.75221,-4.82164],[-42.75271,-4.82103],[-42.75285,-4.82081],[-42.75294,-4.82058],[-42.75311,-4.82043],[-42.75329,-4.82037],[-42.75336,-4.82029],[-42.75333,-4.82018],[-42.75307,-4.82008],[-42.75249,-4.82007],[-42.75228,-4.81996],[-42.75196,-4.81971],[-42.75185,-4.81958],[-42.75195,-4.81925],[-42.75199,-4.81888],[-42.75192,-4.81875],[-42.75143,-4.82001],[-42.75146,-4.82023],[-42.75155,-4.82037],[-42.75184,-4.82065],[-42.75147,-4.8212],[-42.75125,-4.82122],[-42.75094,-4.82151],[-42.75083,-4.82156],[-42.75063,-4.82139],[-42.7505,-4.82159],[-42.75017,-4.82215],[-42.75012,-4.82255],[-42.75026,-4.82289],[-42.75026,-4.82306],[-42.75021,-4.8232],[-42.74981,-4.8236],[-42.74962,-4.82372],[-42.7491,-4.82392],[-42.74881,-4.82419],[-42.74766,-4.82493],[-42.74716,-4.82532],[-42.74709,-4.82541],[-42.74708,-4.82552],[-42.74715,-4.82576],[-42.74705,-4.82585],[-42.7469,-4.82582],[-42.7467,-4.82588],[-42.74658,-4.82603],[-42.74656,-4.82616]]]}},{"type":"Feature","properties":{"id":"osm-w1456904992","nome":null,"tipo":"bosque","area_m2":174272},"geometry":{"type":"Polygon","coordinates":[[[-42.74279,-4.82326],[-42.7395,-4.82365],[-42.73954,-4.82372],[-42.73974,-4.82373],[-42.73984,-4.82387],[-42.73992,-4.82411],[-42.74052,-4.82429],[-42.7406,-4.82446],[-42.73995,-4.82466],[-42.73982,-4.82482],[-42.7398,-4.82499],[-42.74004,-4.82489],[-42.74021,-4.82509],[-42.74059,-4.82508],[-42.74094,-4.8252],[-42.74091,-4.82547],[-42.7408,-4.8257],[-42.74039,-4.82589],[-42.73974,-4.82598],[-42.73947,-4.82617],[-42.73938,-4.82632],[-42.73941,-4.82674],[-42.73931,-4.82723],[-42.73942,-4.82741],[-42.73981,-4.82729],[-42.73989,-4.8271],[-42.74024,-4.82695],[-42.74038,-4.82693],[-42.74063,-4.8271],[-42.74083,-4.82704],[-42.74121,-4.82803],[-42.74106,-4.82809],[-42.74087,-4.82811],[-42.74077,-4.82821],[-42.74078,-4.82842],[-42.7409,-4.8286],[-42.7409,-4.82881],[-42.74096,-4.82904],[-42.74141,-4.82954],[-42.74176,-4.8297],[-42.74202,-4.8297],[-42.7423,-4.82954],[-42.7426,-4.82931],[-42.74261,-4.82912],[-42.74309,-4.82886],[-42.74331,-4.82868],[-42.74349,-4.82819],[-42.74355,-4.8279],[-42.74375,-4.82742],[-42.74365,-4.82723],[-42.74342,-4.82707],[-42.7431,-4.82701],[-42.74298,-4.8269],[-42.74271,-4.8269],[-42.74239,-4.82684],[-42.74227,-4.82656],[-42.74219,-4.82606],[-42.74225,-4.82553],[-42.74211,-4.82523],[-42.74195,-4.82506],[-42.74197,-4.82486],[-42.74204,-4.82469],[-42.74235,-4.82426],[-42.7424,-4.82402],[-42.74253,-4.82385],[-42.74259,-4.82358],[-42.74269,-4.82336],[-42.74279,-4.82326]]]}},{"type":"Feature","properties":{"id":"osm-w1456904993","nome":null,"tipo":"bosque","area_m2":72532},"geometry":{"type":"Polygon","coordinates":[[[-42.74202,-4.82137],[-42.74346,-4.82295],[-42.74345,-4.82304],[-42.74337,-4.82309],[-42.74233,-4.82323],[-42.73943,-4.82357],[-42.73938,-4.82353],[-42.73932,-4.82296],[-42.73937,-4.82258],[-42.73944,-4.82245],[-42.73975,-4.82224],[-42.74023,-4.82216],[-42.74059,-4.82227],[-42.74115,-4.82262],[-42.74135,-4.82269],[-42.7415,-4.82269],[-42.74158,-4.82261],[-42.74164,-4.82244],[-42.74165,-4.82227],[-42.74157,-4.82219],[-42.7412,-4.82202],[-42.74082,-4.82179],[-42.7407,-4.82165],[-42.74016,-4.82121],[-42.74009,-4.82106],[-42.74018,-4.82076],[-42.74031,-4.82069],[-42.74048,-4.82067],[-42.7411,-4.82105],[-42.74157,-4.82129],[-42.74178,-4.82148],[-42.74187,-4.82148],[-42.74202,-4.82137]]]}},{"type":"Feature","properties":{"id":"osm-w1456936169","nome":null,"tipo":"bosque","area_m2":18429},"geometry":{"type":"Polygon","coordinates":[[[-42.781,-5.08649],[-42.7806,-5.08803],[-42.77952,-5.08781],[-42.77984,-5.08671],[-42.78034,-5.0868],[-42.78047,-5.08638],[-42.781,-5.08649]]]}},{"type":"Feature","properties":{"id":"osm-w1456936173","nome":null,"tipo":"bosque","area_m2":9437},"geometry":{"type":"Polygon","coordinates":[[[-42.78604,-5.08167],[-42.78616,-5.08243],[-42.78609,-5.08265],[-42.7844,-5.08225],[-42.78552,-5.08212],[-42.78546,-5.08169],[-42.78604,-5.08167]]]}},{"type":"Feature","properties":{"id":"osm-w1456936192","nome":null,"tipo":"bosque","area_m2":18765},"geometry":{"type":"Polygon","coordinates":[[[-42.76793,-5.08188],[-42.7679,-5.08326],[-42.76696,-5.08327],[-42.76695,-5.08393],[-42.76664,-5.0839],[-42.76669,-5.08297],[-42.76701,-5.08298],[-42.76711,-5.0818],[-42.76793,-5.08188]]]}},{"type":"Feature","properties":{"id":"osm-w1456936193","nome":null,"tipo":"bosque","area_m2":4102},"geometry":{"type":"Polygon","coordinates":[[[-42.76635,-5.08295],[-42.76594,-5.08287],[-42.76595,-5.08381],[-42.76626,-5.08384],[-42.76635,-5.08295]]]}},{"type":"Feature","properties":{"id":"osm-w1456936194","nome":null,"tipo":"bosque","area_m2":40276},"geometry":{"type":"Polygon","coordinates":[[[-42.76566,-5.08587],[-42.76527,-5.08501],[-42.76457,-5.08484],[-42.76385,-5.08496],[-42.76405,-5.08243],[-42.76445,-5.08238],[-42.76449,-5.08209],[-42.76507,-5.08211],[-42.76506,-5.08341],[-42.76466,-5.0834],[-42.7646,-5.08415],[-42.76567,-5.08423],[-42.76566,-5.08587]]]}},{"type":"Feature","properties":{"id":"osm-w1456936196","nome":null,"tipo":"bosque","area_m2":141471},"geometry":{"type":"Polygon","coordinates":[[[-42.76016,-5.08223],[-42.75979,-5.08292],[-42.76023,-5.08373],[-42.76018,-5.08427],[-42.75963,-5.08453],[-42.75962,-5.08502],[-42.76014,-5.08515],[-42.76004,-5.0855],[-42.75829,-5.085],[-42.75832,-5.08458],[-42.7577,-5.08441],[-42.75758,-5.08459],[-42.75691,-5.08438],[-42.75686,-5.08459],[-42.75654,-5.08446],[-42.75656,-5.08407],[-42.75587,-5.08375],[-42.75555,-5.0834],[-42.75513,-5.08325],[-42.75505,-5.08357],[-42.75301,-5.0815],[-42.75361,-5.0816],[-42.75369,-5.082],[-42.75442,-5.08225],[-42.75437,-5.08267],[-42.75489,-5.08269],[-42.75601,-5.08122],[-42.7567,-5.08155],[-42.7573,-5.08201],[-42.75703,-5.08326],[-42.7575,-5.08343],[-42.75766,-5.08312],[-42.75857,-5.08329],[-42.75932,-5.08206],[-42.76016,-5.08223]]]}},{"type":"Feature","properties":{"id":"osm-w1456936197","nome":null,"tipo":"bosque","area_m2":103315},"geometry":{"type":"Polygon","coordinates":[[[-42.75894,-5.07777],[-42.75798,-5.0792],[-42.75875,-5.07942],[-42.75844,-5.08022],[-42.75803,-5.08015],[-42.75805,-5.07948],[-42.75737,-5.07928],[-42.75738,-5.07866],[-42.75715,-5.07865],[-42.7567,-5.07973],[-42.75416,-5.07911],[-42.75428,-5.0785],[-42.755,-5.07858],[-42.755,-5.07805],[-42.75427,-5.07771],[-42.75371,-5.07757],[-42.75387,-5.07692],[-42.75743,-5.07751],[-42.75736,-5.07821],[-42.75778,-5.07827],[-42.75797,-5.07774],[-42.75894,-5.07777]]]}},{"type":"Feature","properties":{"id":"osm-w1457155918","nome":null,"tipo":"bosque","area_m2":1663},"geometry":{"type":"Polygon","coordinates":[[[-42.76808,-5.01196],[-42.76818,-5.01196],[-42.7682,-5.01207],[-42.76787,-5.01243],[-42.76778,-5.01244],[-42.76773,-5.01237],[-42.76766,-5.01217],[-42.76808,-5.01196]]]}},{"type":"Feature","properties":{"id":"osm-w1457155919","nome":null,"tipo":"bosque","area_m2":1046},"geometry":{"type":"Polygon","coordinates":[[[-42.76774,-5.01305],[-42.76783,-5.01309],[-42.76791,-5.01328],[-42.76785,-5.01347],[-42.76778,-5.0135],[-42.76771,-5.01345],[-42.76767,-5.01335],[-42.76766,-5.01309],[-42.76774,-5.01305]]]}},{"type":"Feature","properties":{"id":"osm-w1457175948","nome":null,"tipo":"bosque","area_m2":18237},"geometry":{"type":"Polygon","coordinates":[[[-42.81077,-5.13147],[-42.81136,-5.13171],[-42.81116,-5.13273],[-42.81169,-5.13295],[-42.81139,-5.13299],[-42.81083,-5.13351],[-42.81009,-5.13316],[-42.81049,-5.13254],[-42.81077,-5.13147]]]}},{"type":"Feature","properties":{"id":"osm-w1457175949","nome":null,"tipo":"bosque","area_m2":135272},"geometry":{"type":"Polygon","coordinates":[[[-42.80656,-5.13402],[-42.80658,-5.13356],[-42.80721,-5.13346],[-42.80729,-5.13333],[-42.80994,-5.13347],[-42.81139,-5.13393],[-42.81077,-5.13479],[-42.80965,-5.13727],[-42.80874,-5.13736],[-42.8084,-5.13712],[-42.80802,-5.13521],[-42.80735,-5.13517],[-42.80735,-5.13485],[-42.80656,-5.13402]]]}},{"type":"Feature","properties":{"id":"osm-w1457216879","nome":null,"tipo":"bosque","area_m2":89452},"geometry":{"type":"Polygon","coordinates":[[[-42.80849,-5.13824],[-42.80881,-5.13844],[-42.80906,-5.13892],[-42.80808,-5.14055],[-42.80733,-5.14224],[-42.80687,-5.14276],[-42.80566,-5.14308],[-42.80528,-5.14294],[-42.80502,-5.14163],[-42.80525,-5.14151],[-42.80541,-5.1417],[-42.80581,-5.14182],[-42.80574,-5.14206],[-42.80596,-5.14209],[-42.80631,-5.14162],[-42.80644,-5.1407],[-42.80706,-5.14064],[-42.8073,-5.14001],[-42.80709,-5.13976],[-42.80656,-5.13992],[-42.80736,-5.13898],[-42.80759,-5.13886],[-42.80755,-5.13837],[-42.80849,-5.13824]]]}},{"type":"Feature","properties":{"id":"osm-w1457497465","nome":null,"tipo":"bosque","area_m2":18054},"geometry":{"type":"Polygon","coordinates":[[[-42.76306,-5.00445],[-42.76304,-5.00451],[-42.76298,-5.00455],[-42.76283,-5.00453],[-42.76272,-5.004],[-42.76246,-5.00355],[-42.76175,-5.00267],[-42.76128,-5.00227],[-42.76098,-5.00148],[-42.76094,-5.00142],[-42.76075,-5.00131],[-42.76022,-5.00007],[-42.7606,-4.99995],[-42.76101,-5.00072],[-42.76113,-5.00121],[-42.76141,-5.00203],[-42.76161,-5.0023],[-42.76228,-5.00299],[-42.76267,-5.00349],[-42.76274,-5.00357],[-42.76291,-5.00354],[-42.76306,-5.00445]]]}},{"type":"Feature","properties":{"id":"osm-w1457513287","nome":null,"tipo":"bosque","area_m2":67303},"geometry":{"type":"Polygon","coordinates":[[[-42.74373,-4.82306],[-42.74392,-4.82313],[-42.7442,-4.82328],[-42.74466,-4.82363],[-42.74491,-4.8237],[-42.74502,-4.82369],[-42.74511,-4.82363],[-42.74566,-4.82094],[-42.74558,-4.82079],[-42.74529,-4.82049],[-42.74515,-4.82041],[-42.74501,-4.82038],[-42.74471,-4.82046],[-42.74445,-4.82059],[-42.7443,-4.82061],[-42.74401,-4.82058],[-42.74391,-4.82061],[-42.74358,-4.82085],[-42.74329,-4.82097],[-42.74255,-4.82069],[-42.74253,-4.82064],[-42.74254,-4.82048],[-42.74264,-4.82021],[-42.7426,-4.82017],[-42.74235,-4.82022],[-42.74224,-4.82028],[-42.74211,-4.82047],[-42.74185,-4.8206],[-42.7417,-4.82073],[-42.74217,-4.82125],[-42.74219,-4.82104],[-42.74222,-4.82094],[-42.74235,-4.82085],[-42.74247,-4.82082],[-42.74255,-4.82086],[-42.74256,-4.82096],[-42.74266,-4.8211],[-42.74277,-4.82145],[-42.74283,-4.8215],[-42.74317,-4.82135],[-42.74328,-4.82137],[-42.7437,-4.82155],[-42.74402,-4.82165],[-42.74413,-4.82178],[-42.74419,-4.82203],[-42.74431,-4.82218],[-42.74436,-4.82231],[-42.74429,-4.82244],[-42.74377,-4.82298],[-42.74373,-4.82306]]]}},{"type":"Feature","properties":{"id":"osm-w1458761378","nome":null,"tipo":"bosque","area_m2":3412},"geometry":{"type":"Polygon","coordinates":[[[-42.7555,-4.83073],[-42.75558,-4.83082],[-42.75557,-4.83099],[-42.75528,-4.83124],[-42.75501,-4.83113],[-42.75494,-4.83099],[-42.75495,-4.83082],[-42.75508,-4.83068],[-42.75519,-4.83062],[-42.7555,-4.83073]]]}},{"type":"Feature","properties":{"id":"osm-w1503448284","nome":null,"tipo":"bosque","area_m2":306},"geometry":{"type":"Polygon","coordinates":[[[-42.7933,-5.08048],[-42.79321,-5.08047],[-42.79315,-5.08054],[-42.79319,-5.08065],[-42.79327,-5.08065],[-42.79333,-5.08059],[-42.7933,-5.08048]]]}},{"type":"Feature","properties":{"id":"osm-w1503450596","nome":null,"tipo":"parque","area_m2":812},"geometry":{"type":"Polygon","coordinates":[[[-42.79739,-5.0824],[-42.79728,-5.08261],[-42.79752,-5.08274],[-42.79764,-5.08251],[-42.79739,-5.0824]]]}},{"type":"Feature","properties":{"id":"osm-w1503451473","nome":null,"tipo":"bosque","area_m2":1687},"geometry":{"type":"Polygon","coordinates":[[[-42.77157,-5.0731],[-42.7716,-5.07357],[-42.77187,-5.0736],[-42.77185,-5.07309],[-42.77157,-5.0731]]]}},{"type":"Feature","properties":{"id":"osm-w1503451477","nome":null,"tipo":"bosque","area_m2":1180},"geometry":{"type":"Polygon","coordinates":[[[-42.76995,-5.07299],[-42.77003,-5.07338],[-42.76976,-5.07339],[-42.7697,-5.07313],[-42.76976,-5.07301],[-42.76995,-5.07299]]]}},{"type":"Feature","properties":{"id":"osm-w1503452148","nome":"Área Verde","tipo":"bosque","area_m2":896},"geometry":{"type":"Polygon","coordinates":[[[-42.78481,-5.08356],[-42.78456,-5.08351],[-42.78449,-5.08378],[-42.78474,-5.08384],[-42.78481,-5.08356]]]}},{"type":"Feature","properties":{"id":"osm-w1503452150","nome":"Área Verde","tipo":"bosque","area_m2":2239},"geometry":{"type":"Polygon","coordinates":[[[-42.78369,-5.08297],[-42.78399,-5.08304],[-42.78382,-5.08363],[-42.78354,-5.08355],[-42.78369,-5.08297]]]}},{"type":"Feature","properties":{"id":"osm-w1503452153","nome":"Área Verde","tipo":"bosque","area_m2":3318},"geometry":{"type":"Polygon","coordinates":[[[-42.78326,-5.08391],[-42.78344,-5.08395],[-42.78335,-5.08429],[-42.78366,-5.08438],[-42.78381,-5.08371],[-42.78336,-5.0836],[-42.78326,-5.08391]]]}},{"type":"Feature","properties":{"id":"osm-w1503452154","nome":"Área Verde","tipo":"bosque","area_m2":2179},"geometry":{"type":"Polygon","coordinates":[[[-42.78516,-5.08438],[-42.78507,-5.08472],[-42.78554,-5.08485],[-42.78564,-5.08451],[-42.78516,-5.08438]]]}},{"type":"Feature","properties":{"id":"osm-w1503452155","nome":"Área Verde","tipo":"bosque","area_m2":2782},"geometry":{"type":"Polygon","coordinates":[[[-42.78521,-5.08484],[-42.78467,-5.0847],[-42.78457,-5.08509],[-42.78511,-5.08523],[-42.78521,-5.08484]]]}},{"type":"Feature","properties":{"id":"osm-w1503452156","nome":"Área Verde","tipo":"bosque","area_m2":1113},"geometry":{"type":"Polygon","coordinates":[[[-42.78464,-5.08427],[-42.7849,-5.08434],[-42.78498,-5.08401],[-42.78472,-5.08395],[-42.78464,-5.08427]]]}},{"type":"Feature","properties":{"id":"osm-w1503452157","nome":"Área Verde","tipo":"bosque","area_m2":515},"geometry":{"type":"Polygon","coordinates":[[[-42.78437,-5.0842],[-42.78424,-5.08417],[-42.78417,-5.08448],[-42.7843,-5.08451],[-42.78437,-5.0842]]]}},{"type":"Feature","properties":{"id":"osm-w1503454146","nome":null,"tipo":"parque","area_m2":1124},"geometry":{"type":"Polygon","coordinates":[[[-42.775,-5.07373],[-42.77473,-5.07367],[-42.77471,-5.07376],[-42.77489,-5.0738],[-42.77483,-5.07397],[-42.77499,-5.07413],[-42.77513,-5.07418],[-42.775,-5.07373]]]}},{"type":"Feature","properties":{"id":"osm-w1503454555","nome":null,"tipo":"bosque","area_m2":2335},"geometry":{"type":"Polygon","coordinates":[[[-42.77183,-5.06953],[-42.77228,-5.0695],[-42.7721,-5.06908],[-42.77168,-5.06908],[-42.77163,-5.06926],[-42.77182,-5.06924],[-42.77183,-5.06953]]]}},{"type":"Feature","properties":{"id":"osm-w1503454852","nome":null,"tipo":"bosque","area_m2":2733},"geometry":{"type":"Polygon","coordinates":[[[-42.77583,-5.07027],[-42.77535,-5.0703],[-42.77535,-5.0707],[-42.77582,-5.07081],[-42.77583,-5.07027]]]}},{"type":"Feature","properties":{"id":"osm-w1503454875","nome":"Área Verde","tipo":"bosque","area_m2":2329},"geometry":{"type":"Polygon","coordinates":[[[-42.78412,-5.08457],[-42.78399,-5.08454],[-42.7839,-5.08486],[-42.78364,-5.08479],[-42.78351,-5.08526],[-42.78378,-5.08533],[-42.78389,-5.08492],[-42.78401,-5.08496],[-42.78412,-5.08457]]]}},{"type":"Feature","properties":{"id":"osm-w1510700413","nome":null,"tipo":"bosque","area_m2":2829},"geometry":{"type":"Polygon","coordinates":[[[-42.79419,-5.06867],[-42.79401,-5.06928],[-42.79363,-5.06931],[-42.79382,-5.06868],[-42.79419,-5.06867]]]}},{"type":"Feature","properties":{"id":"osm-w1510700414","nome":null,"tipo":"bosque","area_m2":3454},"geometry":{"type":"Polygon","coordinates":[[[-42.7954,-5.06864],[-42.79524,-5.06944],[-42.79486,-5.06942],[-42.79507,-5.06865],[-42.7954,-5.06864]]]}},{"type":"Feature","properties":{"id":"osm-w1524630872","nome":null,"tipo":"bosque","area_m2":37011},"geometry":{"type":"Polygon","coordinates":[[[-42.75131,-5.03753],[-42.7513,-5.03784],[-42.75118,-5.03784],[-42.75115,-5.03795],[-42.75024,-5.03782],[-42.75021,-5.03871],[-42.75025,-5.03876],[-42.75048,-5.0388],[-42.75077,-5.0389],[-42.75125,-5.03896],[-42.75125,-5.03905],[-42.75122,-5.03906],[-42.75075,-5.03901],[-42.75043,-5.03904],[-42.75041,-5.03905],[-42.75038,-5.03931],[-42.75013,-5.0393],[-42.75005,-5.03925],[-42.74994,-5.03884],[-42.74986,-5.03872],[-42.74969,-5.03866],[-42.74964,-5.03869],[-42.74962,-5.03881],[-42.74956,-5.03883],[-42.74949,-5.03881],[-42.7494,-5.0387],[-42.7492,-5.0387],[-42.74909,-5.03866],[-42.74907,-5.03839],[-42.74852,-5.03836],[-42.74767,-5.03837],[-42.74761,-5.03777],[-42.74768,-5.03773],[-42.7479,-5.03768],[-42.74794,-5.03758],[-42.74793,-5.03727],[-42.74819,-5.03725],[-42.74849,-5.03772],[-42.74878,-5.03775],[-42.74886,-5.03773],[-42.74892,-5.03766],[-42.74901,-5.03768],[-42.74906,-5.03773],[-42.74914,-5.038],[-42.74937,-5.03794],[-42.74943,-5.03786],[-42.74964,-5.03784],[-42.74967,-5.03745],[-42.75004,-5.03754],[-42.75029,-5.03756],[-42.75131,-5.03753]]]}},{"type":"Feature","properties":{"id":"osm-w1526471910","nome":null,"tipo":"bosque","area_m2":10721},"geometry":{"type":"Polygon","coordinates":[[[-42.75572,-5.00114],[-42.75445,-5.00126],[-42.75456,-5.00215],[-42.75538,-5.00206],[-42.75532,-5.00148],[-42.75577,-5.00144],[-42.75572,-5.00114]]]}},{"type":"Feature","properties":{"id":"osm-w1531391067","nome":null,"tipo":"bosque","area_m2":54594},"geometry":{"type":"Polygon","coordinates":[[[-42.74345,-5.11361],[-42.74172,-5.113],[-42.74104,-5.11494],[-42.74095,-5.11492],[-42.74084,-5.11523],[-42.74265,-5.11588],[-42.74345,-5.11361]]]}},{"type":"Feature","properties":{"id":"osm-w1534581545","nome":null,"tipo":"lazer","area_m2":8255},"geometry":{"type":"Polygon","coordinates":[[[-42.76301,-5.19414],[-42.76214,-5.19386],[-42.76234,-5.19316],[-42.76322,-5.19344],[-42.76301,-5.19414]]]}},{"type":"Feature","properties":{"id":"osm-w1534594203","nome":null,"tipo":"parque","area_m2":5456},"geometry":{"type":"Polygon","coordinates":[[[-42.76244,-5.18051],[-42.76192,-5.18035],[-42.76215,-5.17958],[-42.76267,-5.17974],[-42.76244,-5.18051]]]}},{"type":"Feature","properties":{"id":"osm-w1534594225","nome":null,"tipo":"parque","area_m2":7740},"geometry":{"type":"Polygon","coordinates":[[[-42.75394,-5.18627],[-42.75556,-5.18676],[-42.75561,-5.18662],[-42.75552,-5.18651],[-42.75533,-5.18634],[-42.75504,-5.18615],[-42.75403,-5.18591],[-42.75394,-5.18627]]]}},{"type":"Feature","properties":{"id":"osm-w1535179825","nome":null,"tipo":"parque","area_m2":822},"geometry":{"type":"Polygon","coordinates":[[[-42.74734,-5.0828],[-42.74737,-5.08262],[-42.74682,-5.08265],[-42.74681,-5.08269],[-42.7469,-5.0827],[-42.7469,-5.08274],[-42.74734,-5.0828]]]}},{"type":"Feature","properties":{"id":"osm-w1535179833","nome":null,"tipo":"parque","area_m2":1212},"geometry":{"type":"Polygon","coordinates":[[[-42.74872,-5.08393],[-42.74828,-5.08387],[-42.74824,-5.08415],[-42.74842,-5.08412],[-42.74843,-5.0841],[-42.7487,-5.08409],[-42.74872,-5.08393]]]}},{"type":"Feature","properties":{"id":"osm-w1535179844","nome":null,"tipo":"parque","area_m2":1082},"geometry":{"type":"Polygon","coordinates":[[[-42.74765,-5.08408],[-42.74764,-5.08418],[-42.74771,-5.08421],[-42.74751,-5.08424],[-42.74751,-5.08422],[-42.74739,-5.0842],[-42.74738,-5.08423],[-42.74714,-5.0843],[-42.74718,-5.08404],[-42.74765,-5.08408]]]}},{"type":"Feature","properties":{"id":"osm-w1535179847","nome":"Associação Beneficente Giuliano Esporte Clube","tipo":"lazer","area_m2":5313},"geometry":{"type":"Polygon","coordinates":[[[-42.74746,-5.08753],[-42.74647,-5.08759],[-42.74654,-5.08712],[-42.74744,-5.08709],[-42.74746,-5.08753]]]}},{"type":"Feature","properties":{"id":"osm-w1535187284","nome":null,"tipo":"parque","area_m2":2553},"geometry":{"type":"Polygon","coordinates":[[[-42.72822,-5.08703],[-42.72824,-5.08769],[-42.72793,-5.08771],[-42.7279,-5.08705],[-42.72822,-5.08703]]]}},{"type":"Feature","properties":{"id":"osm-w1535187288","nome":null,"tipo":"parque","area_m2":2248},"geometry":{"type":"Polygon","coordinates":[[[-42.72814,-5.08628],[-42.72817,-5.08688],[-42.72787,-5.0869],[-42.72784,-5.08629],[-42.72814,-5.08628]]]}},{"type":"Feature","properties":{"id":"osm-w1535187300","nome":null,"tipo":"bosque","area_m2":40985},"geometry":{"type":"Polygon","coordinates":[[[-42.72845,-5.08822],[-42.72954,-5.08816],[-42.72957,-5.08771],[-42.7261,-5.08791],[-42.72618,-5.08915],[-42.72846,-5.08898],[-42.72845,-5.08822]]]}},{"type":"Feature","properties":{"id":"osm-w1535187301","nome":null,"tipo":"bosque","area_m2":6344},"geometry":{"type":"Polygon","coordinates":[[[-42.72682,-5.08974],[-42.72692,-5.09009],[-42.72694,-5.09038],[-42.72684,-5.09052],[-42.72626,-5.09055],[-42.72622,-5.08976],[-42.72682,-5.08974]]]}},{"type":"Feature","properties":{"id":"osm-w1535187302","nome":null,"tipo":"bosque","area_m2":213272},"geometry":{"type":"Polygon","coordinates":[[[-42.7294,-5.0904],[-42.72626,-5.09055],[-42.72622,-5.08984],[-42.72482,-5.09008],[-42.72486,-5.09105],[-42.72378,-5.09113],[-42.72383,-5.09223],[-42.72413,-5.09382],[-42.72358,-5.09382],[-42.72359,-5.09442],[-42.72641,-5.09553],[-42.72649,-5.09521],[-42.72651,-5.09485],[-42.72645,-5.09402],[-42.7269,-5.09372],[-42.72773,-5.0928],[-42.72813,-5.09215],[-42.72814,-5.09183],[-42.72769,-5.09146],[-42.72759,-5.09129],[-42.72764,-5.09117],[-42.72816,-5.09121],[-42.72913,-5.09113],[-42.72926,-5.091],[-42.7294,-5.0904]]]}},{"type":"Feature","properties":{"id":"osm-w1535199517","nome":null,"tipo":"parque","area_m2":2911},"geometry":{"type":"Polygon","coordinates":[[[-42.73169,-5.08247],[-42.73155,-5.08252],[-42.73189,-5.08352],[-42.73215,-5.08351],[-42.73218,-5.08349],[-42.73169,-5.08247]]]}},{"type":"Feature","properties":{"id":"osm-w1535199529","nome":null,"tipo":"parque","area_m2":3854},"geometry":{"type":"Polygon","coordinates":[[[-42.73195,-5.08172],[-42.73141,-5.08192],[-42.73123,-5.08142],[-42.73165,-5.08116],[-42.73195,-5.08172]]]}},{"type":"Feature","properties":{"id":"osm-w1535199553","nome":null,"tipo":"parque","area_m2":1366},"geometry":{"type":"Polygon","coordinates":[[[-42.73169,-5.07811],[-42.7316,-5.07789],[-42.73126,-5.07805],[-42.73123,-5.0781],[-42.73136,-5.07833],[-42.73169,-5.07811]]]}},{"type":"Feature","properties":{"id":"osm-w1535627082","nome":null,"tipo":"bosque","area_m2":11078},"geometry":{"type":"Polygon","coordinates":[[[-42.76673,-5.11601],[-42.76736,-5.11689],[-42.76677,-5.11729],[-42.76593,-5.11625],[-42.76673,-5.11601]]]}},{"type":"Feature","properties":{"id":"osm-w1535646468","nome":null,"tipo":"bosque","area_m2":38236},"geometry":{"type":"Polygon","coordinates":[[[-42.7666,-5.11819],[-42.7664,-5.11827],[-42.76629,-5.11801],[-42.76446,-5.11848],[-42.76426,-5.11856],[-42.76468,-5.1192],[-42.76511,-5.11891],[-42.7654,-5.11881],[-42.76571,-5.11885],[-42.76583,-5.11896],[-42.76587,-5.11918],[-42.76586,-5.11947],[-42.76576,-5.11974],[-42.76579,-5.11991],[-42.76586,-5.12001],[-42.76604,-5.12004],[-42.76639,-5.12],[-42.76719,-5.11969],[-42.76732,-5.11959],[-42.76735,-5.1194],[-42.7666,-5.11819]]]}},{"type":"Feature","properties":{"id":"osm-w1535646471","nome":null,"tipo":"bosque","area_m2":8826},"geometry":{"type":"Polygon","coordinates":[[[-42.76699,-5.12283],[-42.76716,-5.12291],[-42.76729,-5.12304],[-42.76736,-5.12315],[-42.76734,-5.12329],[-42.76725,-5.12335],[-42.7672,-5.12345],[-42.76707,-5.12356],[-42.7668,-5.12366],[-42.76665,-5.12363],[-42.76648,-5.12366],[-42.76615,-5.12384],[-42.76587,-5.12385],[-42.76578,-5.12381],[-42.76574,-5.12372],[-42.76576,-5.12363],[-42.76584,-5.12356],[-42.76598,-5.12356],[-42.76615,-5.12349],[-42.76632,-5.12339],[-42.76643,-5.12317],[-42.76657,-5.12317],[-42.76693,-5.12299],[-42.76699,-5.12283]]]}},{"type":"Feature","properties":{"id":"osm-w1535697717","nome":null,"tipo":"parque","area_m2":1712},"geometry":{"type":"Polygon","coordinates":[[[-42.74737,-5.08004],[-42.74733,-5.07977],[-42.74686,-5.07974],[-42.74691,-5.08],[-42.74701,-5.08003],[-42.74708,-5.0801],[-42.74737,-5.08004]]]}},{"type":"Feature","properties":{"id":"osm-w1536483705","nome":null,"tipo":"bosque","area_m2":42232},"geometry":{"type":"Polygon","coordinates":[[[-42.75017,-5.08406],[-42.75013,-5.08408],[-42.75016,-5.08508],[-42.74981,-5.08508],[-42.74986,-5.08573],[-42.74926,-5.08579],[-42.74874,-5.08615],[-42.74879,-5.0875],[-42.74921,-5.08727],[-42.74955,-5.08713],[-42.75039,-5.08694],[-42.75032,-5.08668],[-42.75034,-5.08639],[-42.7505,-5.08625],[-42.75069,-5.08628],[-42.7512,-5.0866],[-42.7506,-5.08474],[-42.7502,-5.08475],[-42.75017,-5.08406]]]}},{"type":"Feature","properties":{"id":"osm-w1536483716","nome":null,"tipo":"bosque","area_m2":19568},"geometry":{"type":"Polygon","coordinates":[[[-42.75256,-5.08513],[-42.75336,-5.08582],[-42.75315,-5.08591],[-42.75306,-5.08599],[-42.75296,-5.08616],[-42.753,-5.08618],[-42.75248,-5.08686],[-42.75235,-5.08692],[-42.75219,-5.08694],[-42.75203,-5.08691],[-42.75192,-5.08682],[-42.7518,-5.08652],[-42.75176,-5.08618],[-42.75181,-5.086],[-42.75256,-5.08513]]]}},{"type":"Feature","properties":{"id":"osm-w1536483723","nome":null,"tipo":"bosque","area_m2":43541},"geometry":{"type":"Polygon","coordinates":[[[-42.75138,-5.0865],[-42.75347,-5.08406],[-42.75292,-5.08386],[-42.75207,-5.08363],[-42.75174,-5.08438],[-42.75098,-5.08399],[-42.75127,-5.08337],[-42.75115,-5.08333],[-42.75103,-5.08377],[-42.75094,-5.08398],[-42.75087,-5.084],[-42.75108,-5.08416],[-42.75124,-5.08438],[-42.7509,-5.08474],[-42.75084,-5.08474],[-42.75138,-5.0865]]]}},{"type":"Feature","properties":{"id":"osm-r7379616","nome":"Praça do Novo Milênio","tipo":"parque","area_m2":3318},"geometry":{"type":"Polygon","coordinates":[[[-42.72735,-5.10332],[-42.72751,-5.10226],[-42.72692,-5.10311],[-42.7273,-5.10336],[-42.72735,-5.10332]]]}},{"type":"Feature","properties":{"id":"osm-r9346138","nome":"Praça Imaculada","tipo":"parque","area_m2":6722},"geometry":{"type":"Polygon","coordinates":[[[-42.78883,-5.12414],[-42.7884,-5.12411],[-42.78796,-5.12528],[-42.78836,-5.12542],[-42.78883,-5.12414]]]}},{"type":"Feature","properties":{"id":"osm-r9387781","nome":null,"tipo":"parque","area_m2":11105},"geometry":{"type":"Polygon","coordinates":[[[-42.74259,-5.07294],[-42.74259,-5.07278],[-42.7425,-5.07276],[-42.74245,-5.07268],[-42.74163,-5.07266],[-42.74153,-5.07271],[-42.74143,-5.07266],[-42.74075,-5.07265],[-42.74042,-5.07253],[-42.74025,-5.07284],[-42.74134,-5.07337],[-42.74151,-5.073],[-42.74259,-5.07294]]]}},{"type":"Feature","properties":{"id":"osm-r9413743","nome":null,"tipo":"parque","area_m2":1288},"geometry":{"type":"Polygon","coordinates":[[[-42.77117,-5.01149],[-42.7711,-5.01144],[-42.77101,-5.01148],[-42.77092,-5.01179],[-42.77097,-5.01187],[-42.77103,-5.01188],[-42.77127,-5.01174],[-42.77127,-5.01167],[-42.77117,-5.01149]]]}},{"type":"Feature","properties":{"id":"osm-r9753881","nome":"Mata da Beira rio","tipo":"parque","area_m2":41814},"geometry":{"type":"Polygon","coordinates":[[[-42.80372,-5.07025],[-42.80437,-5.0705],[-42.80446,-5.0703],[-42.80427,-5.07015],[-42.80467,-5.06955],[-42.80474,-5.06955],[-42.80492,-5.06966],[-42.80499,-5.06962],[-42.80593,-5.06803],[-42.80741,-5.06513],[-42.80781,-5.06424],[-42.80749,-5.06407],[-42.80652,-5.06604],[-42.80563,-5.06735],[-42.80528,-5.06811],[-42.80513,-5.06834],[-42.80477,-5.06878],[-42.80432,-5.06949],[-42.80395,-5.06992],[-42.80372,-5.07025]]]}},{"type":"Feature","properties":{"id":"osm-r9753882","nome":"Mata da Beira rio","tipo":"parque","area_m2":232114},"geometry":{"type":"Polygon","coordinates":[[[-42.80095,-5.04495],[-42.80151,-5.04519],[-42.80277,-5.0459],[-42.80329,-5.04617],[-42.80359,-5.04641],[-42.80432,-5.04689],[-42.80508,-5.04748],[-42.80546,-5.0479],[-42.80603,-5.04867],[-42.80627,-5.04883],[-42.80667,-5.04936],[-42.80697,-5.04985],[-42.80729,-5.05062],[-42.80769,-5.05171],[-42.80795,-5.05265],[-42.808,-5.05293],[-42.80837,-5.05405],[-42.80853,-5.05491],[-42.80888,-5.05632],[-42.8089,-5.05653],[-42.80888,-5.05693],[-42.80895,-5.05833],[-42.80892,-5.05887],[-42.80881,-5.05942],[-42.80881,-5.06],[-42.80867,-5.06084],[-42.80855,-5.06138],[-42.80819,-5.06247],[-42.80783,-5.06326],[-42.80761,-5.06385],[-42.80791,-5.06403],[-42.80881,-5.06211],[-42.80903,-5.06183],[-42.80987,-5.06122],[-42.81,-5.06109],[-42.80998,-5.06099],[-42.80977,-5.06097],[-42.80985,-5.05783],[-42.80957,-5.05648],[-42.80931,-5.05547],[-42.80896,-5.0544],[-42.80892,-5.05391],[-42.80887,-5.05384],[-42.80853,-5.05387],[-42.80846,-5.05381],[-42.80806,-5.05168],[-42.80809,-5.05157],[-42.80847,-5.05151],[-42.80826,-5.05098],[-42.80819,-5.0503],[-42.80817,-5.04995],[-42.8082,-5.04983],[-42.80769,-5.04945],[-42.80795,-5.04917],[-42.80671,-5.04813],[-42.80641,-5.04798],[-42.80617,-5.04773],[-42.80565,-5.04731],[-42.80555,-5.04714],[-42.80549,-5.04697],[-42.80545,-5.04662],[-42.8055,-5.04612],[-42.80538,-5.04596],[-42.80518,-5.04599],[-42.80504,-5.04609],[-42.80483,-5.04613],[-42.80459,-5.04597],[-42.80425,-5.04567],[-42.80404,-5.04552],[-42.80353,-5.0453],[-42.8034,-5.04511],[-42.8033,-5.04503],[-42.80312,-5.04501],[-42.80292,-5.04493],[-42.80291,-5.04474],[-42.80299,-5.04462],[-42.80353,-5.04443],[-42.80393,-5.04425],[-42.80479,-5.04402],[-42.80503,-5.04392],[-42.80502,-5.04381],[-42.80435,-5.04381],[-42.8035,-5.0439],[-42.80317,-5.04397],[-42.80265,-5.04399],[-42.80246,-5.04408],[-42.80232,-5.04422],[-42.80218,-5.04443],[-42.8021,-5.04442],[-42.80175,-5.04416],[-42.80163,-5.04414],[-42.8015,-5.0442],[-42.80143,-5.04429],[-42.80123,-5.0442],[-42.80095,-5.04495]]]}},{"type":"Feature","properties":{"id":"osm-r9753883","nome":"Parque Floresta Fóssil","tipo":"parque","area_m2":216288},"geometry":{"type":"Polygon","coordinates":[[[-42.79538,-5.08289],[-42.7951,-5.08321],[-42.79469,-5.08397],[-42.79437,-5.08446],[-42.79401,-5.08489],[-42.79353,-5.08562],[-42.79298,-5.08628],[-42.79189,-5.08778],[-42.79109,-5.08859],[-42.79037,-5.08907],[-42.78958,-5.08939],[-42.7893,-5.08945],[-42.78845,-5.08959],[-42.78806,-5.08955],[-42.78778,-5.08962],[-42.78752,-5.08971],[-42.78727,-5.08985],[-42.78701,-5.08993],[-42.78672,-5.08993],[-42.7859,-5.08974],[-42.78534,-5.08967],[-42.78492,-5.08957],[-42.78405,-5.08949],[-42.78377,-5.0895],[-42.78351,-5.0896],[-42.78301,-5.08992],[-42.78281,-5.09012],[-42.78263,-5.09034],[-42.78214,-5.09105],[-42.7818,-5.09202],[-42.78167,-5.0923],[-42.78135,-5.09278],[-42.78109,-5.09327],[-42.78103,-5.09356],[-42.78102,-5.09412],[-42.78083,-5.0946],[-42.78104,-5.09439],[-42.78114,-5.09398],[-42.78138,-5.09354],[-42.78163,-5.09319],[-42.78187,-5.09294],[-42.78216,-5.09276],[-42.78278,-5.09248],[-42.78399,-5.09243],[-42.78488,-5.0923],[-42.78585,-5.09198],[-42.78668,-5.0915],[-42.78696,-5.0913],[-42.78733,-5.09095],[-42.7878,-5.09036],[-42.78837,-5.08997],[-42.78852,-5.0899],[-42.78895,-5.08983],[-42.79009,-5.08945],[-42.79056,-5.08933],[-42.79119,-5.08907],[-42.79161,-5.08879],[-42.79186,-5.08856],[-42.79202,-5.08834],[-42.79205,-5.088],[-42.79226,-5.08774],[-42.79239,-5.08763],[-42.79247,-5.08764],[-42.79262,-5.08758],[-42.7931,-5.08693],[-42.79394,-5.08564],[-42.79419,-5.08519],[-42.79454,-5.08464],[-42.79519,-5.08366],[-42.79549,-5.08329],[-42.79568,-5.08314],[-42.79572,-5.08305],[-42.79538,-5.08289]]]}},{"type":"Feature","properties":{"id":"osm-r9753886","nome":"Parque Ambiental Encontro dos Rios","tipo":"parque","area_m2":22449},"geometry":{"type":"Polygon","coordinates":[[[-42.8394,-5.03496],[-42.83926,-5.03496],[-42.83876,-5.03516],[-42.83794,-5.03533],[-42.83798,-5.03546],[-42.83807,-5.03545],[-42.83806,-5.03541],[-42.83821,-5.0354],[-42.83853,-5.03545],[-42.83851,-5.03551],[-42.83871,-5.03566],[-42.8388,-5.03581],[-42.83892,-5.03645],[-42.83876,-5.03807],[-42.83955,-5.03807],[-42.83919,-5.0361],[-42.83921,-5.0359],[-42.83933,-5.0357],[-42.83941,-5.03545],[-42.83945,-5.03507],[-42.8394,-5.03496]]]}},{"type":"Feature","properties":{"id":"osm-r10375933","nome":"Parque Potycabana","tipo":"parque","area_m2":47776},"geometry":{"type":"Polygon","coordinates":[[[-42.79405,-5.08224],[-42.79377,-5.0821],[-42.79377,-5.08221],[-42.79355,-5.08259],[-42.79316,-5.08289],[-42.79304,-5.083],[-42.79293,-5.08318],[-42.79287,-5.0832],[-42.79207,-5.08454],[-42.79123,-5.08583],[-42.79074,-5.0863],[-42.79012,-5.08675],[-42.79032,-5.08718],[-42.79041,-5.08724],[-42.79057,-5.08722],[-42.79095,-5.08696],[-42.79159,-5.08639],[-42.79184,-5.08609],[-42.79242,-5.08525],[-42.79239,-5.08519],[-42.79246,-5.0851],[-42.79253,-5.0851],[-42.79322,-5.08398],[-42.7932,-5.08392],[-42.79326,-5.08382],[-42.79333,-5.08381],[-42.79414,-5.08241],[-42.79405,-5.08224]]]}},{"type":"Feature","properties":{"id":"osm-r10375934","nome":"Parque das Crianças","tipo":"parque","area_m2":26414},"geometry":{"type":"Polygon","coordinates":[[[-42.80721,-5.0619],[-42.80457,-5.06205],[-42.80457,-5.06215],[-42.80462,-5.06226],[-42.80474,-5.0624],[-42.80541,-5.06278],[-42.80657,-5.06336],[-42.80678,-5.06281],[-42.80721,-5.0619]]]}},{"type":"Feature","properties":{"id":"osm-r10375935","nome":"Mata do Corso","tipo":"parque","area_m2":73751},"geometry":{"type":"Polygon","coordinates":[[[-42.80429,-5.06455],[-42.80421,-5.06592],[-42.80417,-5.06617],[-42.80405,-5.06652],[-42.80203,-5.06956],[-42.80203,-5.06961],[-42.80277,-5.06988],[-42.80286,-5.06965],[-42.80333,-5.06905],[-42.80428,-5.06757],[-42.80489,-5.06644],[-42.80556,-5.06553],[-42.80611,-5.06442],[-42.80649,-5.06355],[-42.80567,-5.06318],[-42.80571,-5.06371],[-42.80587,-5.0643],[-42.80566,-5.06468],[-42.80429,-5.06455]]]}},{"type":"Feature","properties":{"id":"osm-r11593670","nome":"Praça Marechal Floriano Peixoto","tipo":"parque","area_m2":8933},"geometry":{"type":"MultiPolygon","coordinates":[[[[-42.80537,-5.08457],[-42.80686,-5.08532],[-42.80698,-5.08503],[-42.80551,-5.0843],[-42.80539,-5.08436],[-42.80536,-5.08446],[-42.80537,-5.08457]]],[[[-42.80475,-5.08391],[-42.8046,-5.08417],[-42.80511,-5.08444],[-42.80521,-5.08442],[-42.80529,-5.08426],[-42.80522,-5.08415],[-42.80475,-5.08391]]]]}},{"type":"Feature","properties":{"id":"osm-r11919203","nome":"Parque Lagoas do Norte","tipo":"parque","area_m2":180953},"geometry":{"type":"MultiPolygon","coordinates":[[[[-42.83275,-5.06416],[-42.83241,-5.06479],[-42.83256,-5.06487],[-42.83256,-5.06493],[-42.83236,-5.06568],[-42.83507,-5.06708],[-42.83581,-5.06743],[-42.83584,-5.06741],[-42.83628,-5.06648],[-42.8364,-5.06599],[-42.83644,-5.06559],[-42.8353,-5.06545],[-42.83407,-5.06485],[-42.83344,-5.06446],[-42.83275,-5.06416]]],[[[-42.83563,-5.06539],[-42.83586,-5.06347],[-42.83582,-5.06244],[-42.83597,-5.06152],[-42.83564,-5.0615],[-42.83559,-5.06135],[-42.83476,-5.06135],[-42.83473,-5.06132],[-42.83473,-5.06122],[-42.8347,-5.06119],[-42.83403,-5.06119],[-42.83397,-5.06177],[-42.83378,-5.06219],[-42.83378,-5.06239],[-42.83345,-5.06328],[-42.8332,-5.06424],[-42.83351,-5.06437],[-42.83414,-5.06477],[-42.83533,-5.06534],[-42.83563,-5.06539]]]]}},{"type":"Feature","properties":{"id":"osm-r12009816","nome":"Praça Cultural","tipo":"parque","area_m2":2483},"geometry":{"type":"Polygon","coordinates":[[[-42.75565,-5.10106],[-42.75617,-5.10107],[-42.7562,-5.1007],[-42.75566,-5.10068],[-42.75565,-5.10106]]]}},{"type":"Feature","properties":{"id":"osm-r12077351","nome":"Praça Firmino Sobreira","tipo":"parque","area_m2":6297},"geometry":{"type":"Polygon","coordinates":[[[-42.82267,-5.07995],[-42.82221,-5.07972],[-42.82165,-5.08079],[-42.82211,-5.08103],[-42.82221,-5.08081],[-42.82207,-5.08074],[-42.82235,-5.08019],[-42.8225,-5.08026],[-42.82267,-5.07995]]]}},{"type":"Feature","properties":{"id":"osm-r12083978","nome":"Praça Gilson Serra e Silva","tipo":"parque","area_m2":568},"geometry":{"type":"Polygon","coordinates":[[[-42.82139,-5.0413],[-42.82156,-5.041],[-42.82145,-5.04093],[-42.82127,-5.04123],[-42.82139,-5.0413]]]}},{"type":"Feature","properties":{"id":"osm-r12085411","nome":null,"tipo":"parque","area_m2":2523},"geometry":{"type":"Polygon","coordinates":[[[-42.82661,-4.98538],[-42.82668,-4.98493],[-42.82623,-4.98487],[-42.82618,-4.98534],[-42.82661,-4.98538]]]}},{"type":"Feature","properties":{"id":"osm-r12085831","nome":null,"tipo":"parque","area_m2":2695},"geometry":{"type":"MultiPolygon","coordinates":[[[[-42.72536,-5.10175],[-42.72524,-5.10198],[-42.72539,-5.10206],[-42.72553,-5.10184],[-42.72536,-5.10175]]],[[[-42.72619,-5.10088],[-42.7258,-5.10091],[-42.72557,-5.10134],[-42.7258,-5.10146],[-42.72619,-5.10088]]]]}},{"type":"Feature","properties":{"id":"osm-r12087825","nome":"Praça da Bíblia","tipo":"parque","area_m2":6255},"geometry":{"type":"Polygon","coordinates":[[[-42.78481,-5.1494],[-42.78465,-5.15006],[-42.78533,-5.15047],[-42.78535,-5.14954],[-42.78481,-5.1494]]]}},{"type":"Feature","properties":{"id":"osm-r12088597","nome":"Pracinha da Creche Tia Anita","tipo":"parque","area_m2":390},"geometry":{"type":"Polygon","coordinates":[[[-42.81244,-5.04845],[-42.81227,-5.04856],[-42.81244,-5.04884],[-42.81244,-5.04845]]]}},{"type":"Feature","properties":{"id":"osm-r12088599","nome":null,"tipo":"parque","area_m2":7959},"geometry":{"type":"Polygon","coordinates":[[[-42.78585,-5.16119],[-42.78683,-5.16124],[-42.78686,-5.16058],[-42.78589,-5.16053],[-42.78585,-5.16119]]]}},{"type":"Feature","properties":{"id":"osm-r12089141","nome":null,"tipo":"parque","area_m2":774},"geometry":{"type":"Polygon","coordinates":[[[-42.76164,-5.10373],[-42.76169,-5.10419],[-42.76178,-5.1042],[-42.76182,-5.10374],[-42.76164,-5.10373]]]}},{"type":"Feature","properties":{"id":"osm-r12089580","nome":null,"tipo":"parque","area_m2":708},"geometry":{"type":"Polygon","coordinates":[[[-42.82333,-5.04032],[-42.82305,-5.0401],[-42.82294,-5.04027],[-42.8232,-5.04039],[-42.82329,-5.04037],[-42.82333,-5.04032]]]}},{"type":"Feature","properties":{"id":"osm-r12091953","nome":"Praça Sigefredo Pacheco","tipo":"parque","area_m2":3602},"geometry":{"type":"Polygon","coordinates":[[[-42.74719,-5.04733],[-42.74721,-5.0477],[-42.748,-5.04767],[-42.74797,-5.0473],[-42.74719,-5.04733]]]}},{"type":"Feature","properties":{"id":"osm-r12092380","nome":null,"tipo":"parque","area_m2":31052},"geometry":{"type":"MultiPolygon","coordinates":[[[[-42.83464,-5.05808],[-42.8347,-5.0574],[-42.83468,-5.05652],[-42.83378,-5.05647],[-42.83388,-5.05665],[-42.83389,-5.05704],[-42.83403,-5.05729],[-42.83422,-5.05744],[-42.8344,-5.05773],[-42.83446,-5.05799],[-42.83441,-5.05807],[-42.83464,-5.05808]]],[[[-42.83349,-5.05665],[-42.83352,-5.05665],[-42.83349,-5.05704],[-42.83373,-5.05706],[-42.83371,-5.05759],[-42.83397,-5.05761],[-42.83393,-5.05804],[-42.83432,-5.05807],[-42.83434,-5.05796],[-42.83382,-5.05723],[-42.83359,-5.05667],[-42.83371,-5.05648],[-42.8335,-5.05646],[-42.83349,-5.05665]]],[[[-42.83398,-5.05638],[-42.83411,-5.05616],[-42.83415,-5.05588],[-42.83416,-5.05521],[-42.83388,-5.0552],[-42.83386,-5.05481],[-42.83232,-5.05472],[-42.83229,-5.05509],[-42.83253,-5.0551],[-42.8329,-5.05552],[-42.83285,-5.05632],[-42.83369,-5.05637],[-42.83368,-5.05632],[-42.83333,-5.05611],[-42.83321,-5.05596],[-42.83308,-5.05572],[-42.83298,-5.05526],[-42.83273,-5.05516],[-42.83265,-5.05506],[-42.83277,-5.05499],[-42.83277,-5.05483],[-42.8328,-5.05476],[-42.8331,-5.05484],[-42.83327,-5.05492],[-42.83355,-5.05519],[-42.83369,-5.05537],[-42.83367,-5.05591],[-42.83377,-5.05607],[-42.83377,-5.05637],[-42.83398,-5.05638]]]]}},{"type":"Feature","properties":{"id":"osm-r12092382","nome":"Praça do Acarapé","tipo":"parque","area_m2":3046},"geometry":{"type":"MultiPolygon","coordinates":[[[[-42.83408,-5.07082],[-42.83329,-5.07208],[-42.83334,-5.07207],[-42.83396,-5.07133],[-42.83425,-5.07089],[-42.83408,-5.07082]]],[[[-42.83443,-5.07038],[-42.83438,-5.07036],[-42.83414,-5.07075],[-42.8343,-5.0708],[-42.8344,-5.07054],[-42.83443,-5.07038]]]]}},{"type":"Feature","properties":{"id":"osm-r12092383","nome":"Parque Ambiental do Acarape","tipo":"parque","area_m2":31100},"geometry":{"type":"Polygon","coordinates":[[[-42.83524,-5.07058],[-42.83462,-5.07039],[-42.83459,-5.07058],[-42.83445,-5.07093],[-42.83406,-5.07151],[-42.83267,-5.07326],[-42.83135,-5.07569],[-42.83147,-5.07584],[-42.83203,-5.07519],[-42.83271,-5.07382],[-42.8331,-5.07314],[-42.83439,-5.07203],[-42.83524,-5.07058]]]}},{"type":"Feature","properties":{"id":"osm-r12092560","nome":"Praça no Bairro Água MIneral","tipo":"parque","area_m2":3026},"geometry":{"type":"Polygon","coordinates":[[[-42.8082,-5.04983],[-42.80846,-5.04954],[-42.80795,-5.04917],[-42.80769,-5.04945],[-42.8082,-5.04983]]]}},{"type":"Feature","properties":{"id":"osm-r12093114","nome":"Praça Vila Carlos Feitosa","tipo":"parque","area_m2":2990},"geometry":{"type":"MultiPolygon","coordinates":[[[[-42.8366,-5.06115],[-42.83663,-5.06063],[-42.83636,-5.06063],[-42.83632,-5.06113],[-42.8366,-5.06115]]],[[[-42.83642,-5.06016],[-42.83641,-5.06054],[-42.83664,-5.06054],[-42.83674,-5.06017],[-42.83642,-5.06016]]]]}},{"type":"Feature","properties":{"id":"osm-r12093117","nome":null,"tipo":"parque","area_m2":2753},"geometry":{"type":"Polygon","coordinates":[[[-42.83486,-4.99854],[-42.83507,-4.99794],[-42.83474,-4.99782],[-42.83453,-4.99842],[-42.83486,-4.99854]]]}},{"type":"Feature","properties":{"id":"osm-r12093118","nome":null,"tipo":"parque","area_m2":898},"geometry":{"type":"Polygon","coordinates":[[[-42.83262,-5.03824],[-42.83242,-5.03819],[-42.8323,-5.03849],[-42.83257,-5.03854],[-42.83262,-5.03824]]]}},{"type":"Feature","properties":{"id":"osm-r12093231","nome":"Praça Egídio Costa e Silva","tipo":"parque","area_m2":688},"geometry":{"type":"Polygon","coordinates":[[[-42.81013,-5.04875],[-42.81017,-5.04882],[-42.81045,-5.04865],[-42.81033,-5.04845],[-42.81016,-5.04856],[-42.81024,-5.04868],[-42.81013,-5.04875]]]}},{"type":"Feature","properties":{"id":"osm-r12093977","nome":"Praça Graça Leocádio","tipo":"parque","area_m2":3220},"geometry":{"type":"Polygon","coordinates":[[[-42.82171,-5.05894],[-42.82175,-5.05885],[-42.82121,-5.0586],[-42.82101,-5.05901],[-42.82155,-5.05927],[-42.82152,-5.0592],[-42.82156,-5.05913],[-42.82159,-5.05917],[-42.82167,-5.05901],[-42.82163,-5.05896],[-42.82169,-5.05888],[-42.82171,-5.05894]]]}},{"type":"Feature","properties":{"id":"osm-r12093980","nome":null,"tipo":"parque","area_m2":3359},"geometry":{"type":"Polygon","coordinates":[[[-42.78452,-5.16113],[-42.78576,-5.16119],[-42.78577,-5.16098],[-42.78455,-5.16089],[-42.78452,-5.16113]]]}},{"type":"Feature","properties":{"id":"osm-r12093981","nome":"Praça Engenheiro Cícero Ferraz","tipo":"parque","area_m2":5135},"geometry":{"type":"Polygon","coordinates":[[[-42.79483,-5.10401],[-42.7954,-5.10356],[-42.79516,-5.10326],[-42.79487,-5.1031],[-42.79453,-5.10383],[-42.79483,-5.10401]]]}},{"type":"Feature","properties":{"id":"osm-r12093982","nome":null,"tipo":"parque","area_m2":3086},"geometry":{"type":"Polygon","coordinates":[[[-42.83179,-4.9947],[-42.83194,-4.9943],[-42.83139,-4.99409],[-42.83124,-4.9945],[-42.83179,-4.9947]]]}},{"type":"Feature","properties":{"id":"osm-r12096770","nome":null,"tipo":"parque","area_m2":3863},"geometry":{"type":"Polygon","coordinates":[[[-42.76427,-5.1598],[-42.76447,-5.15949],[-42.76394,-5.15921],[-42.7639,-5.15928],[-42.76361,-5.15915],[-42.76348,-5.15941],[-42.76427,-5.1598]]]}},{"type":"Feature","properties":{"id":"osm-r12096825","nome":"Praça do Pacheco","tipo":"parque","area_m2":4483},"geometry":{"type":"Polygon","coordinates":[[[-42.80446,-5.02647],[-42.80374,-5.02672],[-42.80478,-5.02738],[-42.80446,-5.02647]]]}},{"type":"Feature","properties":{"id":"osm-r12096827","nome":null,"tipo":"parque","area_m2":184},"geometry":{"type":"Polygon","coordinates":[[[-42.80329,-5.02641],[-42.80344,-5.0265],[-42.8035,-5.02634],[-42.80329,-5.02641]]]}},{"type":"Feature","properties":{"id":"osm-r12096829","nome":null,"tipo":"parque","area_m2":1106},"geometry":{"type":"Polygon","coordinates":[[[-42.76289,-5.19566],[-42.7629,-5.19523],[-42.76249,-5.19512],[-42.76289,-5.19566]]]}},{"type":"Feature","properties":{"id":"osm-r12096937","nome":"Praça Marquês de Paranaguá","tipo":"parque","area_m2":12066},"geometry":{"type":"MultiPolygon","coordinates":[[[[-42.81268,-5.07574],[-42.81324,-5.07603],[-42.81335,-5.0758],[-42.81338,-5.07564],[-42.8133,-5.07513],[-42.81307,-5.07504],[-42.81302,-5.07507],[-42.81268,-5.07574]]],[[[-42.81343,-5.07518],[-42.81344,-5.07539],[-42.81346,-5.07558],[-42.81362,-5.07527],[-42.81343,-5.07518]]],[[[-42.81291,-5.07496],[-42.8124,-5.07467],[-42.81213,-5.07524],[-42.81202,-5.0754],[-42.8126,-5.0757],[-42.81293,-5.07503],[-42.81291,-5.07496]]]]}},{"type":"Feature","properties":{"id":"osm-r12097829","nome":"Praça Áurea Brandão","tipo":"parque","area_m2":3657},"geometry":{"type":"Polygon","coordinates":[[[-42.78075,-5.05701],[-42.78008,-5.05711],[-42.78016,-5.05756],[-42.78085,-5.05741],[-42.78075,-5.05701]]]}},{"type":"Feature","properties":{"id":"osm-r12109979","nome":null,"tipo":"parque","area_m2":8533},"geometry":{"type":"Polygon","coordinates":[[[-42.74267,-5.07603],[-42.7418,-5.07567],[-42.74158,-5.07623],[-42.74225,-5.07653],[-42.74257,-5.07661],[-42.74263,-5.0766],[-42.74276,-5.0765],[-42.74279,-5.07638],[-42.74275,-5.07612],[-42.74267,-5.07603]]]}},{"type":"Feature","properties":{"id":"osm-r12110630","nome":"Parque Amb. São João","tipo":"parque","area_m2":195771},"geometry":{"type":"Polygon","coordinates":[[[-42.80328,-5.13213],[-42.80258,-5.13176],[-42.80189,-5.13154],[-42.80176,-5.13127],[-42.8017,-5.13127],[-42.80168,-5.13117],[-42.80068,-5.13116],[-42.80041,-5.13131],[-42.79983,-5.13129],[-42.79706,-5.13105],[-42.79675,-5.13168],[-42.79711,-5.1318],[-42.79717,-5.13156],[-42.79814,-5.13172],[-42.79967,-5.13203],[-42.79945,-5.13255],[-42.79931,-5.13253],[-42.79898,-5.13517],[-42.80073,-5.13525],[-42.80077,-5.13295],[-42.80264,-5.13302],[-42.8026,-5.13439],[-42.80392,-5.1344],[-42.80427,-5.13423],[-42.80554,-5.13378],[-42.80578,-5.13386],[-42.8058,-5.13334],[-42.80558,-5.13303],[-42.80504,-5.13279],[-42.80453,-5.13266],[-42.80425,-5.13251],[-42.80415,-5.13233],[-42.80367,-5.13224],[-42.80328,-5.13213]]]}},{"type":"Feature","properties":{"id":"osm-r12110631","nome":"Praça Antônio M. C. Neto","tipo":"parque","area_m2":2356},"geometry":{"type":"MultiPolygon","coordinates":[[[[-42.80583,-5.12315],[-42.80534,-5.12288],[-42.80523,-5.12308],[-42.80573,-5.12336],[-42.80583,-5.12315]]],[[[-42.80563,-5.12291],[-42.80586,-5.12303],[-42.80597,-5.12283],[-42.80574,-5.12271],[-42.80563,-5.12291]]]]}},{"type":"Feature","properties":{"id":"osm-r12110741","nome":null,"tipo":"parque","area_m2":2261},"geometry":{"type":"Polygon","coordinates":[[[-42.76842,-5.07903],[-42.7678,-5.07844],[-42.76776,-5.07899],[-42.76842,-5.07903]]]}},{"type":"Feature","properties":{"id":"osm-r12110742","nome":null,"tipo":"parque","area_m2":3648},"geometry":{"type":"Polygon","coordinates":[[[-42.76867,-5.07903],[-42.76949,-5.07905],[-42.76863,-5.07831],[-42.76867,-5.07903]]]}},{"type":"Feature","properties":{"id":"osm-r12126162","nome":"Praça dos cemitérios","tipo":"parque","area_m2":10021},"geometry":{"type":"Polygon","coordinates":[[[-42.8121,-5.03922],[-42.81221,-5.03732],[-42.81243,-5.03678],[-42.81186,-5.03697],[-42.81199,-5.0382],[-42.81143,-5.03892],[-42.8121,-5.03922]]]}},{"type":"Feature","properties":{"id":"osm-r12227237","nome":"Praça da Igreja São João Batista","tipo":"parque","area_m2":1851},"geometry":{"type":"Polygon","coordinates":[[[-42.78835,-5.14511],[-42.78841,-5.14513],[-42.78859,-5.14444],[-42.78789,-5.14426],[-42.78785,-5.14441],[-42.78849,-5.14457],[-42.78835,-5.14511]]]}},{"type":"Feature","properties":{"id":"osm-r12227284","nome":"Praça das Comunicações","tipo":"parque","area_m2":1929},"geometry":{"type":"MultiPolygon","coordinates":[[[[-42.79333,-5.10951],[-42.79338,-5.10949],[-42.79342,-5.10943],[-42.79341,-5.10937],[-42.79334,-5.10934],[-42.79326,-5.10938],[-42.79325,-5.10943],[-42.79333,-5.10951]]],[[[-42.79318,-5.10921],[-42.79331,-5.1092],[-42.7927,-5.10797],[-42.79263,-5.10789],[-42.79315,-5.10924],[-42.79318,-5.10921]]]]}},{"type":"Feature","properties":{"id":"osm-r12227292","nome":"Praça Des. Manoel Belisário dos Santos","tipo":"parque","area_m2":5569},"geometry":{"type":"MultiPolygon","coordinates":[[[[-42.7946,-5.05657],[-42.7945,-5.05609],[-42.79412,-5.0562],[-42.7946,-5.05657]]],[[[-42.79427,-5.05541],[-42.79356,-5.05565],[-42.79405,-5.05611],[-42.79446,-5.05598],[-42.79427,-5.05541]]]]}},{"type":"Feature","properties":{"id":"osm-r12234927","nome":"Praça Rita Meneses de Lima","tipo":"parque","area_m2":7322},"geometry":{"type":"MultiPolygon","coordinates":[[[[-42.78144,-5.11637],[-42.78087,-5.1161],[-42.78042,-5.11619],[-42.78045,-5.11624],[-42.78131,-5.11664],[-42.78144,-5.11637]]],[[[-42.77925,-5.11528],[-42.77922,-5.11554],[-42.77943,-5.1157],[-42.7803,-5.11606],[-42.78049,-5.11605],[-42.78056,-5.11596],[-42.77925,-5.11528]]]]}},{"type":"Feature","properties":{"id":"osm-r12352628","nome":"Horta Comunitária Santa Maria da Codipi","tipo":"praca","area_m2":74882},"geometry":{"type":"Polygon","coordinates":[[[-42.84863,-4.98538],[-42.85044,-4.98544],[-42.85081,-4.98439],[-42.85108,-4.98316],[-42.8495,-4.98301],[-42.84858,-4.98269],[-42.84851,-4.98274],[-42.84814,-4.98322],[-42.84784,-4.98432],[-42.8483,-4.98441],[-42.84889,-4.98458],[-42.84863,-4.98538]]]}},{"type":"Feature","properties":{"id":"osm-r12352683","nome":"Praça Santos Dummont","tipo":"parque","area_m2":8079},"geometry":{"type":"Polygon","coordinates":[[[-42.82092,-5.06394],[-42.82051,-5.06391],[-42.8206,-5.06324],[-42.82033,-5.06321],[-42.82005,-5.06388],[-42.82005,-5.06415],[-42.82011,-5.06428],[-42.82021,-5.06438],[-42.82032,-5.06444],[-42.82044,-5.06446],[-42.82068,-5.06442],[-42.82087,-5.06422],[-42.82091,-5.0641],[-42.82092,-5.06394]]]}},{"type":"Feature","properties":{"id":"osm-r12352957","nome":null,"tipo":"praca","area_m2":9677},"geometry":{"type":"Polygon","coordinates":[[[-42.79079,-5.04748],[-42.79086,-5.04766],[-42.791,-5.0476],[-42.79101,-5.04802],[-42.79213,-5.0475],[-42.79118,-5.04681],[-42.79079,-5.04748]]]}},{"type":"Feature","properties":{"id":"osm-r13424837","nome":"Praça Jornalista Carlos Castelo Branco","tipo":"parque","area_m2":13733},"geometry":{"type":"MultiPolygon","coordinates":[[[[-42.76217,-5.07233],[-42.76161,-5.07179],[-42.76153,-5.07181],[-42.7615,-5.07219],[-42.7618,-5.07222],[-42.76185,-5.07215],[-42.76193,-5.07213],[-42.762,-5.0722],[-42.76194,-5.07231],[-42.76217,-5.07233]]],[[[-42.76079,-5.07127],[-42.76036,-5.07128],[-42.76028,-5.07204],[-42.76143,-5.07217],[-42.76143,-5.07171],[-42.76111,-5.07142],[-42.76079,-5.07127]]],[[[-42.76085,-5.07116],[-42.76085,-5.07109],[-42.76052,-5.07063],[-42.76043,-5.07063],[-42.76037,-5.07121],[-42.76082,-5.07119],[-42.76085,-5.07116]]]]}},{"type":"Feature","properties":{"id":"osm-r13543804","nome":"Area de Preservação Permanente","tipo":"parque","area_m2":9464},"geometry":{"type":"Polygon","coordinates":[[[-42.80123,-5.07616],[-42.80105,-5.07606],[-42.80089,-5.07616],[-42.80004,-5.07736],[-42.80043,-5.07764],[-42.80038,-5.07772],[-42.80044,-5.07773],[-42.80061,-5.07765],[-42.80074,-5.0775],[-42.80091,-5.07686],[-42.80123,-5.07616]]]}},{"type":"Feature","properties":{"id":"osm-r15308181","nome":"Parque Floresta Fóssil I","tipo":"parque","area_m2":305443},"geometry":{"type":"Polygon","coordinates":[[[-42.77968,-5.09439],[-42.78094,-5.09048],[-42.7816,-5.08959],[-42.78229,-5.08895],[-42.78339,-5.08859],[-42.78418,-5.08829],[-42.78446,-5.08828],[-42.78534,-5.08841],[-42.78696,-5.08852],[-42.78821,-5.0885],[-42.789,-5.08818],[-42.78982,-5.08798],[-42.79042,-5.08758],[-42.78992,-5.08739],[-42.78971,-5.08741],[-42.78925,-5.08704],[-42.78855,-5.08715],[-42.78816,-5.08707],[-42.78781,-5.08692],[-42.78766,-5.08689],[-42.78735,-5.08688],[-42.78719,-5.08691],[-42.78579,-5.08672],[-42.78492,-5.08665],[-42.78461,-5.08668],[-42.78428,-5.08677],[-42.78371,-5.087],[-42.78182,-5.08787],[-42.78076,-5.08865],[-42.77929,-5.08987],[-42.77842,-5.09064],[-42.77806,-5.09111],[-42.77786,-5.09158],[-42.77777,-5.09214],[-42.77778,-5.09274],[-42.77793,-5.09351],[-42.77818,-5.09408],[-42.77835,-5.09423],[-42.77845,-5.09428],[-42.77968,-5.09439]]]}},{"type":"Feature","properties":{"id":"osm-r19953776","nome":null,"tipo":"parque","area_m2":1871},"geometry":{"type":"Polygon","coordinates":[[[-42.77464,-5.00407],[-42.77442,-5.00405],[-42.77487,-5.00498],[-42.77496,-5.00495],[-42.77464,-5.00407]]]}}]}