{"type":"FeatureCollection","features":[{"type":"Feature","id":1364459687,"properties":{"h3":"89800544023ffff","bairro":"Res. Diúza Gonçalves","copa":49.3,"verde":94.8,"construido":5.2,"temp":null,"urbano":false,"classe":"arborizada","prioridade":0},"geometry":{"type":"Polygon","coordinates":[[[-42.76895,-4.93236],[-42.76792,-4.93066],[-42.76888,-4.92891],[-42.77088,-4.92887],[-42.77191,-4.93057],[-42.77095,-4.93232],[-42.76895,-4.93236]]]}},{"type":"Feature","id":1722548391,"properties":{"h3":"8980054557bffff","bairro":"Assent. Firmino da Silveira","copa":36.8,"verde":93.6,"construido":6.4,"temp":null,"urbano":false,"classe":"arborizada","prioridade":0},"geometry":{"type":"Polygon","coordinates":[[[-42.71507,-4.93345],[-42.71404,-4.93175],[-42.715,-4.93],[-42.71699,-4.92996],[-42.71803,-4.93167],[-42.71706,-4.93341],[-42.71507,-4.93345]]]}},{"type":"Feature","id":1643905191,"properties":{"h3":"898005450cbffff","bairro":"Assent. Firmino da Silveira","copa":70.2,"verde":90.7,"construido":8.8,"temp":null,"urbano":false,"classe":"arborizada","prioridade":0},"geometry":{"type":"Polygon","coordinates":[[[-42.69112,-4.93393],[-42.69009,-4.93223],[-42.69105,-4.93049],[-42.69305,-4.93045],[-42.69408,-4.93215],[-42.69312,-4.93389],[-42.69112,-4.93393]]]}},{"type":"Feature","id":1739063463,"properties":{"h3":"89800545677ffff","bairro":"Assent. Firmino da Silveira","copa":33.1,"verde":97.0,"construido":3.0,"temp":null,"urbano":false,"classe":"arborizada","prioridade":0},"geometry":{"type":"Polygon","coordinates":[[[-42.67915,-4.93417],[-42.67811,-4.93247],[-42.67908,-4.93073],[-42.68107,-4.93069],[-42.6821,-4.93239],[-42.68114,-4.93413],[-42.67915,-4.93417]]]}},{"type":"Feature","id":1365508263,"properties":{"h3":"89800544033ffff","bairro":"Res. Diúza Gonçalves","copa":34.1,"verde":84.8,"construido":7.2,"temp":43.6,"urbano":false,"classe":"arborizada","prioridade":0},"geometry":{"type":"Polygon","coordinates":[[[-42.76902,-4.9358],[-42.76799,-4.9341],[-42.76895,-4.93236],[-42.77095,-4.93232],[-42.77198,-4.93402],[-42.77102,-4.93576],[-42.76902,-4.9358]]]}},{"type":"Feature","id":1992556712,"properties":{"h3":"8980054e593ffff","bairro":"Assent. Firmino da Silveira","copa":25.1,"verde":92.5,"construido":4.5,"temp":null,"urbano":false,"classe":"arborizada","prioridade":0},"geometry":{"type":"Polygon","coordinates":[[[-42.66132,-4.94142],[-42.66029,-4.93972],[-42.66125,-4.93798],[-42.66325,-4.93794],[-42.66428,-4.93964],[-42.66332,-4.94138],[-42.66132,-4.94142]]]}},{"type":"Feature","id":1374421159,"properties":{"h3":"898005440bbffff","bairro":"Res. Diúza Gonçalves","copa":82.7,"verde":96.2,"construido":3.8,"temp":37.9,"urbano":false,"classe":"arborizada","prioridade":0},"geometry":{"type":"Polygon","coordinates":[[[-42.76916,-4.94269],[-42.76813,-4.94099],[-42.76909,-4.93925],[-42.77109,-4.9392],[-42.77212,-4.94091],[-42.77116,-4.94265],[-42.76916,-4.94269]]]}},{"type":"Feature","id":2076180647,"properties":{"h3":"89800546a8fffff","bairro":"Res. Diúza Gonçalves","copa":65.6,"verde":95.5,"construido":4.5,"temp":40.5,"urbano":false,"classe":"arborizada","prioridade":0},"geometry":{"type":"Polygon","coordinates":[[[-42.80811,-4.94362],[-42.80708,-4.94192],[-42.80804,-4.94018],[-42.81004,-4.94014],[-42.81107,-4.94184],[-42.81011,-4.94358],[-42.80811,-4.94362]]]}},{"type":"Feature","id":1371537575,"properties":{"h3":"8980054408fffff","bairro":"Res. Diúza Gonçalves","copa":53.9,"verde":96.5,"construido":3.5,"temp":41.1,"urbano":false,"classe":"arborizada","prioridade":0},"geometry":{"type":"Polygon","coordinates":[[[-42.7662,-4.94447],[-42.76517,-4.94277],[-42.76613,-4.94103],[-42.76813,-4.94099],[-42.76916,-4.94269],[-42.7682,-4.94443],[-42.7662,-4.94447]]]}},{"type":"Feature","id":1744306343,"properties":{"h3":"898005456c7ffff","bairro":"Assent. Firmino da Silveira","copa":65.2,"verde":93.6,"construido":6.4,"temp":null,"urbano":false,"classe":"arborizada","prioridade":0},"geometry":{"type":"Polygon","coordinates":[[[-42.6764,-4.94629],[-42.67536,-4.94459],[-42.67633,-4.94284],[-42.67832,-4.9428],[-42.67935,-4.94451],[-42.67839,-4.94625],[-42.6764,-4.94629]]]}},{"type":"Feature","id":2075394215,"properties":{"h3":"89800546a83ffff","bairro":"Res. Diúza Gonçalves","copa":61.4,"verde":92.7,"construido":4.3,"temp":40.1,"urbano":false,"classe":"arborizada","prioridade":0},"geometry":{"type":"Polygon","coordinates":[[[-42.80818,-4.94706],[-42.80715,-4.94536],[-42.80811,-4.94362],[-42.81011,-4.94358],[-42.81114,-4.94528],[-42.81018,-4.94702],[-42.80818,-4.94706]]]}},{"type":"Feature","id":2076967079,"properties":{"h3":"89800546a9bffff","bairro":"Res. Diúza Gonçalves","copa":28.8,"verde":85.6,"construido":12.0,"temp":43.9,"urbano":false,"classe":"arborizada","prioridade":0},"geometry":{"type":"Polygon","coordinates":[[[-42.80522,-4.94885],[-42.80419,-4.94715],[-42.80515,-4.9454],[-42.80715,-4.94536],[-42.80818,-4.94706],[-42.80722,-4.94881],[-42.80522,-4.94885]]]}},{"type":"Feature","id":2059665575,"properties":{"h3":"89800546993ffff","bairro":"Res. Vila Verde Teresina","copa":21.4,"verde":93.6,"construido":5.3,"temp":42.2,"urbano":false,"classe":"moderada","prioridade":0},"geometry":{"type":"Polygon","coordinates":[[[-42.85016,-4.94965],[-42.84913,-4.94795],[-42.85009,-4.94621],[-42.85209,-4.94617],[-42.85312,-4.94787],[-42.85216,-4.94961],[-42.85016,-4.94965]]]}},{"type":"Feature","id":1745354919,"properties":{"h3":"898005456d7ffff","bairro":"Assent. Firmino da Silveira","copa":28.3,"verde":96.2,"construido":3.5,"temp":null,"urbano":false,"classe":"arborizada","prioridade":0},"geometry":{"type":"Polygon","coordinates":[[[-42.67647,-4.94973],[-42.67543,-4.94803],[-42.6764,-4.94629],[-42.67839,-4.94625],[-42.67942,-4.94795],[-42.67846,-4.94969],[-42.67647,-4.94973]]]}},{"type":"Feature","id":1698431143,"properties":{"h3":"8980054540bffff","bairro":"Assent. Firmino da Silveira","copa":50.0,"verde":95.9,"construido":3.8,"temp":null,"urbano":false,"classe":"arborizada","prioridade":0},"geometry":{"type":"Polygon","coordinates":[[[-42.69746,-4.95103],[-42.69642,-4.94933],[-42.69739,-4.94759],[-42.69938,-4.94755],[-42.70041,-4.94925],[-42.69945,-4.95099],[-42.69746,-4.95103]]]}},{"type":"Feature","id":1702101159,"properties":{"h3":"89800545443ffff","bairro":"Assent. Firmino da Silveira","copa":56.8,"verde":96.0,"construido":3.5,"temp":null,"urbano":false,"classe":"arborizada","prioridade":0},"geometry":{"type":"Polygon","coordinates":[[[-42.69147,-4.95115],[-42.69044,-4.94945],[-42.6914,-4.94771],[-42.69339,-4.94767],[-42.69443,-4.94937],[-42.69346,-4.95111],[-42.69147,-4.95115]]]}},{"type":"Feature","id":2140668071,"properties":{"h3":"89800546e67ffff","bairro":"Res. Diúza Gonçalves","copa":48.9,"verde":93.6,"construido":4.0,"temp":40.7,"urbano":false,"classe":"arborizada","prioridade":0},"geometry":{"type":"Polygon","coordinates":[[[-42.80529,-4.95229],[-42.80426,-4.95059],[-42.80522,-4.94885],[-42.80722,-4.94881],[-42.80825,-4.95051],[-42.80729,-4.95225],[-42.80529,-4.95229]]]}},{"type":"Feature","id":1708916903,"properties":{"h3":"898005454abffff","bairro":"Assent. Firmino da Silveira","copa":59.2,"verde":96.0,"construido":4.0,"temp":null,"urbano":false,"classe":"arborizada","prioridade":0},"geometry":{"type":"Polygon","coordinates":[[[-42.70647,-4.95257],[-42.70544,-4.95087],[-42.7064,-4.94913],[-42.7084,-4.94909],[-42.70943,-4.95079],[-42.70847,-4.95253],[-42.70647,-4.95257]]]}},{"type":"Feature","id":1703411879,"properties":{"h3":"89800545457ffff","bairro":"Assent. Firmino da Silveira","copa":30.5,"verde":81.0,"construido":18.2,"temp":null,"urbano":false,"classe":"arborizada","prioridade":0},"geometry":{"type":"Polygon","coordinates":[[[-42.6945,-4.95281],[-42.69346,-4.95111],[-42.69443,-4.94937],[-42.69642,-4.94933],[-42.69746,-4.95103],[-42.69649,-4.95277],[-42.6945,-4.95281]]]}},{"type":"Feature","id":2119958695,"properties":{"h3":"89800546d2bffff","bairro":"Res. Vila Verde Teresina","copa":39.2,"verde":94.7,"construido":5.3,"temp":41.1,"urbano":false,"classe":"arborizada","prioridade":0},"geometry":{"type":"Polygon","coordinates":[[[-42.85023,-4.9531],[-42.8492,-4.9514],[-42.85016,-4.94965],[-42.85216,-4.94961],[-42.85319,-4.95132],[-42.85223,-4.95306],[-42.85023,-4.9531]]]}},{"type":"Feature","id":2136735911,"properties":{"h3":"89800546e2bffff","bairro":"Res. Diúza Gonçalves","copa":72.6,"verde":85.6,"construido":14.1,"temp":38.3,"urbano":false,"classe":"arborizada","prioridade":0},"geometry":{"type":"Polygon","coordinates":[[[-42.80832,-4.95395],[-42.80729,-4.95225],[-42.80825,-4.95051],[-42.81025,-4.95047],[-42.81128,-4.95217],[-42.81032,-4.95391],[-42.80832,-4.95395]]]}},{"type":"Feature","id":2139095207,"properties":{"h3":"89800546e4fffff","bairro":"Res. Diúza Gonçalves","copa":40.4,"verde":75.0,"construido":25.0,"temp":43.2,"urbano":true,"classe":"arborizada","prioridade":3},"geometry":{"type":"Polygon","coordinates":[[[-42.79642,-4.95764],[-42.79539,-4.95594],[-42.79635,-4.9542],[-42.79834,-4.95416],[-42.79938,-4.95586],[-42.79842,-4.9576],[-42.79642,-4.95764]]]}},{"type":"Feature","id":1709441191,"properties":{"h3":"898005454b3ffff","bairro":"Assent. Firmino da Silveira","copa":50.3,"verde":93.2,"construido":6.8,"temp":null,"urbano":false,"classe":"arborizada","prioridade":0},"geometry":{"type":"Polygon","coordinates":[[[-42.70957,-4.95768],[-42.70854,-4.95598],[-42.7095,-4.95423],[-42.7115,-4.95419],[-42.71253,-4.9559],[-42.71157,-4.95764],[-42.70957,-4.95768]]]}},{"type":"Feature","id":1707081895,"properties":{"h3":"8980054548fffff","bairro":"Assent. Firmino da Silveira","copa":46.7,"verde":95.2,"construido":3.7,"temp":null,"urbano":false,"classe":"arborizada","prioridade":0},"geometry":{"type":"Polygon","coordinates":[[[-42.70358,-4.9578],[-42.70255,-4.9561],[-42.70351,-4.95435],[-42.70551,-4.95431],[-42.70654,-4.95602],[-42.70558,-4.95776],[-42.70358,-4.9578]]]}},{"type":"Feature","id":73924776,"properties":{"h3":"89800547337ffff","bairro":"Assent. Firmino da Silveira","copa":52.7,"verde":91.7,"construido":8.3,"temp":44.3,"urbano":false,"classe":"arborizada","prioridade":0},"geometry":{"type":"Polygon","coordinates":[[[-42.73056,-4.95898],[-42.72953,-4.95727],[-42.73049,-4.95553],[-42.73249,-4.95549],[-42.73352,-4.95719],[-42.73256,-4.95894],[-42.73056,-4.95898]]]}},{"type":"Feature","id":2138833063,"properties":{"h3":"89800546e4bffff","bairro":"Res. Diúza Gonçalves","copa":19.5,"verde":62.7,"construido":13.9,"temp":50.7,"urbano":false,"classe":"moderada","prioridade":0},"geometry":{"type":"Polygon","coordinates":[[[-42.79346,-4.95942],[-42.79243,-4.95772],[-42.79339,-4.95598],[-42.79539,-4.95594],[-42.79642,-4.95764],[-42.79546,-4.95938],[-42.79346,-4.95942]]]}},{"type":"Feature","id":1706557607,"properties":{"h3":"89800545487ffff","bairro":"Assent. Firmino da Silveira","copa":59.8,"verde":90.4,"construido":7.7,"temp":null,"urbano":false,"classe":"arborizada","prioridade":0},"geometry":{"type":"Polygon","coordinates":[[[-42.70661,-4.95946],[-42.70558,-4.95776],[-42.70654,-4.95602],[-42.70854,-4.95598],[-42.70957,-4.95768],[-42.70861,-4.95942],[-42.70661,-4.95946]]]}},{"type":"Feature","id":73662632,"properties":{"h3":"89800547333ffff","bairro":"Assent. Firmino da Silveira","copa":52.9,"verde":89.8,"construido":10.2,"temp":42.8,"urbano":false,"classe":"arborizada","prioridade":0},"geometry":{"type":"Polygon","coordinates":[[[-42.7276,-4.96076],[-42.72657,-4.95906],[-42.72753,-4.95731],[-42.72953,-4.95727],[-42.73056,-4.95898],[-42.7296,-4.96072],[-42.7276,-4.96076]]]}},{"type":"Feature","id":2138308775,"properties":{"h3":"89800546e43ffff","bairro":"Res. Diúza Gonçalves","copa":59.2,"verde":87.5,"construido":12.3,"temp":43.1,"urbano":false,"classe":"arborizada","prioridade":0},"geometry":{"type":"Polygon","coordinates":[[[-42.79649,-4.96108],[-42.79546,-4.95938],[-42.79642,-4.95764],[-42.79842,-4.9576],[-42.79945,-4.9593],[-42.79849,-4.96104],[-42.79649,-4.96108]]]}},{"type":"Feature","id":1706295463,"properties":{"h3":"89800545483ffff","bairro":"Assent. Firmino da Silveira","copa":62.5,"verde":96.2,"construido":3.8,"temp":null,"urbano":false,"classe":"arborizada","prioridade":0},"geometry":{"type":"Polygon","coordinates":[[[-42.70365,-4.96124],[-42.70262,-4.95954],[-42.70358,-4.9578],[-42.70558,-4.95776],[-42.70661,-4.95946],[-42.70565,-4.9612],[-42.70365,-4.96124]]]}},{"type":"Feature","id":81789096,"properties":{"h3":"898005473afffff","bairro":"Assent. Firmino da Silveira","copa":90.7,"verde":93.6,"construido":6.4,"temp":41.2,"urbano":false,"classe":"arborizada","prioridade":0},"geometry":{"type":"Polygon","coordinates":[[[-42.73063,-4.96242],[-42.7296,-4.96072],[-42.73056,-4.95898],[-42.73256,-4.95894],[-42.73359,-4.96064],[-42.73263,-4.96238],[-42.73063,-4.96242]]]}},{"type":"Feature","id":2139881639,"properties":{"h3":"89800546e5bffff","bairro":"Res. Diúza Gonçalves","copa":33.9,"verde":92.6,"construido":3.9,"temp":46.2,"urbano":false,"classe":"arborizada","prioridade":0},"geometry":{"type":"Polygon","coordinates":[[[-42.79353,-4.96287],[-42.7925,-4.96116],[-42.79346,-4.95942],[-42.79546,-4.95938],[-42.79649,-4.96108],[-42.79553,-4.96283],[-42.79353,-4.96287]]]}},{"type":"Feature","id":1707606183,"properties":{"h3":"89800545497ffff","bairro":"Assent. Firmino da Silveira","copa":82.2,"verde":96.2,"construido":3.8,"temp":null,"urbano":false,"classe":"arborizada","prioridade":0},"geometry":{"type":"Polygon","coordinates":[[[-42.70668,-4.9629],[-42.70565,-4.9612],[-42.70661,-4.95946],[-42.70861,-4.95942],[-42.70964,-4.96112],[-42.70868,-4.96286],[-42.70668,-4.9629]]]}},{"type":"Feature","id":1707868327,"properties":{"h3":"8980054549bffff","bairro":"Assent. Firmino da Silveira","copa":46.3,"verde":92.0,"construido":4.7,"temp":null,"urbano":false,"classe":"arborizada","prioridade":0},"geometry":{"type":"Polygon","coordinates":[[[-42.70069,-4.96302],[-42.69966,-4.96132],[-42.70062,-4.95958],[-42.70262,-4.95954],[-42.70365,-4.96124],[-42.70269,-4.96298],[-42.70069,-4.96302]]]}},{"type":"Feature","id":81526952,"properties":{"h3":"898005473abffff","bairro":"Assent. Firmino da Silveira","copa":83.2,"verde":91.7,"construido":8.3,"temp":40.3,"urbano":false,"classe":"arborizada","prioridade":0},"geometry":{"type":"Polygon","coordinates":[[[-42.72767,-4.9642],[-42.72664,-4.9625],[-42.7276,-4.96076],[-42.7296,-4.96072],[-42.73063,-4.96242],[-42.72967,-4.96416],[-42.72767,-4.9642]]]}},{"type":"Feature","id":2139357351,"properties":{"h3":"89800546e53ffff","bairro":"Res. Diúza Gonçalves","copa":48.3,"verde":89.5,"construido":7.5,"temp":43.6,"urbano":false,"classe":"arborizada","prioridade":0},"geometry":{"type":"Polygon","coordinates":[[[-42.79656,-4.96453],[-42.79553,-4.96283],[-42.79649,-4.96108],[-42.79849,-4.96104],[-42.79952,-4.96274],[-42.79856,-4.96449],[-42.79656,-4.96453]]]}},{"type":"Feature","id":60817576,"properties":{"h3":"8980054726fffff","bairro":"Assent. Firmino da Silveira","copa":62.2,"verde":96.0,"construido":3.7,"temp":null,"urbano":false,"classe":"arborizada","prioridade":0},"geometry":{"type":"Polygon","coordinates":[[[-42.69773,-4.96481],[-42.6967,-4.96311],[-42.69767,-4.96136],[-42.69966,-4.96132],[-42.70069,-4.96302],[-42.69973,-4.96477],[-42.69773,-4.96481]]]}},{"type":"Feature","id":1430782119,"properties":{"h3":"89800544417ffff","bairro":"Vila Alto dos Ipês","copa":62.8,"verde":93.9,"construido":6.1,"temp":41.1,"urbano":false,"classe":"arborizada","prioridade":0},"geometry":{"type":"Polygon","coordinates":[[[-42.76662,-4.96514],[-42.76559,-4.96343],[-42.76655,-4.96169],[-42.76855,-4.96165],[-42.76958,-4.96335],[-42.76862,-4.9651],[-42.76662,-4.96514]]]}},{"type":"Feature","id":39846056,"properties":{"h3":"8980054712fffff","bairro":"Vila Nova Socopo","copa":93.3,"verde":94.9,"construido":5.1,"temp":38.2,"urbano":false,"classe":"arborizada","prioridade":0},"geometry":{"type":"Polygon","coordinates":[[[-42.74866,-4.9655],[-42.74763,-4.9638],[-42.74859,-4.96206],[-42.75059,-4.96202],[-42.75162,-4.96372],[-42.75066,-4.96546],[-42.74866,-4.9655]]]}},{"type":"Feature","id":1951924391,"properties":{"h3":"89800546327ffff","bairro":"Res. Diúza Gonçalves","copa":63.9,"verde":95.5,"construido":4.2,"temp":40.4,"urbano":false,"classe":"arborizada","prioridade":0},"geometry":{"type":"Polygon","coordinates":[[[-42.7936,-4.96631],[-42.79257,-4.96461],[-42.79353,-4.96287],[-42.79553,-4.96283],[-42.79656,-4.96453],[-42.7956,-4.96627],[-42.7936,-4.96631]]]}},{"type":"Feature","id":60293288,"properties":{"h3":"89800547267ffff","bairro":"Assent. Firmino da Silveira","copa":78.1,"verde":96.8,"construido":3.2,"temp":null,"urbano":false,"classe":"arborizada","prioridade":0},"geometry":{"type":"Polygon","coordinates":[[[-42.70076,-4.96647],[-42.69973,-4.96477],[-42.70069,-4.96302],[-42.70269,-4.96298],[-42.70372,-4.96469],[-42.70276,-4.96643],[-42.70076,-4.96647]]]}},{"type":"Feature","id":39583912,"properties":{"h3":"8980054712bffff","bairro":"Vila Nova Socopo","copa":81.4,"verde":92.8,"construido":6.9,"temp":41.5,"urbano":false,"classe":"arborizada","prioridade":0},"geometry":{"type":"Polygon","coordinates":[[[-42.7457,-4.96728],[-42.74467,-4.96558],[-42.74563,-4.96384],[-42.74763,-4.9638],[-42.74866,-4.9655],[-42.7477,-4.96724],[-42.7457,-4.96728]]]}},{"type":"Feature","id":82575528,"properties":{"h3":"898005473bbffff","bairro":"Assent. Firmino da Silveira","copa":62.4,"verde":91.2,"construido":8.8,"temp":44.8,"urbano":false,"classe":"arborizada","prioridade":0},"geometry":{"type":"Polygon","coordinates":[[[-42.72774,-4.96765],[-42.72671,-4.96594],[-42.72767,-4.9642],[-42.72967,-4.96416],[-42.7307,-4.96586],[-42.72974,-4.96761],[-42.72774,-4.96765]]]}},{"type":"Feature","id":1957167271,"properties":{"h3":"89800546377ffff","bairro":"Res. Diúza Gonçalves","copa":62.0,"verde":96.2,"construido":3.3,"temp":46.4,"urbano":false,"classe":"arborizada","prioridade":0},"geometry":{"type":"Polygon","coordinates":[[[-42.78466,-4.96822],[-42.78362,-4.96651],[-42.78459,-4.96477],[-42.78658,-4.96473],[-42.78761,-4.96643],[-42.78665,-4.96817],[-42.78466,-4.96822]]]}},{"type":"Feature","id":2126250151,"properties":{"h3":"89800546d8bffff","bairro":"Res. Vila Verde Teresina","copa":85.1,"verde":92.8,"construido":7.2,"temp":38.5,"urbano":false,"classe":"arborizada","prioridade":0},"geometry":{"type":"Polygon","coordinates":[[[-42.84756,-4.96866],[-42.84652,-4.96696],[-42.84748,-4.96521],[-42.84948,-4.96517],[-42.85051,-4.96687],[-42.84955,-4.96862],[-42.84756,-4.96866]]]}},{"type":"Feature","id":1438122151,"properties":{"h3":"89800544487ffff","bairro":"Vila Alto dos Ipês","copa":57.9,"verde":88.7,"construido":11.3,"temp":42.6,"urbano":false,"classe":"arborizada","prioridade":0},"geometry":{"type":"Polygon","coordinates":[[[-42.76972,-4.97024],[-42.76869,-4.96854],[-42.76965,-4.9668],[-42.77165,-4.96676],[-42.77268,-4.96846],[-42.77172,-4.9702],[-42.76972,-4.97024]]]}},{"type":"Feature","id":40632488,"properties":{"h3":"8980054713bffff","bairro":"Vila Nova Socopo","copa":68.0,"verde":94.0,"construido":6.0,"temp":40.1,"urbano":false,"classe":"arborizada","prioridade":0},"geometry":{"type":"Polygon","coordinates":[[[-42.74577,-4.97073],[-42.74474,-4.96902],[-42.7457,-4.96728],[-42.7477,-4.96724],[-42.74873,-4.96894],[-42.74777,-4.97069],[-42.74577,-4.97073]]]}},{"type":"Feature","id":61079720,"properties":{"h3":"89800547273ffff","bairro":"Assent. Firmino da Silveira","copa":69.4,"verde":92.8,"construido":3.6,"temp":null,"urbano":false,"classe":"arborizada","prioridade":0},"geometry":{"type":"Polygon","coordinates":[[[-42.69787,-4.9717],[-42.69684,-4.96999],[-42.6978,-4.96825],[-42.6998,-4.96821],[-42.70083,-4.96991],[-42.69987,-4.97166],[-42.69787,-4.9717]]]}},{"type":"Feature","id":1439432871,"properties":{"h3":"8980054449bffff","bairro":"Vila Alto dos Ipês","copa":60.9,"verde":86.4,"construido":13.6,"temp":47.5,"urbano":false,"classe":"arborizada","prioridade":0},"geometry":{"type":"Polygon","coordinates":[[[-42.76381,-4.97381],[-42.76277,-4.9721],[-42.76374,-4.97036],[-42.76573,-4.97032],[-42.76676,-4.97202],[-42.7658,-4.97377],[-42.76381,-4.97381]]]}},{"type":"Feature","id":2106327207,"properties":{"h3":"89800546c5bffff","bairro":"Res. Dandara dos Cocais","copa":8.8,"verde":79.4,"construido":13.4,"temp":46.5,"urbano":false,"classe":"pouca","prioridade":0},"geometry":{"type":"Polygon","coordinates":[[[-42.81473,-4.97449],[-42.8137,-4.97279],[-42.81466,-4.97105],[-42.81666,-4.97101],[-42.81769,-4.97271],[-42.81673,-4.97445],[-42.81473,-4.97449]]]}},{"type":"Feature","id":1960312999,"properties":{"h3":"898005463a7ffff","bairro":"Res. Diúza Gonçalves","copa":79.6,"verde":97.0,"construido":3.0,"temp":39.3,"urbano":false,"classe":"arborizada","prioridade":0},"geometry":{"type":"Polygon","coordinates":[[[-42.79677,-4.97486],[-42.79574,-4.97316],[-42.7967,-4.97142],[-42.7987,-4.97137],[-42.79973,-4.97308],[-42.79877,-4.97482],[-42.79677,-4.97486]]]}},{"type":"Feature","id":54263976,"properties":{"h3":"8980054720bffff","bairro":"Assent. Firmino da Silveira","copa":74.7,"verde":96.5,"construido":3.5,"temp":null,"urbano":false,"classe":"arborizada","prioridade":0},"geometry":{"type":"Polygon","coordinates":[[[-42.69794,-4.97514],[-42.69691,-4.97344],[-42.69787,-4.9717],[-42.69987,-4.97166],[-42.7009,-4.97336],[-42.69994,-4.9751],[-42.69794,-4.97514]]]}},{"type":"Feature","id":613941408,"properties":{"h3":"89800509367ffff","bairro":"Res. Vila Verde Teresina","copa":35.1,"verde":88.5,"construido":7.9,"temp":45.0,"urbano":false,"classe":"arborizada","prioridade":0},"geometry":{"type":"Polygon","coordinates":[[[-42.8477,-4.97554],[-42.84666,-4.97384],[-42.84763,-4.9721],[-42.84962,-4.97206],[-42.85065,-4.97376],[-42.84969,-4.9755],[-42.8477,-4.97554]]]}},{"type":"Feature","id":2111045799,"properties":{"h3":"89800546ca3ffff","bairro":"Res. Edgar Gayoso I","copa":3.2,"verde":48.7,"construido":13.4,"temp":44.0,"urbano":false,"classe":"critica","prioridade":0},"geometry":{"type":"Polygon","coordinates":[[[-42.83572,-4.97579],[-42.83469,-4.97409],[-42.83565,-4.97234],[-42.83765,-4.9723],[-42.83868,-4.97401],[-42.83772,-4.97575],[-42.83572,-4.97579]]]}},{"type":"Feature","id":1922826407,"properties":{"h3":"8980054616bffff","bairro":"Res. Dandara dos Cocais","copa":76.8,"verde":96.4,"construido":3.6,"temp":39.8,"urbano":false,"classe":"arborizada","prioridade":0},"geometry":{"type":"Polygon","coordinates":[[[-42.7998,-4.97652],[-42.79877,-4.97482],[-42.79973,-4.97308],[-42.80172,-4.97304],[-42.80276,-4.97474],[-42.80179,-4.97648],[-42.7998,-4.97652]]]}},{"type":"Feature","id":1939341479,"properties":{"h3":"89800546267ffff","bairro":"Vila Alto dos Ipês","copa":92.6,"verde":94.4,"construido":5.3,"temp":38.0,"urbano":false,"classe":"arborizada","prioridade":0},"geometry":{"type":"Polygon","coordinates":[[[-42.76388,-4.97725],[-42.76284,-4.97555],[-42.76381,-4.97381],[-42.7658,-4.97377],[-42.76683,-4.97547],[-42.76587,-4.97721],[-42.76388,-4.97725]]]}},{"type":"Feature","id":2112356519,"properties":{"h3":"89800546cb7ffff","bairro":"Res. Edgar Gayoso - Etapa II","copa":8.8,"verde":86.7,"construido":4.0,"temp":49.5,"urbano":false,"classe":"pouca","prioridade":0},"geometry":{"type":"Polygon","coordinates":[[[-42.83875,-4.97745],[-42.83772,-4.97575],[-42.83868,-4.97401],[-42.84068,-4.97396],[-42.84171,-4.97567],[-42.84075,-4.97741],[-42.83875,-4.97745]]]}},{"type":"Feature","id":2112618663,"properties":{"h3":"89800546cbbffff","bairro":"Res. Edgar Gayoso I","copa":0.3,"verde":23.9,"construido":68.5,"temp":46.8,"urbano":true,"classe":"critica","prioridade":86},"geometry":{"type":"Polygon","coordinates":[[[-42.83276,-4.97757],[-42.83173,-4.97587],[-42.83269,-4.97413],[-42.83469,-4.97409],[-42.83572,-4.97579],[-42.83476,-4.97753],[-42.83276,-4.97757]]]}},{"type":"Feature","id":2113929383,"properties":{"h3":"89800546ccfffff","bairro":"Res. Morada do Futuro","copa":2.1,"verde":91.7,"construido":8.3,"temp":47.6,"urbano":false,"classe":"critica","prioridade":0},"geometry":{"type":"Polygon","coordinates":[[[-42.82079,-4.97782],[-42.81976,-4.97611],[-42.82072,-4.97437],[-42.82271,-4.97433],[-42.82375,-4.97603],[-42.82279,-4.97778],[-42.82079,-4.97782]]]}},{"type":"Feature","id":1918369959,"properties":{"h3":"89800546127ffff","bairro":"Res. Dandara dos Cocais","copa":7.5,"verde":68.3,"construido":26.1,"temp":46.0,"urbano":true,"classe":"pouca","prioridade":35},"geometry":{"type":"Polygon","coordinates":[[[-42.8148,-4.97794],[-42.81377,-4.97624],[-42.81473,-4.97449],[-42.81673,-4.97445],[-42.81776,-4.97615],[-42.8168,-4.9779],[-42.8148,-4.97794]]]}},{"type":"Feature","id":1962934439,"properties":{"h3":"898005463cfffff","bairro":"Vila Alto dos Ipês","copa":58.1,"verde":90.5,"construido":4.1,"temp":43.3,"urbano":false,"classe":"arborizada","prioridade":0},"geometry":{"type":"Polygon","coordinates":[[[-42.77888,-4.97867],[-42.77785,-4.97697],[-42.77881,-4.97522],[-42.7808,-4.97518],[-42.78184,-4.97689],[-42.78087,-4.97863],[-42.77888,-4.97867]]]}},{"type":"Feature","id":2112094375,"properties":{"h3":"89800546cb3ffff","bairro":"Res. Edgar Gayoso I","copa":19.1,"verde":46.5,"construido":41.7,"temp":44.4,"urbano":true,"classe":"moderada","prioridade":30},"geometry":{"type":"Polygon","coordinates":[[[-42.83579,-4.97923],[-42.83476,-4.97753],[-42.83572,-4.97579],[-42.83772,-4.97575],[-42.83875,-4.97745],[-42.83779,-4.97919],[-42.83579,-4.97923]]]}},{"type":"Feature","id":2109735079,"properties":{"h3":"89800546c8fffff","bairro":"Vila Dilma Roussef","copa":25.3,"verde":70.9,"construido":28.3,"temp":45.9,"urbano":true,"classe":"arborizada","prioridade":18},"geometry":{"type":"Polygon","coordinates":[[[-42.82981,-4.97935],[-42.82877,-4.97765],[-42.82973,-4.97591],[-42.83173,-4.97587],[-42.83276,-4.97757],[-42.8318,-4.97931],[-42.82981,-4.97935]]]}},{"type":"Feature","id":2113405095,"properties":{"h3":"89800546cc7ffff","bairro":"Res. Morada do Futuro","copa":45.1,"verde":86.9,"construido":13.1,"temp":46.1,"urbano":false,"classe":"arborizada","prioridade":0},"geometry":{"type":"Polygon","coordinates":[[[-42.82382,-4.97948],[-42.82279,-4.97778],[-42.82375,-4.97603],[-42.82574,-4.97599],[-42.82678,-4.97769],[-42.82581,-4.97944],[-42.82382,-4.97948]]]}},{"type":"Feature","id":2113667239,"properties":{"h3":"89800546ccbffff","bairro":"Res. Morada do Futuro","copa":3.7,"verde":58.4,"construido":39.7,"temp":45.5,"urbano":true,"classe":"critica","prioridade":58},"geometry":{"type":"Polygon","coordinates":[[[-42.81783,-4.9796],[-42.8168,-4.9779],[-42.81776,-4.97615],[-42.81976,-4.97611],[-42.82079,-4.97782],[-42.81983,-4.97956],[-42.81783,-4.9796]]]}},{"type":"Feature","id":1918107815,"properties":{"h3":"89800546123ffff","bairro":"Res. Dandara dos Cocais","copa":3.8,"verde":45.2,"construido":49.0,"temp":44.5,"urbano":true,"classe":"critica","prioridade":65},"geometry":{"type":"Polygon","coordinates":[[[-42.81184,-4.97972],[-42.81081,-4.97802],[-42.81177,-4.97628],[-42.81377,-4.97624],[-42.8148,-4.97794],[-42.81384,-4.97968],[-42.81184,-4.97972]]]}},{"type":"Feature","id":2109210791,"properties":{"h3":"89800546c87ffff","bairro":"Vila Padre Humberto","copa":0.5,"verde":13.9,"construido":47.8,"temp":46.7,"urbano":true,"classe":"critica","prioridade":82},"geometry":{"type":"Polygon","coordinates":[[[-42.83283,-4.98102],[-42.8318,-4.97931],[-42.83276,-4.97757],[-42.83476,-4.97753],[-42.83579,-4.97923],[-42.83483,-4.98097],[-42.83283,-4.98102]]]}},{"type":"Feature","id":2109472935,"properties":{"h3":"89800546c8bffff","bairro":"Vila Dilma Roussef","copa":13.3,"verde":90.7,"construido":9.3,"temp":46.3,"urbano":false,"classe":"moderada","prioridade":0},"geometry":{"type":"Polygon","coordinates":[[[-42.82685,-4.98114],[-42.82581,-4.97944],[-42.82678,-4.97769],[-42.82877,-4.97765],[-42.82981,-4.97935],[-42.82884,-4.9811],[-42.82685,-4.98114]]]}},{"type":"Feature","id":2113142951,"properties":{"h3":"89800546cc3ffff","bairro":"Res. Morada do Futuro","copa":24.9,"verde":29.1,"construido":65.0,"temp":45.0,"urbano":true,"classe":"moderada","prioridade":27},"geometry":{"type":"Polygon","coordinates":[[[-42.82086,-4.98126],[-42.81983,-4.97956],[-42.82079,-4.97782],[-42.82279,-4.97778],[-42.82382,-4.97948],[-42.82286,-4.98122],[-42.82086,-4.98126]]]}},{"type":"Feature","id":1919418535,"properties":{"h3":"89800546137ffff","bairro":"Res. Dandara dos Cocais","copa":0.8,"verde":4.9,"construido":87.7,"temp":49.1,"urbano":true,"classe":"critica","prioridade":98},"geometry":{"type":"Polygon","coordinates":[[[-42.81487,-4.98138],[-42.81384,-4.97968],[-42.8148,-4.97794],[-42.8168,-4.9779],[-42.81783,-4.9796],[-42.81687,-4.98134],[-42.81487,-4.98138]]]}},{"type":"Feature","id":1919680679,"properties":{"h3":"8980054613bffff","bairro":"Jacinta Andrade","copa":3.0,"verde":9.4,"construido":90.6,"temp":45.3,"urbano":true,"classe":"critica","prioridade":73},"geometry":{"type":"Polygon","coordinates":[[[-42.80889,-4.9815],[-42.80785,-4.9798],[-42.80881,-4.97806],[-42.81081,-4.97802],[-42.81184,-4.97972],[-42.81088,-4.98146],[-42.80889,-4.9815]]]}},{"type":"Feature","id":611844256,"properties":{"h3":"89800509347ffff","bairro":"Vila Boa Esperança","copa":20.4,"verde":73.3,"construido":25.6,"temp":46.5,"urbano":true,"classe":"moderada","prioridade":23},"geometry":{"type":"Polygon","coordinates":[[[-42.84185,-4.98255],[-42.84082,-4.98085],[-42.84178,-4.97911],[-42.84378,-4.97907],[-42.84481,-4.98077],[-42.84385,-4.98251],[-42.84185,-4.98255]]]}},{"type":"Feature","id":612106400,"properties":{"h3":"8980050934bffff","bairro":"Vila Padre Humberto","copa":17.6,"verde":51.8,"construido":20.9,"temp":43.5,"urbano":false,"classe":"moderada","prioridade":0},"geometry":{"type":"Polygon","coordinates":[[[-42.83586,-4.98268],[-42.83483,-4.98097],[-42.83579,-4.97923],[-42.83779,-4.97919],[-42.83882,-4.98089],[-42.83786,-4.98264],[-42.83586,-4.98268]]]}},{"type":"Feature","id":2108948647,"properties":{"h3":"89800546c83ffff","bairro":"Vila Dilma Roussef","copa":16.0,"verde":51.7,"construido":48.3,"temp":45.2,"urbano":true,"classe":"moderada","prioridade":45},"geometry":{"type":"Polygon","coordinates":[[[-42.82988,-4.9828],[-42.82884,-4.9811],[-42.82981,-4.97935],[-42.8318,-4.97931],[-42.83283,-4.98102],[-42.83187,-4.98276],[-42.82988,-4.9828]]]}},{"type":"Feature","id":2114453671,"properties":{"h3":"89800546cd7ffff","bairro":"Parque Stael Freire","copa":14.4,"verde":16.8,"construido":83.2,"temp":44.7,"urbano":true,"classe":"moderada","prioridade":46},"geometry":{"type":"Polygon","coordinates":[[[-42.82389,-4.98292],[-42.82286,-4.98122],[-42.82382,-4.97948],[-42.82581,-4.97944],[-42.82685,-4.98114],[-42.82588,-4.98288],[-42.82389,-4.98292]]]}},{"type":"Feature","id":2114715815,"properties":{"h3":"89800546cdbffff","bairro":"Res. Paulo de Tarso I","copa":0.3,"verde":0.8,"construido":97.8,"temp":46.0,"urbano":true,"classe":"critica","prioridade":82},"geometry":{"type":"Polygon","coordinates":[[[-42.8179,-4.98304],[-42.81687,-4.98134],[-42.81783,-4.9796],[-42.81983,-4.97956],[-42.82086,-4.98126],[-42.8199,-4.983],[-42.8179,-4.98304]]]}},{"type":"Feature","id":1919156391,"properties":{"h3":"89800546133ffff","bairro":"Jacinta Andrade","copa":7.0,"verde":19.4,"construido":77.4,"temp":46.8,"urbano":true,"classe":"pouca","prioridade":73},"geometry":{"type":"Polygon","coordinates":[[[-42.81191,-4.98316],[-42.81088,-4.98146],[-42.81184,-4.97972],[-42.81384,-4.97968],[-42.81487,-4.98138],[-42.81391,-4.98312],[-42.81191,-4.98316]]]}},{"type":"Feature","id":607912096,"properties":{"h3":"8980050930bffff","bairro":"Vila Magnólia","copa":15.8,"verde":54.9,"construido":44.8,"temp":46.4,"urbano":true,"classe":"moderada","prioridade":48},"geometry":{"type":"Polygon","coordinates":[[[-42.84488,-4.98422],[-42.84385,-4.98251],[-42.84481,-4.98077],[-42.8468,-4.98073],[-42.84784,-4.98243],[-42.84687,-4.98417],[-42.84488,-4.98422]]]}},{"type":"Feature","id":611582112,"properties":{"h3":"89800509343ffff","bairro":"Vila Boa Esperança","copa":18.4,"verde":30.0,"construido":67.0,"temp":45.3,"urbano":true,"classe":"moderada","prioridade":42},"geometry":{"type":"Polygon","coordinates":[[[-42.83889,-4.98434],[-42.83786,-4.98264],[-42.83882,-4.98089],[-42.84082,-4.98085],[-42.84185,-4.98255],[-42.84089,-4.9843],[-42.83889,-4.98434]]]}},{"type":"Feature","id":2110259367,"properties":{"h3":"89800546c97ffff","bairro":"Vila Padre Humberto","copa":23.1,"verde":27.1,"construido":67.3,"temp":45.1,"urbano":true,"classe":"moderada","prioridade":31},"geometry":{"type":"Polygon","coordinates":[[[-42.8329,-4.98446],[-42.83187,-4.98276],[-42.83283,-4.98102],[-42.83483,-4.98097],[-42.83586,-4.98268],[-42.8349,-4.98442],[-42.8329,-4.98446]]]}},{"type":"Feature","id":2110521511,"properties":{"h3":"89800546c9bffff","bairro":"Lot. Mirante Santa Maria da Codipi","copa":37.9,"verde":39.5,"construido":60.5,"temp":44.3,"urbano":true,"classe":"arborizada","prioridade":13},"geometry":{"type":"Polygon","coordinates":[[[-42.82692,-4.98458],[-42.82588,-4.98288],[-42.82685,-4.98114],[-42.82884,-4.9811],[-42.82988,-4.9828],[-42.82891,-4.98454],[-42.82692,-4.98458]]]}},{"type":"Feature","id":2114191527,"properties":{"h3":"89800546cd3ffff","bairro":"Parque Stael Freire","copa":22.9,"verde":35.6,"construido":64.4,"temp":45.6,"urbano":true,"classe":"moderada","prioridade":35},"geometry":{"type":"Polygon","coordinates":[[[-42.82093,-4.9847],[-42.8199,-4.983],[-42.82086,-4.98126],[-42.82286,-4.98122],[-42.82389,-4.98292],[-42.82293,-4.98466],[-42.82093,-4.9847]]]}},{"type":"Feature","id":1927282855,"properties":{"h3":"898005461afffff","bairro":"Jacinta Andrade","copa":0.0,"verde":3.2,"construido":90.9,"temp":49.7,"urbano":true,"classe":"critica","prioridade":100},"geometry":{"type":"Polygon","coordinates":[[[-42.81494,-4.98483],[-42.81391,-4.98312],[-42.81487,-4.98138],[-42.81687,-4.98134],[-42.8179,-4.98304],[-42.81694,-4.98478],[-42.81494,-4.98483]]]}},{"type":"Feature","id":1916272807,"properties":{"h3":"89800546107ffff","bairro":"Jacinta Andrade","copa":66.0,"verde":85.4,"construido":9.3,"temp":39.1,"urbano":false,"classe":"arborizada","prioridade":0},"geometry":{"type":"Polygon","coordinates":[[[-42.80896,-4.98495],[-42.80792,-4.98325],[-42.80889,-4.9815],[-42.81088,-4.98146],[-42.81191,-4.98316],[-42.81095,-4.98491],[-42.80896,-4.98495]]]}},{"type":"Feature","id":67895464,"properties":{"h3":"898005472dbffff","bairro":"Assent. Firmino da Silveira","copa":81.6,"verde":96.5,"construido":3.5,"temp":null,"urbano":false,"classe":"arborizada","prioridade":0},"geometry":{"type":"Polygon","coordinates":[[[-42.69217,-4.98559],[-42.69113,-4.98389],[-42.6921,-4.98215],[-42.69409,-4.98211],[-42.69512,-4.98381],[-42.69416,-4.98555],[-42.69217,-4.98559]]]}},{"type":"Feature","id":607387808,"properties":{"h3":"89800509303ffff","bairro":"Vila Magnólia","copa":7.1,"verde":82.4,"construido":10.4,"temp":43.5,"urbano":false,"classe":"pouca","prioridade":0},"geometry":{"type":"Polygon","coordinates":[[[-42.84791,-4.98588],[-42.84687,-4.98417],[-42.84784,-4.98243],[-42.84983,-4.98239],[-42.85087,-4.98409],[-42.8499,-4.98584],[-42.84791,-4.98588]]]}},{"type":"Feature","id":612892832,"properties":{"h3":"89800509357ffff","bairro":"Vila Boa Esperança","copa":13.7,"verde":20.7,"construido":79.3,"temp":46.2,"urbano":true,"classe":"moderada","prioridade":56},"geometry":{"type":"Polygon","coordinates":[[[-42.84192,-4.986],[-42.84089,-4.9843],[-42.84185,-4.98255],[-42.84385,-4.98251],[-42.84488,-4.98422],[-42.84392,-4.98596],[-42.84192,-4.986]]]}},{"type":"Feature","id":613154976,"properties":{"h3":"8980050935bffff","bairro":"Santa Maria da Codipi","copa":22.4,"verde":23.7,"construido":76.3,"temp":44.5,"urbano":true,"classe":"moderada","prioridade":29},"geometry":{"type":"Polygon","coordinates":[[[-42.83593,-4.98612],[-42.8349,-4.98442],[-42.83586,-4.98268],[-42.83786,-4.98264],[-42.83889,-4.98434],[-42.83793,-4.98608],[-42.83593,-4.98612]]]}},{"type":"Feature","id":2109997223,"properties":{"h3":"89800546c93ffff","bairro":"Parque Wall Ferraz","copa":19.8,"verde":30.3,"construido":69.7,"temp":45.7,"urbano":true,"classe":"moderada","prioridade":41},"geometry":{"type":"Polygon","coordinates":[[[-42.82995,-4.98624],[-42.82891,-4.98454],[-42.82988,-4.9828],[-42.83187,-4.98276],[-42.8329,-4.98446],[-42.83194,-4.9862],[-42.82995,-4.98624]]]}},{"type":"Feature","id":597688480,"properties":{"h3":"8980050926fffff","bairro":"Parque Stael Freire","copa":9.3,"verde":12.4,"construido":85.7,"temp":46.5,"urbano":true,"classe":"pouca","prioridade":67},"geometry":{"type":"Polygon","coordinates":[[[-42.82396,-4.98636],[-42.82293,-4.98466],[-42.82389,-4.98292],[-42.82588,-4.98288],[-42.82692,-4.98458],[-42.82595,-4.98632],[-42.82396,-4.98636]]]}},{"type":"Feature","id":1926758567,"properties":{"h3":"898005461a7ffff","bairro":"Res. Paulo de Tarso I","copa":25.9,"verde":41.7,"construido":58.3,"temp":43.3,"urbano":true,"classe":"arborizada","prioridade":16},"geometry":{"type":"Polygon","coordinates":[[[-42.81797,-4.98649],[-42.81694,-4.98478],[-42.8179,-4.98304],[-42.8199,-4.983],[-42.82093,-4.9847],[-42.81997,-4.98645],[-42.81797,-4.98649]]]}},{"type":"Feature","id":1927020711,"properties":{"h3":"898005461abffff","bairro":"Jacinta Andrade","copa":10.4,"verde":16.5,"construido":83.5,"temp":45.6,"urbano":true,"classe":"pouca","prioridade":60},"geometry":{"type":"Polygon","coordinates":[[[-42.81198,-4.98661],[-42.81095,-4.98491],[-42.81191,-4.98316],[-42.81391,-4.98312],[-42.81494,-4.98483],[-42.81398,-4.98657],[-42.81198,-4.98661]]]}},{"type":"Feature","id":608960672,"properties":{"h3":"8980050931bffff","bairro":"Vila Magnólia","copa":5.9,"verde":29.7,"construido":51.9,"temp":44.5,"urbano":true,"classe":"pouca","prioridade":62},"geometry":{"type":"Polygon","coordinates":[[[-42.84495,-4.98766],[-42.84392,-4.98596],[-42.84488,-4.98422],[-42.84687,-4.98417],[-42.84791,-4.98588],[-42.84694,-4.98762],[-42.84495,-4.98766]]]}},{"type":"Feature","id":612630688,"properties":{"h3":"89800509353ffff","bairro":"Santa Maria","copa":11.7,"verde":14.6,"construido":85.1,"temp":45.3,"urbano":true,"classe":"pouca","prioridade":55},"geometry":{"type":"Polygon","coordinates":[[[-42.83896,-4.98778],[-42.83793,-4.98608],[-42.83889,-4.98434],[-42.84089,-4.9843],[-42.84192,-4.986],[-42.84096,-4.98774],[-42.83896,-4.98778]]]}},{"type":"Feature","id":593494176,"properties":{"h3":"8980050922fffff","bairro":"Parque Wall Ferraz","copa":7.2,"verde":9.1,"construido":90.1,"temp":46.6,"urbano":true,"classe":"pouca","prioridade":71},"geometry":{"type":"Polygon","coordinates":[[[-42.83297,-4.9879],[-42.83194,-4.9862],[-42.8329,-4.98446],[-42.8349,-4.98442],[-42.83593,-4.98612],[-42.83497,-4.98786],[-42.83297,-4.9879]]]}},{"type":"Feature","id":597164192,"properties":{"h3":"89800509267ffff","bairro":"Lot. Mirante Santa Maria da Codipi","copa":10.5,"verde":36.5,"construido":61.3,"temp":49.3,"urbano":true,"classe":"pouca","prioridade":79},"geometry":{"type":"Polygon","coordinates":[[[-42.82699,-4.98803],[-42.82595,-4.98632],[-42.82692,-4.98458],[-42.82891,-4.98454],[-42.82995,-4.98624],[-42.82898,-4.98798],[-42.82699,-4.98803]]]}},{"type":"Feature","id":597426336,"properties":{"h3":"8980050926bffff","bairro":"Res. Bella Codipi","copa":23.8,"verde":81.3,"construido":13.9,"temp":46.3,"urbano":false,"classe":"moderada","prioridade":0},"geometry":{"type":"Polygon","coordinates":[[[-42.821,-4.98815],[-42.81997,-4.98645],[-42.82093,-4.9847],[-42.82293,-4.98466],[-42.82396,-4.98636],[-42.823,-4.98811],[-42.821,-4.98815]]]}},{"type":"Feature","id":1926496423,"properties":{"h3":"898005461a3ffff","bairro":"Res. Paulo de Tarso I","copa":0.0,"verde":9.6,"construido":81.6,"temp":49.6,"urbano":true,"classe":"critica","prioridade":100},"geometry":{"type":"Polygon","coordinates":[[[-42.81501,-4.98827],[-42.81398,-4.98657],[-42.81494,-4.98483],[-42.81694,-4.98478],[-42.81797,-4.98649],[-42.81701,-4.98823],[-42.81501,-4.98827]]]}},{"type":"Feature","id":1917321383,"properties":{"h3":"89800546117ffff","bairro":"Jacinta Andrade","copa":50.5,"verde":67.7,"construido":31.0,"temp":42.3,"urbano":true,"classe":"arborizada","prioridade":1},"geometry":{"type":"Polygon","coordinates":[[[-42.80903,-4.98839],[-42.80799,-4.98669],[-42.80896,-4.98495],[-42.81095,-4.98491],[-42.81198,-4.98661],[-42.81102,-4.98835],[-42.80903,-4.98839]]]}},{"type":"Feature","id":1943273639,"properties":{"h3":"898005462a3ffff","bairro":"Vila Alto dos Ipês","copa":91.7,"verde":94.4,"construido":5.6,"temp":40.5,"urbano":false,"classe":"arborizada","prioridade":0},"geometry":{"type":"Polygon","coordinates":[[[-42.7731,-4.98912],[-42.77207,-4.98742],[-42.77303,-4.98568],[-42.77503,-4.98564],[-42.77606,-4.98734],[-42.7751,-4.98908],[-42.7731,-4.98912]]]}},{"type":"Feature","id":608436384,"properties":{"h3":"89800509313ffff","bairro":"Vila Magnólia","copa":16.5,"verde":90.9,"construido":8.3,"temp":46.5,"urbano":false,"classe":"moderada","prioridade":0},"geometry":{"type":"Polygon","coordinates":[[[-42.84798,-4.98932],[-42.84694,-4.98762],[-42.84791,-4.98588],[-42.8499,-4.98584],[-42.85094,-4.98754],[-42.84997,-4.98928],[-42.84798,-4.98932]]]}},{"type":"Feature","id":620757152,"properties":{"h3":"898005093cfffff","bairro":"Vila Santa Maria das Vassouras","copa":2.7,"verde":69.7,"construido":24.5,"temp":47.3,"urbano":false,"classe":"critica","prioridade":0},"geometry":{"type":"Polygon","coordinates":[[[-42.84199,-4.98944],[-42.84096,-4.98774],[-42.84192,-4.986],[-42.84392,-4.98596],[-42.84495,-4.98766],[-42.84399,-4.9894],[-42.84199,-4.98944]]]}},{"type":"Feature","id":592969888,"properties":{"h3":"89800509227ffff","bairro":"Santa Maria","copa":1.1,"verde":19.2,"construido":72.4,"temp":46.7,"urbano":true,"classe":"critica","prioridade":84},"geometry":{"type":"Polygon","coordinates":[[[-42.836,-4.98956],[-42.83497,-4.98786],[-42.83593,-4.98612],[-42.83793,-4.98608],[-42.83896,-4.98778],[-42.838,-4.98952],[-42.836,-4.98956]]]}},{"type":"Feature","id":593232032,"properties":{"h3":"8980050922bffff","bairro":"Lot. Asa Norte","copa":1.6,"verde":2.7,"construido":95.3,"temp":46.7,"urbano":true,"classe":"critica","prioridade":83},"geometry":{"type":"Polygon","coordinates":[[[-42.83002,-4.98969],[-42.82898,-4.98798],[-42.82995,-4.98624],[-42.83194,-4.9862],[-42.83297,-4.9879],[-42.83201,-4.98965],[-42.83002,-4.98969]]]}},{"type":"Feature","id":596902048,"properties":{"h3":"89800509263ffff","bairro":"Res. Bella Codipi","copa":18.6,"verde":67.0,"construido":31.4,"temp":47.0,"urbano":true,"classe":"moderada","prioridade":32},"geometry":{"type":"Polygon","coordinates":[[[-42.82403,-4.98981],[-42.823,-4.98811],[-42.82396,-4.98636],[-42.82595,-4.98632],[-42.82699,-4.98803],[-42.82602,-4.98977],[-42.82403,-4.98981]]]}},{"type":"Feature","id":1927807143,"properties":{"h3":"898005461b7ffff","bairro":"Res. Paulo de Tarso I","copa":64.1,"verde":74.5,"construido":25.3,"temp":42.0,"urbano":true,"classe":"arborizada","prioridade":0},"geometry":{"type":"Polygon","coordinates":[[[-42.81804,-4.98993],[-42.81701,-4.98823],[-42.81797,-4.98649],[-42.81997,-4.98645],[-42.821,-4.98815],[-42.82004,-4.98989],[-42.81804,-4.98993]]]}},{"type":"Feature","id":1928069287,"properties":{"h3":"898005461bbffff","bairro":"Jacinta Andrade","copa":7.4,"verde":19.6,"construido":79.8,"temp":47.8,"urbano":true,"classe":"pouca","prioridade":78},"geometry":{"type":"Polygon","coordinates":[[[-42.81205,-4.99005],[-42.81102,-4.98835],[-42.81198,-4.98661],[-42.81398,-4.98657],[-42.81501,-4.98827],[-42.81405,-4.99001],[-42.81205,-4.99005]]]}},{"type":"Feature","id":620232864,"properties":{"h3":"898005093c7ffff","bairro":"Vila Santa Maria das Vassouras","copa":30.1,"verde":74.9,"construido":22.7,"temp":45.6,"urbano":false,"classe":"arborizada","prioridade":0},"geometry":{"type":"Polygon","coordinates":[[[-42.84502,-4.9911],[-42.84399,-4.9894],[-42.84495,-4.98766],[-42.84694,-4.98762],[-42.84798,-4.98932],[-42.84702,-4.99106],[-42.84502,-4.9911]]]}},{"type":"Feature","id":620495008,"properties":{"h3":"898005093cbffff","bairro":"Santa Maria","copa":1.4,"verde":16.6,"construido":79.6,"temp":48.8,"urbano":true,"classe":"critica","prioridade":96},"geometry":{"type":"Polygon","coordinates":[[[-42.83903,-4.99122],[-42.838,-4.98952],[-42.83896,-4.98778],[-42.84096,-4.98774],[-42.84199,-4.98944],[-42.84103,-4.99118],[-42.83903,-4.99122]]]}},{"type":"Feature","id":592707744,"properties":{"h3":"89800509223ffff","bairro":"Parque Firmino Filho","copa":1.9,"verde":17.7,"construido":71.9,"temp":48.3,"urbano":true,"classe":"critica","prioridade":91},"geometry":{"type":"Polygon","coordinates":[[[-42.83305,-4.99135],[-42.83201,-4.98965],[-42.83297,-4.9879],[-42.83497,-4.98786],[-42.836,-4.98956],[-42.83504,-4.99131],[-42.83305,-4.99135]]]}},{"type":"Feature","id":598212768,"properties":{"h3":"89800509277ffff","bairro":"Lot. Asa Norte","copa":77.5,"verde":83.2,"construido":16.8,"temp":39.7,"urbano":false,"classe":"arborizada","prioridade":0},"geometry":{"type":"Polygon","coordinates":[[[-42.82706,-4.99147],[-42.82602,-4.98977],[-42.82699,-4.98803],[-42.82898,-4.98798],[-42.83002,-4.98969],[-42.82905,-4.99143],[-42.82706,-4.99147]]]}},{"type":"Feature","id":1927544999,"properties":{"h3":"898005461b3ffff","bairro":"Jardim Monte Verde","copa":41.5,"verde":67.5,"construido":10.7,"temp":43.7,"urbano":false,"classe":"arborizada","prioridade":0},"geometry":{"type":"Polygon","coordinates":[[[-42.81508,-4.99171],[-42.81405,-4.99001],[-42.81501,-4.98827],[-42.81701,-4.98823],[-42.81804,-4.98993],[-42.81708,-4.99167],[-42.81508,-4.99171]]]}},{"type":"Feature","id":1925185703,"properties":{"h3":"8980054618fffff","bairro":"Jacinta Andrade","copa":24.0,"verde":35.6,"construido":64.2,"temp":45.5,"urbano":true,"classe":"moderada","prioridade":32},"geometry":{"type":"Polygon","coordinates":[[[-42.8091,-4.99184],[-42.80806,-4.99013],[-42.80903,-4.98839],[-42.81102,-4.98835],[-42.81205,-4.99005],[-42.81109,-4.99179],[-42.8091,-4.99184]]]}},{"type":"Feature","id":619970720,"properties":{"h3":"898005093c3ffff","bairro":"Vila Santa Maria das Vassouras","copa":9.5,"verde":42.1,"construido":57.9,"temp":46.6,"urbano":true,"classe":"pouca","prioridade":67},"geometry":{"type":"Polygon","coordinates":[[[-42.84206,-4.99289],[-42.84103,-4.99118],[-42.84199,-4.98944],[-42.84399,-4.9894],[-42.84502,-4.9911],[-42.84406,-4.99285],[-42.84206,-4.99289]]]}},{"type":"Feature","id":594018464,"properties":{"h3":"89800509237ffff","bairro":"Lot. Recanto dos Cocais","copa":4.3,"verde":22.8,"construido":70.7,"temp":45.8,"urbano":true,"classe":"critica","prioridade":73},"geometry":{"type":"Polygon","coordinates":[[[-42.83607,-4.99301],[-42.83504,-4.99131],[-42.836,-4.98956],[-42.838,-4.98952],[-42.83903,-4.99122],[-42.83807,-4.99297],[-42.83607,-4.99301]]]}},{"type":"Feature","id":594280608,"properties":{"h3":"8980050923bffff","bairro":"Lot. Asa Norte","copa":0.3,"verde":16.8,"construido":81.4,"temp":46.7,"urbano":true,"classe":"critica","prioridade":86},"geometry":{"type":"Polygon","coordinates":[[[-42.83009,-4.99313],[-42.82905,-4.99143],[-42.83002,-4.98969],[-42.83201,-4.98965],[-42.83305,-4.99135],[-42.83208,-4.99309],[-42.83009,-4.99313]]]}},{"type":"Feature","id":597950624,"properties":{"h3":"89800509273ffff","bairro":"Res. Bella Codipi","copa":46.0,"verde":76.1,"construido":3.5,"temp":43.0,"urbano":false,"classe":"arborizada","prioridade":0},"geometry":{"type":"Polygon","coordinates":[[[-42.8241,-4.99325],[-42.82307,-4.99155],[-42.82403,-4.98981],[-42.82602,-4.98977],[-42.82706,-4.99147],[-42.8261,-4.99321],[-42.8241,-4.99325]]]}},{"type":"Feature","id":595591328,"properties":{"h3":"8980050924fffff","bairro":"Monte Verde","copa":54.5,"verde":84.8,"construido":7.2,"temp":42.4,"urbano":false,"classe":"arborizada","prioridade":0},"geometry":{"type":"Polygon","coordinates":[[[-42.81811,-4.99337],[-42.81708,-4.99167],[-42.81804,-4.98993],[-42.82004,-4.98989],[-42.82107,-4.99159],[-42.82011,-4.99333],[-42.81811,-4.99337]]]}},{"type":"Feature","id":1924661415,"properties":{"h3":"89800546187ffff","bairro":"Jardim Monte Verde","copa":5.4,"verde":21.2,"construido":74.8,"temp":46.1,"urbano":true,"classe":"pouca","prioridade":72},"geometry":{"type":"Polygon","coordinates":[[[-42.81212,-4.9935],[-42.81109,-4.99179],[-42.81205,-4.99005],[-42.81405,-4.99001],[-42.81508,-4.99171],[-42.81412,-4.99346],[-42.81212,-4.9935]]]}},{"type":"Feature","id":31719592,"properties":{"h3":"898005470b3ffff","bairro":"Vila Nova Socopo","copa":77.3,"verde":95.5,"construido":4.5,"temp":41.9,"urbano":false,"classe":"arborizada","prioridade":0},"geometry":{"type":"Polygon","coordinates":[[[-42.73126,-4.99342],[-42.73023,-4.99171],[-42.73119,-4.98997],[-42.73319,-4.98993],[-42.73422,-4.99163],[-42.73326,-4.99337],[-42.73126,-4.99342]]]}},{"type":"Feature","id":128712872,"properties":{"h3":"8980054767bffff","bairro":"Assent. Firmino da Silveira","copa":54.5,"verde":92.8,"construido":5.3,"temp":null,"urbano":false,"classe":"arborizada","prioridade":0},"geometry":{"type":"Polygon","coordinates":[[[-42.69533,-4.99414],[-42.6943,-4.99244],[-42.69526,-4.9907],[-42.69726,-4.99066],[-42.69829,-4.99236],[-42.69733,-4.9941],[-42.69533,-4.99414]]]}},{"type":"Feature","id":518258855,"properties":{"h3":"89800540db3ffff","bairro":"Assent. Firmino da Silveira","copa":39.4,"verde":88.8,"construido":11.2,"temp":null,"urbano":false,"classe":"arborizada","prioridade":0},"geometry":{"type":"Polygon","coordinates":[[[-42.68935,-4.99426],[-42.68831,-4.99256],[-42.68928,-4.99082],[-42.69127,-4.99078],[-42.69231,-4.99248],[-42.69134,-4.99422],[-42.68935,-4.99426]]]}},{"type":"Feature","id":621281440,"properties":{"h3":"898005093d7ffff","bairro":"Vila Santa Maria das Vassouras","copa":12.3,"verde":67.8,"construido":31.1,"temp":43.5,"urbano":true,"classe":"moderada","prioridade":27},"geometry":{"type":"Polygon","coordinates":[[[-42.84509,-4.99455],[-42.84406,-4.99285],[-42.84502,-4.9911],[-42.84702,-4.99106],[-42.84805,-4.99276],[-42.84709,-4.99451],[-42.84509,-4.99455]]]}},{"type":"Feature","id":621543584,"properties":{"h3":"898005093dbffff","bairro":"Vila Santa Maria das Vassouras","copa":5.4,"verde":55.8,"construido":43.7,"temp":52.0,"urbano":true,"classe":"pouca","prioridade":78},"geometry":{"type":"Polygon","coordinates":[[[-42.8391,-4.99467],[-42.83807,-4.99297],[-42.83903,-4.99122],[-42.84103,-4.99118],[-42.84206,-4.99289],[-42.8411,-4.99463],[-42.8391,-4.99467]]]}},{"type":"Feature","id":593756320,"properties":{"h3":"89800509233ffff","bairro":"Parque Firmino Filho","copa":0.0,"verde":11.2,"construido":56.0,"temp":48.1,"urbano":true,"classe":"critica","prioridade":94},"geometry":{"type":"Polygon","coordinates":[[[-42.83312,-4.99479],[-42.83208,-4.99309],[-42.83305,-4.99135],[-42.83504,-4.99131],[-42.83607,-4.99301],[-42.83511,-4.99475],[-42.83312,-4.99479]]]}},{"type":"Feature","id":591397024,"properties":{"h3":"8980050920fffff","bairro":"Lot. Asa Norte","copa":4.3,"verde":23.8,"construido":74.6,"temp":47.7,"urbano":true,"classe":"critica","prioridade":83},"geometry":{"type":"Polygon","coordinates":[[[-42.82713,-4.99491],[-42.8261,-4.99321],[-42.82706,-4.99147],[-42.82905,-4.99143],[-42.83009,-4.99313],[-42.82912,-4.99487],[-42.82713,-4.99491]]]}},{"type":"Feature","id":595067040,"properties":{"h3":"89800509247ffff","bairro":"Monte Verde","copa":11.5,"verde":71.4,"construido":18.4,"temp":47.9,"urbano":false,"classe":"pouca","prioridade":0},"geometry":{"type":"Polygon","coordinates":[[[-42.82114,-4.99504],[-42.82011,-4.99333],[-42.82107,-4.99159],[-42.82307,-4.99155],[-42.8241,-4.99325],[-42.82314,-4.99499],[-42.82114,-4.99504]]]}},{"type":"Feature","id":595329184,"properties":{"h3":"8980050924bffff","bairro":"Jardim Monte Verde","copa":22.3,"verde":79.9,"construido":3.8,"temp":46.8,"urbano":false,"classe":"moderada","prioridade":0},"geometry":{"type":"Polygon","coordinates":[[[-42.81515,-4.99516],[-42.81412,-4.99346],[-42.81508,-4.99171],[-42.81708,-4.99167],[-42.81811,-4.99337],[-42.81715,-4.99512],[-42.81515,-4.99516]]]}},{"type":"Feature","id":1924399271,"properties":{"h3":"89800546183ffff","bairro":"Jardim Monte Verde","copa":50.4,"verde":57.9,"construido":42.1,"temp":43.8,"urbano":true,"classe":"arborizada","prioridade":9},"geometry":{"type":"Polygon","coordinates":[[[-42.80917,-4.99528],[-42.80813,-4.99358],[-42.8091,-4.99184],[-42.81109,-4.99179],[-42.81212,-4.9935],[-42.81116,-4.99524],[-42.80917,-4.99528]]]}},{"type":"Feature","id":617349280,"properties":{"h3":"8980050939bffff","bairro":"Vila Santa Maria das Vassouras","copa":4.1,"verde":93.1,"construido":4.7,"temp":44.6,"urbano":false,"classe":"critica","prioridade":0},"geometry":{"type":"Polygon","coordinates":[[[-42.84812,-4.99621],[-42.84709,-4.99451],[-42.84805,-4.99276],[-42.85004,-4.99272],[-42.85108,-4.99442],[-42.85011,-4.99617],[-42.84812,-4.99621]]]}},{"type":"Feature","id":621019296,"properties":{"h3":"898005093d3ffff","bairro":"Vila Santa Maria das Vassouras","copa":15.5,"verde":59.5,"construido":35.7,"temp":47.3,"urbano":true,"classe":"moderada","prioridade":42},"geometry":{"type":"Polygon","coordinates":[[[-42.84213,-4.99633],[-42.8411,-4.99463],[-42.84206,-4.99289],[-42.84406,-4.99285],[-42.84509,-4.99455],[-42.84413,-4.99629],[-42.84213,-4.99633]]]}},{"type":"Feature","id":601882784,"properties":{"h3":"898005092afffff","bairro":"Lot. Recanto dos Cocais","copa":12.8,"verde":45.7,"construido":40.1,"temp":45.9,"urbano":true,"classe":"moderada","prioridade":45},"geometry":{"type":"Polygon","coordinates":[[[-42.83614,-4.99645],[-42.83511,-4.99475],[-42.83607,-4.99301],[-42.83807,-4.99297],[-42.8391,-4.99467],[-42.83814,-4.99641],[-42.83614,-4.99645]]]}},{"type":"Feature","id":1946943655,"properties":{"h3":"898005462dbffff","bairro":"Vila Nova Socopo","copa":75.5,"verde":95.3,"construido":4.4,"temp":42.8,"urbano":false,"classe":"arborizada","prioridade":0},"geometry":{"type":"Polygon","coordinates":[[[-42.75528,-4.99637],[-42.75425,-4.99467],[-42.75521,-4.99293],[-42.75721,-4.99289],[-42.75824,-4.99459],[-42.75728,-4.99633],[-42.75528,-4.99637]]]}},{"type":"Feature","id":590872736,"properties":{"h3":"89800509207ffff","bairro":"Res. Francisca Trindade","copa":0.0,"verde":0.5,"construido":98.9,"temp":47.6,"urbano":true,"classe":"critica","prioridade":92},"geometry":{"type":"Polygon","coordinates":[[[-42.83016,-4.99657],[-42.82912,-4.99487],[-42.83009,-4.99313],[-42.83208,-4.99309],[-42.83312,-4.99479],[-42.83215,-4.99653],[-42.83016,-4.99657]]]}},{"type":"Feature","id":591134880,"properties":{"h3":"8980050920bffff","bairro":"Monte Verde","copa":21.5,"verde":58.7,"construido":40.8,"temp":46.6,"urbano":true,"classe":"moderada","prioridade":35},"geometry":{"type":"Polygon","coordinates":[[[-42.82417,-4.9967],[-42.82314,-4.99499],[-42.8241,-4.99325],[-42.8261,-4.99321],[-42.82713,-4.99491],[-42.82617,-4.99666],[-42.82417,-4.9967]]]}},{"type":"Feature","id":1925709991,"properties":{"h3":"89800546197ffff","bairro":"Jardim Monte Verde","copa":0.0,"verde":74.3,"construido":17.5,"temp":48.7,"urbano":false,"classe":"critica","prioridade":0},"geometry":{"type":"Polygon","coordinates":[[[-42.8122,-4.99694],[-42.81116,-4.99524],[-42.81212,-4.9935],[-42.81412,-4.99346],[-42.81515,-4.99516],[-42.81419,-4.9969],[-42.8122,-4.99694]]]}},{"type":"Feature","id":108789928,"properties":{"h3":"8980054754bffff","bairro":"Vila Nova Socopo","copa":26.2,"verde":51.1,"construido":43.4,"temp":null,"urbano":true,"classe":"arborizada","prioridade":24},"geometry":{"type":"Polygon","coordinates":[[[-42.73133,-4.99686],[-42.7303,-4.99516],[-42.73126,-4.99342],[-42.73326,-4.99337],[-42.73429,-4.99508],[-42.73333,-4.99682],[-42.73133,-4.99686]]]}},{"type":"Feature","id":1929642151,"properties":{"h3":"898005461d3ffff","bairro":"Conj. Vila Nova","copa":83.6,"verde":94.5,"construido":4.9,"temp":38.6,"urbano":false,"classe":"arborizada","prioridade":0},"geometry":{"type":"Polygon","coordinates":[[[-42.80022,-4.99718],[-42.79919,-4.99548],[-42.80015,-4.99374],[-42.80215,-4.9937],[-42.80318,-4.9954],[-42.80222,-4.99714],[-42.80022,-4.99718]]]}},{"type":"Feature","id":564134048,"properties":{"h3":"8980050906fffff","bairro":"Vila Santa Maria das Vassouras","copa":2.7,"verde":74.5,"construido":17.7,"temp":48.8,"urbano":false,"classe":"critica","prioridade":0},"geometry":{"type":"Polygon","coordinates":[[[-42.84516,-4.99799],[-42.84413,-4.99629],[-42.84509,-4.99455],[-42.84709,-4.99451],[-42.84812,-4.99621],[-42.84716,-4.99795],[-42.84516,-4.99799]]]}},{"type":"Feature","id":601358496,"properties":{"h3":"898005092a7ffff","bairro":"Qd-03 Parque Brasil I","copa":2.1,"verde":65.3,"construido":33.6,"temp":47.4,"urbano":true,"classe":"critica","prioridade":58},"geometry":{"type":"Polygon","coordinates":[[[-42.83917,-4.99811],[-42.83814,-4.99641],[-42.8391,-4.99467],[-42.8411,-4.99463],[-42.84213,-4.99633],[-42.84117,-4.99807],[-42.83917,-4.99811]]]}},{"type":"Feature","id":1946419367,"properties":{"h3":"898005462d3ffff","bairro":"Vila Nova Socopo","copa":84.3,"verde":94.5,"construido":4.4,"temp":37.7,"urbano":false,"classe":"arborizada","prioridade":0},"geometry":{"type":"Polygon","coordinates":[[[-42.75831,-4.99804],[-42.75728,-4.99633],[-42.75824,-4.99459],[-42.76023,-4.99455],[-42.76127,-4.99625],[-42.7603,-4.99799],[-42.75831,-4.99804]]]}},{"type":"Feature","id":115343528,"properties":{"h3":"898005475afffff","bairro":"Vila Nova Socopo","copa":11.5,"verde":78.3,"construido":8.8,"temp":49.1,"urbano":false,"classe":"pouca","prioridade":0},"geometry":{"type":"Polygon","coordinates":[[[-42.75232,-4.99816],[-42.75129,-4.99645],[-42.75225,-4.99471],[-42.75425,-4.99467],[-42.75528,-4.99637],[-42.75432,-4.99812],[-42.75232,-4.99816]]]}},{"type":"Feature","id":520880295,"properties":{"h3":"89800540ddbffff","bairro":"Assent. Firmino da Silveira","copa":58.1,"verde":95.4,"construido":3.2,"temp":null,"urbano":false,"classe":"arborizada","prioridade":0},"geometry":{"type":"Polygon","coordinates":[[[-42.67145,-4.99807],[-42.67042,-4.99637],[-42.67138,-4.99462],[-42.67338,-4.99458],[-42.67441,-4.99629],[-42.67345,-4.99803],[-42.67145,-4.99807]]]}},{"type":"Feature","id":601620640,"properties":{"h3":"898005092abffff","bairro":"Qd-09 Parque Brasil I","copa":0.0,"verde":9.7,"construido":89.7,"temp":47.4,"urbano":true,"classe":"critica","prioridade":90},"geometry":{"type":"Polygon","coordinates":[[[-42.83319,-4.99823],[-42.83215,-4.99653],[-42.83312,-4.99479],[-42.83511,-4.99475],[-42.83614,-4.99645],[-42.83518,-4.99819],[-42.83319,-4.99823]]]}},{"type":"Feature","id":590610592,"properties":{"h3":"89800509203ffff","bairro":"Res. Francisca Trindade","copa":3.6,"verde":7.1,"construido":92.9,"temp":46.1,"urbano":true,"classe":"critica","prioridade":76},"geometry":{"type":"Polygon","coordinates":[[[-42.8272,-4.99836],[-42.82617,-4.99666],[-42.82713,-4.99491],[-42.82912,-4.99487],[-42.83016,-4.99657],[-42.82919,-4.99832],[-42.8272,-4.99836]]]}},{"type":"Feature","id":596115616,"properties":{"h3":"89800509257ffff","bairro":"Monte Verde","copa":29.8,"verde":66.8,"construido":33.2,"temp":45.2,"urbano":true,"classe":"arborizada","prioridade":12},"geometry":{"type":"Polygon","coordinates":[[[-42.82121,-4.99848],[-42.82018,-4.99678],[-42.82114,-4.99504],[-42.82314,-4.99499],[-42.82417,-4.9967],[-42.82321,-4.99844],[-42.82121,-4.99848]]]}},{"type":"Feature","id":108265640,"properties":{"h3":"89800547543ffff","bairro":"Vila Nova Socopo","copa":75.6,"verde":95.6,"construido":4.4,"temp":41.3,"urbano":false,"classe":"arborizada","prioridade":0},"geometry":{"type":"Polygon","coordinates":[[[-42.73436,-4.99852],[-42.73333,-4.99682],[-42.73429,-4.99508],[-42.73628,-4.99504],[-42.73732,-4.99674],[-42.73635,-4.99848],[-42.73436,-4.99852]]]}},{"type":"Feature","id":596377760,"properties":{"h3":"8980050925bffff","bairro":"Jardim Monte Verde","copa":2.1,"verde":71.2,"construido":16.0,"temp":46.9,"urbano":false,"classe":"critica","prioridade":0},"geometry":{"type":"Polygon","coordinates":[[[-42.81522,-4.9986],[-42.81419,-4.9969],[-42.81515,-4.99516],[-42.81715,-4.99512],[-42.81818,-4.99682],[-42.81722,-4.99856],[-42.81522,-4.9986]]]}},{"type":"Feature","id":29884584,"properties":{"h3":"89800547097ffff","bairro":"Vila Nova Socopo","copa":95.5,"verde":96.0,"construido":4.0,"temp":null,"urbano":false,"classe":"arborizada","prioridade":0},"geometry":{"type":"Polygon","coordinates":[[[-42.72837,-4.99864],[-42.72734,-4.99694],[-42.7283,-4.9952],[-42.7303,-4.99516],[-42.73133,-4.99686],[-42.73037,-4.9986],[-42.72837,-4.99864]]]}},{"type":"Feature","id":1925447847,"properties":{"h3":"89800546193ffff","bairro":"Jardim Monte Verde","copa":65.7,"verde":94.3,"construido":3.3,"temp":40.5,"urbano":false,"classe":"arborizada","prioridade":0},"geometry":{"type":"Polygon","coordinates":[[[-42.80924,-4.99872],[-42.8082,-4.99702],[-42.80917,-4.99528],[-42.81116,-4.99524],[-42.8122,-4.99694],[-42.81123,-4.99868],[-42.80924,-4.99872]]]}},{"type":"Feature","id":1909981351,"properties":{"h3":"898005460a7ffff","bairro":"Conj. Vila Nova","copa":64.5,"verde":85.3,"construido":7.7,"temp":43.2,"urbano":false,"classe":"arborizada","prioridade":0},"geometry":{"type":"Polygon","coordinates":[[[-42.79726,-4.99897],[-42.79623,-4.99726],[-42.79719,-4.99552],[-42.79919,-4.99548],[-42.80022,-4.99718],[-42.79926,-4.99893],[-42.79726,-4.99897]]]}},{"type":"Feature","id":1905000615,"properties":{"h3":"8980054605bffff","bairro":"Vila Alto dos Ipês","copa":62.8,"verde":89.0,"construido":3.5,"temp":40.7,"urbano":false,"classe":"arborizada","prioridade":0},"geometry":{"type":"Polygon","coordinates":[[[-42.77331,-4.99945],[-42.77228,-4.99775],[-42.77324,-4.99601],[-42.77524,-4.99597],[-42.77627,-4.99767],[-42.77531,-4.99941],[-42.77331,-4.99945]]]}},{"type":"Feature","id":563609760,"properties":{"h3":"89800509067ffff","bairro":"Vila Santa Maria das Vassouras","copa":1.3,"verde":84.1,"construido":11.7,"temp":50.5,"urbano":false,"classe":"critica","prioridade":0},"geometry":{"type":"Polygon","coordinates":[[[-42.84819,-4.99965],[-42.84716,-4.99795],[-42.84812,-4.99621],[-42.85011,-4.99617],[-42.85115,-4.99787],[-42.85019,-4.99961],[-42.84819,-4.99965]]]}},{"type":"Feature","id":563871904,"properties":{"h3":"8980050906bffff","bairro":"Qd-01 Parque Brasil I","copa":7.7,"verde":94.9,"construido":4.8,"temp":46.9,"urbano":false,"classe":"pouca","prioridade":0},"geometry":{"type":"Polygon","coordinates":[[[-42.8422,-4.99977],[-42.84117,-4.99807],[-42.84213,-4.99633],[-42.84413,-4.99629],[-42.84516,-4.99799],[-42.8442,-4.99973],[-42.8422,-4.99977]]]}},{"type":"Feature","id":114819240,"properties":{"h3":"898005475a7ffff","bairro":"Vila Nova Socopo","copa":37.2,"verde":71.3,"construido":10.9,"temp":43.5,"urbano":false,"classe":"arborizada","prioridade":0},"geometry":{"type":"Polygon","coordinates":[[[-42.75535,-4.99982],[-42.75432,-4.99812],[-42.75528,-4.99637],[-42.75728,-4.99633],[-42.75831,-4.99804],[-42.75735,-4.99978],[-42.75535,-4.99982]]]}},{"type":"Feature","id":501219495,"properties":{"h3":"89800540cafffff","bairro":"Assent. Firmino da Silveira","copa":69.6,"verde":96.7,"construido":3.3,"temp":null,"urbano":false,"classe":"arborizada","prioridade":0},"geometry":{"type":"Polygon","coordinates":[[[-42.66849,-4.99985],[-42.66746,-4.99815],[-42.66842,-4.99641],[-42.67042,-4.99637],[-42.67145,-4.99807],[-42.67049,-4.99981],[-42.66849,-4.99985]]]}},{"type":"Feature","id":601096352,"properties":{"h3":"898005092a3ffff","bairro":"Qd-08 Parque Brasil I","copa":0.5,"verde":42.5,"construido":55.8,"temp":48.0,"urbano":true,"classe":"critica","prioridade":93},"geometry":{"type":"Polygon","coordinates":[[[-42.83621,-4.9999],[-42.83518,-4.99819],[-42.83614,-4.99645],[-42.83814,-4.99641],[-42.83917,-4.99811],[-42.83821,-4.99985],[-42.83621,-4.9999]]]}},{"type":"Feature","id":591921312,"properties":{"h3":"89800509217ffff","bairro":"Res. Francisca Trindade","copa":0.8,"verde":0.8,"construido":99.2,"temp":46.2,"urbano":true,"classe":"critica","prioridade":82},"geometry":{"type":"Polygon","coordinates":[[[-42.83023,-5.00002],[-42.82919,-4.99832],[-42.83016,-4.99657],[-42.83215,-4.99653],[-42.83319,-4.99823],[-42.83222,-4.99998],[-42.83023,-5.00002]]]}},{"type":"Feature","id":115081384,"properties":{"h3":"898005475abffff","bairro":"Vila Nova Socopo","copa":62.6,"verde":90.2,"construido":4.0,"temp":40.2,"urbano":false,"classe":"arborizada","prioridade":0},"geometry":{"type":"Polygon","coordinates":[[[-42.74936,-4.99994],[-42.74833,-4.99824],[-42.74929,-4.9965],[-42.75129,-4.99645],[-42.75232,-4.99816],[-42.75136,-4.9999],[-42.74936,-4.99994]]]}},{"type":"Feature","id":592183456,"properties":{"h3":"8980050921bffff","bairro":"Leonel Brizola","copa":18.7,"verde":28.8,"construido":69.9,"temp":44.9,"urbano":true,"classe":"moderada","prioridade":39},"geometry":{"type":"Polygon","coordinates":[[[-42.82424,-5.00014],[-42.82321,-4.99844],[-42.82417,-4.9967],[-42.82617,-4.99666],[-42.8272,-4.99836],[-42.82624,-5.0001],[-42.82424,-5.00014]]]}},{"type":"Feature","id":595853472,"properties":{"h3":"89800509253ffff","bairro":"Leonel Brizola","copa":14.9,"verde":61.3,"construido":29.9,"temp":44.7,"urbano":true,"classe":"moderada","prioridade":27},"geometry":{"type":"Polygon","coordinates":[[[-42.81825,-5.00026],[-42.81722,-4.99856],[-42.81818,-4.99682],[-42.82018,-4.99678],[-42.82121,-4.99848],[-42.82025,-5.00022],[-42.81825,-5.00026]]]}},{"type":"Feature","id":109838504,"properties":{"h3":"8980054755bffff","bairro":"Vila Nova Socopo","copa":66.8,"verde":75.0,"construido":25.0,"temp":null,"urbano":true,"classe":"arborizada","prioridade":10},"geometry":{"type":"Polygon","coordinates":[[[-42.7314,-5.0003],[-42.73037,-4.9986],[-42.73133,-4.99686],[-42.73333,-4.99682],[-42.73436,-4.99852],[-42.7334,-5.00026],[-42.7314,-5.0003]]]}},{"type":"Feature","id":1986003111,"properties":{"h3":"8980054652fffff","bairro":"Jardim Monte Verde","copa":27.8,"verde":91.0,"construido":7.1,"temp":46.2,"urbano":false,"classe":"arborizada","prioridade":0},"geometry":{"type":"Polygon","coordinates":[[[-42.81227,-5.00038],[-42.81123,-4.99868],[-42.8122,-4.99694],[-42.81419,-4.9969],[-42.81522,-4.9986],[-42.81426,-5.00034],[-42.81227,-5.00038]]]}},{"type":"Feature","id":29622440,"properties":{"h3":"89800547093ffff","bairro":"Cláudio Pachêco II","copa":68.6,"verde":92.0,"construido":7.7,"temp":null,"urbano":false,"classe":"arborizada","prioridade":0},"geometry":{"type":"Polygon","coordinates":[[[-42.72541,-5.00042],[-42.72438,-4.99872],[-42.72534,-4.99698],[-42.72734,-4.99694],[-42.72837,-4.99864],[-42.72741,-5.00038],[-42.72541,-5.00042]]]}},{"type":"Feature","id":1909719207,"properties":{"h3":"898005460a3ffff","bairro":"Conj. Vila Nova","copa":4.0,"verde":16.7,"construido":8.2,"temp":48.6,"urbano":false,"classe":"critica","prioridade":0},"geometry":{"type":"Polygon","coordinates":[[[-42.7943,-5.00075],[-42.79327,-4.99905],[-42.79423,-4.99731],[-42.79623,-4.99726],[-42.79726,-4.99897],[-42.7963,-5.00071],[-42.7943,-5.00075]]]}},{"type":"Feature","id":126615720,"properties":{"h3":"8980054765bffff","bairro":"Assent. Firmino da Silveira","copa":79.3,"verde":95.5,"construido":4.5,"temp":null,"urbano":false,"classe":"arborizada","prioridade":0},"geometry":{"type":"Polygon","coordinates":[[[-42.68949,-5.00115],[-42.68845,-4.99945],[-42.68942,-4.99771],[-42.69141,-4.99767],[-42.69244,-4.99937],[-42.69148,-5.00111],[-42.68949,-5.00115]]]}},{"type":"Feature","id":2006450343,"properties":{"h3":"89800546667ffff","bairro":"Tabajaras","copa":67.0,"verde":83.8,"construido":16.2,"temp":43.7,"urbano":false,"classe":"arborizada","prioridade":0},"geometry":{"type":"Polygon","coordinates":[[[-42.76437,-5.00136],[-42.76333,-4.99966],[-42.7643,-4.99791],[-42.76629,-4.99787],[-42.76732,-4.99957],[-42.76636,-5.00132],[-42.76437,-5.00136]]]}},{"type":"Feature","id":2006712487,"properties":{"h3":"8980054666bffff","bairro":"Vila Nova Socopo","copa":45.7,"verde":69.7,"construido":29.5,"temp":44.8,"urbano":true,"classe":"arborizada","prioridade":9},"geometry":{"type":"Polygon","coordinates":[[[-42.75838,-5.00148],[-42.75735,-4.99978],[-42.75831,-4.99804],[-42.7603,-4.99799],[-42.76134,-4.9997],[-42.76037,-5.00144],[-42.75838,-5.00148]]]}},{"type":"Feature","id":602407072,"properties":{"h3":"898005092b7ffff","bairro":"Qd-01 Parque Brasil I","copa":3.5,"verde":45.8,"construido":53.1,"temp":46.2,"urbano":true,"classe":"critica","prioridade":77},"geometry":{"type":"Polygon","coordinates":[[[-42.83924,-5.00156],[-42.83821,-4.99985],[-42.83917,-4.99811],[-42.84117,-4.99807],[-42.8422,-4.99977],[-42.84124,-5.00152],[-42.83924,-5.00156]]]}},{"type":"Feature","id":602669216,"properties":{"h3":"898005092bbffff","bairro":"Qd-09 Parque Brasil I","copa":1.6,"verde":4.6,"construido":94.3,"temp":46.9,"urbano":true,"classe":"critica","prioridade":84},"geometry":{"type":"Polygon","coordinates":[[[-42.83326,-5.00168],[-42.83222,-4.99998],[-42.83319,-4.99823],[-42.83518,-4.99819],[-42.83621,-4.9999],[-42.83525,-5.00164],[-42.83326,-5.00168]]]}},{"type":"Feature","id":114557096,"properties":{"h3":"898005475a3ffff","bairro":"Vila Nova Socopo","copa":26.4,"verde":59.5,"construido":13.1,"temp":47.9,"urbano":false,"classe":"arborizada","prioridade":0},"geometry":{"type":"Polygon","coordinates":[[[-42.75239,-5.0016],[-42.75136,-4.9999],[-42.75232,-4.99816],[-42.75432,-4.99812],[-42.75535,-4.99982],[-42.75439,-5.00156],[-42.75239,-5.0016]]]}},{"type":"Feature","id":591659168,"properties":{"h3":"89800509213ffff","bairro":"Res. Francisca Trindade","copa":0.5,"verde":6.9,"construido":88.6,"temp":45.4,"urbano":true,"classe":"critica","prioridade":78},"geometry":{"type":"Polygon","coordinates":[[[-42.82727,-5.0018],[-42.82624,-5.0001],[-42.8272,-4.99836],[-42.82919,-4.99832],[-42.83023,-5.00002],[-42.82926,-5.00176],[-42.82727,-5.0018]]]}},{"type":"Feature","id":603979936,"properties":{"h3":"898005092cfffff","bairro":"Leonel Brizola","copa":11.7,"verde":23.7,"construido":75.8,"temp":45.5,"urbano":true,"classe":"pouca","prioridade":56},"geometry":{"type":"Polygon","coordinates":[[[-42.82128,-5.00192],[-42.82025,-5.00022],[-42.82121,-4.99848],[-42.82321,-4.99844],[-42.82424,-5.00014],[-42.82328,-5.00188],[-42.82128,-5.00192]]]}},{"type":"Feature","id":1985478823,"properties":{"h3":"89800546527ffff","bairro":"Leonel Brizola","copa":1.1,"verde":47.9,"construido":36.6,"temp":47.5,"urbano":true,"classe":"critica","prioridade":65},"geometry":{"type":"Polygon","coordinates":[[[-42.81529,-5.00204],[-42.81426,-5.00034],[-42.81522,-4.9986],[-42.81722,-4.99856],[-42.81825,-5.00026],[-42.81729,-5.002],[-42.81529,-5.00204]]]}},{"type":"Feature","id":90177704,"properties":{"h3":"8980054742fffff","bairro":"Cláudio Pachêco II","copa":80.8,"verde":91.7,"construido":8.3,"temp":null,"urbano":false,"classe":"arborizada","prioridade":0},"geometry":{"type":"Polygon","coordinates":[[[-42.72844,-5.00209],[-42.72741,-5.00038],[-42.72837,-4.99864],[-42.73037,-4.9986],[-42.7314,-5.0003],[-42.73044,-5.00205],[-42.72844,-5.00209]]]}},{"type":"Feature","id":1911029927,"properties":{"h3":"898005460b7ffff","bairro":"Conj. Vila Nova","copa":62.7,"verde":75.3,"construido":15.5,"temp":38.9,"urbano":false,"classe":"arborizada","prioridade":0},"geometry":{"type":"Polygon","coordinates":[[[-42.79733,-5.00241],[-42.7963,-5.00071],[-42.79726,-4.99897],[-42.79926,-4.99893],[-42.80029,-5.00063],[-42.79933,-5.00237],[-42.79733,-5.00241]]]}},{"type":"Feature","id":1911292071,"properties":{"h3":"898005460bbffff","bairro":"Vila Nova Conquista","copa":2.8,"verde":27.3,"construido":57.3,"temp":44.6,"urbano":true,"classe":"critica","prioridade":69},"geometry":{"type":"Polygon","coordinates":[[[-42.79134,-5.00253],[-42.79031,-5.00083],[-42.79127,-4.99909],[-42.79327,-4.99905],[-42.7943,-5.00075],[-42.79334,-5.00249],[-42.79134,-5.00253]]]}},{"type":"Feature","id":2002256039,"properties":{"h3":"89800546627ffff","bairro":"Vila Alto dos Ipês","copa":65.0,"verde":93.8,"construido":3.8,"temp":41.9,"urbano":false,"classe":"arborizada","prioridade":0},"geometry":{"type":"Polygon","coordinates":[[[-42.77338,-5.0029],[-42.77235,-5.0012],[-42.77331,-4.99945],[-42.77531,-4.99941],[-42.77634,-5.00111],[-42.77538,-5.00286],[-42.77338,-5.0029]]]}},{"type":"Feature","id":2002518183,"properties":{"h3":"8980054662bffff","bairro":"Vila Anita Ferraz","copa":17.8,"verde":41.8,"construido":57.7,"temp":44.6,"urbano":true,"classe":"moderada","prioridade":39},"geometry":{"type":"Polygon","coordinates":[[[-42.76739,-5.00302],[-42.76636,-5.00132],[-42.76732,-4.99957],[-42.76932,-4.99953],[-42.77035,-5.00124],[-42.76939,-5.00298],[-42.76739,-5.00302]]]}},{"type":"Feature","id":564920480,"properties":{"h3":"8980050907bffff","bairro":"Qd-01 Parque Brasil I","copa":4.4,"verde":62.5,"construido":18.6,"temp":49.9,"urbano":false,"classe":"critica","prioridade":0},"geometry":{"type":"Polygon","coordinates":[[[-42.84227,-5.00322],[-42.84124,-5.00152],[-42.8422,-4.99977],[-42.8442,-4.99973],[-42.84523,-5.00143],[-42.84427,-5.00318],[-42.84227,-5.00322]]]}},{"type":"Feature","id":602144928,"properties":{"h3":"898005092b3ffff","bairro":"Qd-05 Parque Brasil I","copa":0.0,"verde":0.0,"construido":100.0,"temp":46.7,"urbano":true,"classe":"critica","prioridade":87},"geometry":{"type":"Polygon","coordinates":[[[-42.83629,-5.00334],[-42.83525,-5.00164],[-42.83621,-4.9999],[-42.83821,-4.99985],[-42.83924,-5.00156],[-42.83828,-5.0033],[-42.83629,-5.00334]]]}},{"type":"Feature","id":115867816,"properties":{"h3":"898005475b7ffff","bairro":"Vila Nova Socopo","copa":40.5,"verde":55.7,"construido":44.0,"temp":47.1,"urbano":true,"classe":"arborizada","prioridade":25},"geometry":{"type":"Polygon","coordinates":[[[-42.75542,-5.00326],[-42.75439,-5.00156],[-42.75535,-4.99982],[-42.75735,-4.99978],[-42.75838,-5.00148],[-42.75742,-5.00322],[-42.75542,-5.00326]]]}},{"type":"Feature","id":599785632,"properties":{"h3":"8980050928fffff","bairro":"Parque Brasil","copa":0.0,"verde":0.3,"construido":99.7,"temp":46.1,"urbano":true,"classe":"critica","prioridade":83},"geometry":{"type":"Polygon","coordinates":[[[-42.8303,-5.00346],[-42.82926,-5.00176],[-42.83023,-5.00002],[-42.83222,-4.99998],[-42.83326,-5.00168],[-42.83229,-5.00342],[-42.8303,-5.00346]]]}},{"type":"Feature","id":603455648,"properties":{"h3":"898005092c7ffff","bairro":"Vila Monte Alegre","copa":5.6,"verde":6.6,"construido":93.4,"temp":45.1,"urbano":true,"classe":"pouca","prioridade":66},"geometry":{"type":"Polygon","coordinates":[[[-42.82431,-5.00358],[-42.82328,-5.00188],[-42.82424,-5.00014],[-42.82624,-5.0001],[-42.82727,-5.0018],[-42.82631,-5.00354],[-42.82431,-5.00358]]]}},{"type":"Feature","id":603717792,"properties":{"h3":"898005092cbffff","bairro":"Leonel Brizola","copa":0.6,"verde":38.0,"construido":55.9,"temp":46.2,"urbano":true,"classe":"critica","prioridade":83},"geometry":{"type":"Polygon","coordinates":[[[-42.81832,-5.00371],[-42.81729,-5.002],[-42.81825,-5.00026],[-42.82025,-5.00022],[-42.82128,-5.00192],[-42.82032,-5.00367],[-42.81832,-5.00371]]]}},{"type":"Feature","id":89915560,"properties":{"h3":"8980054742bffff","bairro":"Cláudio Pachêco II","copa":62.3,"verde":87.9,"construido":12.1,"temp":null,"urbano":false,"classe":"arborizada","prioridade":0},"geometry":{"type":"Polygon","coordinates":[[[-42.72548,-5.00387],[-42.72445,-5.00217],[-42.72541,-5.00042],[-42.72741,-5.00038],[-42.72844,-5.00209],[-42.72748,-5.00383],[-42.72548,-5.00387]]]}},{"type":"Feature","id":1910767783,"properties":{"h3":"898005460b3ffff","bairro":"Conj. Vila Nova","copa":1.6,"verde":14.6,"construido":82.1,"temp":46.4,"urbano":true,"classe":"critica","prioridade":82},"geometry":{"type":"Polygon","coordinates":[[[-42.79437,-5.00419],[-42.79334,-5.00249],[-42.7943,-5.00075],[-42.7963,-5.00071],[-42.79733,-5.00241],[-42.79637,-5.00415],[-42.79437,-5.00419]]]}},{"type":"Feature","id":1908408487,"properties":{"h3":"8980054608fffff","bairro":"Vila Nova Conquista","copa":0.0,"verde":56.8,"construido":20.8,"temp":47.0,"urbano":false,"classe":"critica","prioridade":0},"geometry":{"type":"Polygon","coordinates":[[[-42.78839,-5.00432],[-42.78735,-5.00261],[-42.78832,-5.00087],[-42.79031,-5.00083],[-42.79134,-5.00253],[-42.79038,-5.00427],[-42.78839,-5.00432]]]}},{"type":"Feature","id":1912078503,"properties":{"h3":"898005460c7ffff","bairro":"Vila Meio Norte","copa":67.0,"verde":88.6,"construido":11.4,"temp":44.4,"urbano":false,"classe":"arborizada","prioridade":0},"geometry":{"type":"Polygon","coordinates":[[[-42.7824,-5.00444],[-42.78137,-5.00274],[-42.78233,-5.00099],[-42.78432,-5.00095],[-42.78536,-5.00265],[-42.78439,-5.0044],[-42.7824,-5.00444]]]}},{"type":"Feature","id":1912340647,"properties":{"h3":"898005460cbffff","bairro":"Vila Santa Vitória","copa":57.6,"verde":77.7,"construido":22.3,"temp":43.2,"urbano":false,"classe":"arborizada","prioridade":0},"geometry":{"type":"Polygon","coordinates":[[[-42.77641,-5.00456],[-42.77538,-5.00286],[-42.77634,-5.00111],[-42.77834,-5.00107],[-42.77937,-5.00278],[-42.77841,-5.00452],[-42.77641,-5.00456]]]}},{"type":"Feature","id":2001993895,"properties":{"h3":"89800546623ffff","bairro":"Vila Anita Ferraz","copa":54.2,"verde":90.5,"construido":9.5,"temp":42.6,"urbano":false,"classe":"arborizada","prioridade":0},"geometry":{"type":"Polygon","coordinates":[[[-42.77042,-5.00468],[-42.76939,-5.00298],[-42.77035,-5.00124],[-42.77235,-5.0012],[-42.77338,-5.0029],[-42.77242,-5.00464],[-42.77042,-5.00468]]]}},{"type":"Feature","id":1012400295,"properties":{"h3":"89800542b27ffff","bairro":"Assent. Firmino da Silveira","copa":62.9,"verde":96.3,"construido":3.7,"temp":null,"urbano":false,"classe":"arborizada","prioridade":0},"geometry":{"type":"Polygon","coordinates":[[[-42.68956,-5.00459],[-42.68852,-5.00289],[-42.68949,-5.00115],[-42.69148,-5.00111],[-42.69251,-5.00281],[-42.69155,-5.00455],[-42.68956,-5.00459]]]}},{"type":"Feature","id":2007498919,"properties":{"h3":"89800546677ffff","bairro":"Tabajaras","copa":33.3,"verde":54.7,"construido":45.3,"temp":45.3,"urbano":true,"classe":"arborizada","prioridade":17},"geometry":{"type":"Polygon","coordinates":[[[-42.76444,-5.0048],[-42.7634,-5.0031],[-42.76437,-5.00136],[-42.76636,-5.00132],[-42.76739,-5.00302],[-42.76643,-5.00476],[-42.76444,-5.0048]]]}},{"type":"Feature","id":1012662439,"properties":{"h3":"89800542b2bffff","bairro":"Assent. Firmino da Silveira","copa":75.3,"verde":96.7,"construido":3.3,"temp":null,"urbano":false,"classe":"arborizada","prioridade":0},"geometry":{"type":"Polygon","coordinates":[[[-42.68357,-5.00472],[-42.68253,-5.00301],[-42.6835,-5.00127],[-42.68549,-5.00123],[-42.68653,-5.00293],[-42.68556,-5.00467],[-42.68357,-5.00472]]]}},{"type":"Feature","id":562036896,"properties":{"h3":"8980050904fffff","bairro":"Qd-01 Parque Brasil I","copa":1.9,"verde":88.6,"construido":6.8,"temp":46.4,"urbano":false,"classe":"critica","prioridade":0},"geometry":{"type":"Polygon","coordinates":[[[-42.83931,-5.005],[-42.83828,-5.0033],[-42.83924,-5.00156],[-42.84124,-5.00152],[-42.84227,-5.00322],[-42.84131,-5.00496],[-42.83931,-5.005]]]}},{"type":"Feature","id":2007761063,"properties":{"h3":"8980054667bffff","bairro":"Vila Nova Socopo","copa":46.3,"verde":72.1,"construido":27.9,"temp":44.9,"urbano":true,"classe":"arborizada","prioridade":9},"geometry":{"type":"Polygon","coordinates":[[[-42.75845,-5.00492],[-42.75742,-5.00322],[-42.75838,-5.00148],[-42.76037,-5.00144],[-42.76141,-5.00314],[-42.76044,-5.00488],[-42.75845,-5.00492]]]}},{"type":"Feature","id":599261344,"properties":{"h3":"89800509287ffff","bairro":"Parque Brasil","copa":0.8,"verde":1.6,"construido":98.4,"temp":46.9,"urbano":true,"classe":"critica","prioridade":86},"geometry":{"type":"Polygon","coordinates":[[[-42.83333,-5.00512],[-42.83229,-5.00342],[-42.83326,-5.00168],[-42.83525,-5.00164],[-42.83629,-5.00334],[-42.83532,-5.00508],[-42.83333,-5.00512]]]}},{"type":"Feature","id":115605672,"properties":{"h3":"898005475b3ffff","bairro":"Vila Nova Socopo","copa":52.1,"verde":71.6,"construido":28.4,"temp":45.7,"urbano":true,"classe":"arborizada","prioridade":12},"geometry":{"type":"Polygon","coordinates":[[[-42.75246,-5.00504],[-42.75143,-5.00334],[-42.75239,-5.0016],[-42.75439,-5.00156],[-42.75542,-5.00326],[-42.75446,-5.005],[-42.75246,-5.00504]]]}},{"type":"Feature","id":113246376,"properties":{"h3":"8980054758fffff","bairro":"Vila Nova Socopo","copa":95.9,"verde":96.2,"construido":3.8,"temp":39.1,"urbano":false,"classe":"arborizada","prioridade":0},"geometry":{"type":"Polygon","coordinates":[[[-42.74647,-5.00517],[-42.74544,-5.00346],[-42.7464,-5.00172],[-42.7484,-5.00168],[-42.74943,-5.00338],[-42.74847,-5.00513],[-42.74647,-5.00517]]]}},{"type":"Feature","id":599523488,"properties":{"h3":"8980050928bffff","bairro":"Conj. Monte Verde","copa":0.3,"verde":9.4,"construido":80.7,"temp":46.4,"urbano":true,"classe":"critica","prioridade":84},"geometry":{"type":"Polygon","coordinates":[[[-42.82734,-5.00524],[-42.82631,-5.00354],[-42.82727,-5.0018],[-42.82926,-5.00176],[-42.8303,-5.00346],[-42.82934,-5.0052],[-42.82734,-5.00524]]]}},{"type":"Feature","id":603193504,"properties":{"h3":"898005092c3ffff","bairro":"Vila Monte Alegre","copa":0.3,"verde":4.1,"construido":89.8,"temp":46.4,"urbano":true,"classe":"critica","prioridade":84},"geometry":{"type":"Polygon","coordinates":[[[-42.82135,-5.00537],[-42.82032,-5.00367],[-42.82128,-5.00192],[-42.82328,-5.00188],[-42.82431,-5.00358],[-42.82335,-5.00533],[-42.82135,-5.00537]]]}},{"type":"Feature","id":1986527399,"properties":{"h3":"89800546537ffff","bairro":"Alegre","copa":4.5,"verde":71.4,"construido":10.7,"temp":50.7,"urbano":false,"classe":"critica","prioridade":0},"geometry":{"type":"Polygon","coordinates":[[[-42.81536,-5.00549],[-42.81433,-5.00379],[-42.81529,-5.00204],[-42.81729,-5.002],[-42.81832,-5.00371],[-42.81736,-5.00545],[-42.81536,-5.00549]]]}},{"type":"Feature","id":1988100263,"properties":{"h3":"8980054654fffff","bairro":"Res. Inglaterra","copa":22.2,"verde":43.8,"construido":55.1,"temp":45.2,"urbano":true,"classe":"moderada","prioridade":34},"geometry":{"type":"Polygon","coordinates":[[[-42.7974,-5.00585],[-42.79637,-5.00415],[-42.79733,-5.00241],[-42.79933,-5.00237],[-42.80036,-5.00407],[-42.7994,-5.00581],[-42.7974,-5.00585]]]}},{"type":"Feature","id":1907884199,"properties":{"h3":"89800546087ffff","bairro":"Vila Nova Conquista","copa":16.5,"verde":41.0,"construido":59.0,"temp":44.0,"urbano":true,"classe":"moderada","prioridade":38},"geometry":{"type":"Polygon","coordinates":[[[-42.79141,-5.00598],[-42.79038,-5.00427],[-42.79134,-5.00253],[-42.79334,-5.00249],[-42.79437,-5.00419],[-42.79341,-5.00594],[-42.79141,-5.00598]]]}},{"type":"Feature","id":1911816359,"properties":{"h3":"898005460c3ffff","bairro":"Vila Meio Norte","copa":39.6,"verde":43.4,"construido":56.6,"temp":44.7,"urbano":true,"classe":"arborizada","prioridade":15},"geometry":{"type":"Polygon","coordinates":[[[-42.77944,-5.00622],[-42.77841,-5.00452],[-42.77937,-5.00278],[-42.78137,-5.00274],[-42.7824,-5.00444],[-42.78144,-5.00618],[-42.77944,-5.00622]]]}},{"type":"Feature","id":2003304615,"properties":{"h3":"89800546637ffff","bairro":"Vila Anita Ferraz","copa":26.8,"verde":34.7,"construido":65.3,"temp":45.6,"urbano":true,"classe":"arborizada","prioridade":26},"geometry":{"type":"Polygon","coordinates":[[[-42.77345,-5.00634],[-42.77242,-5.00464],[-42.77338,-5.0029],[-42.77538,-5.00286],[-42.77641,-5.00456],[-42.77545,-5.0063],[-42.77345,-5.00634]]]}},{"type":"Feature","id":2003566759,"properties":{"h3":"8980054663bffff","bairro":"Tabajaras","copa":2.4,"verde":46.0,"construido":51.6,"temp":45.1,"urbano":true,"classe":"critica","prioridade":73},"geometry":{"type":"Polygon","coordinates":[[[-42.76746,-5.00646],[-42.76643,-5.00476],[-42.76739,-5.00302],[-42.76939,-5.00298],[-42.77042,-5.00468],[-42.76946,-5.00642],[-42.76746,-5.00646]]]}},{"type":"Feature","id":1012138151,"properties":{"h3":"89800542b23ffff","bairro":"Assent. Firmino da Silveira","copa":61.2,"verde":91.2,"construido":8.8,"temp":null,"urbano":false,"classe":"arborizada","prioridade":0},"geometry":{"type":"Polygon","coordinates":[[[-42.6866,-5.00638],[-42.68556,-5.00467],[-42.68653,-5.00293],[-42.68852,-5.00289],[-42.68956,-5.00459],[-42.68859,-5.00634],[-42.6866,-5.00638]]]}},{"type":"Feature","id":2007236775,"properties":{"h3":"89800546673ffff","bairro":"Tabajaras","copa":92.3,"verde":94.9,"construido":5.1,"temp":48.4,"urbano":false,"classe":"arborizada","prioridade":0},"geometry":{"type":"Polygon","coordinates":[[[-42.76148,-5.00658],[-42.76044,-5.00488],[-42.76141,-5.00314],[-42.7634,-5.0031],[-42.76444,-5.0048],[-42.76347,-5.00654],[-42.76148,-5.00658]]]}},{"type":"Feature","id":561774752,"properties":{"h3":"8980050904bffff","bairro":"Parque Brasil","copa":1.1,"verde":39.9,"construido":59.8,"temp":45.9,"urbano":true,"classe":"critica","prioridade":80},"geometry":{"type":"Polygon","coordinates":[[[-42.83636,-5.00678],[-42.83532,-5.00508],[-42.83629,-5.00334],[-42.83828,-5.0033],[-42.83931,-5.005],[-42.83835,-5.00674],[-42.83636,-5.00678]]]}},{"type":"Feature","id":2004877479,"properties":{"h3":"8980054664fffff","bairro":"Vila Nova Socopo","copa":72.2,"verde":83.7,"construido":16.3,"temp":40.8,"urbano":false,"classe":"arborizada","prioridade":0},"geometry":{"type":"Polygon","coordinates":[[[-42.75549,-5.00671],[-42.75446,-5.005],[-42.75542,-5.00326],[-42.75742,-5.00322],[-42.75845,-5.00492],[-42.75749,-5.00667],[-42.75549,-5.00671]]]}},{"type":"Feature","id":112722088,"properties":{"h3":"89800547587ffff","bairro":"Vila Nova Socopo","copa":73.7,"verde":86.3,"construido":12.9,"temp":40.3,"urbano":false,"classe":"arborizada","prioridade":0},"geometry":{"type":"Polygon","coordinates":[[[-42.7495,-5.00683],[-42.74847,-5.00513],[-42.74943,-5.00338],[-42.75143,-5.00334],[-42.75246,-5.00504],[-42.7515,-5.00679],[-42.7495,-5.00683]]]}},{"type":"Feature","id":598999200,"properties":{"h3":"89800509283ffff","bairro":"Parque Brasil","copa":0.0,"verde":3.8,"construido":82.8,"temp":47.4,"urbano":true,"classe":"critica","prioridade":91},"geometry":{"type":"Polygon","coordinates":[[[-42.83037,-5.00691],[-42.82934,-5.0052],[-42.8303,-5.00346],[-42.83229,-5.00342],[-42.83333,-5.00512],[-42.83236,-5.00686],[-42.83037,-5.00691]]]}},{"type":"Feature","id":604504224,"properties":{"h3":"898005092d7ffff","bairro":"Conj. Monte Verde","copa":0.6,"verde":4.4,"construido":92.0,"temp":47.5,"urbano":true,"classe":"critica","prioridade":90},"geometry":{"type":"Polygon","coordinates":[[[-42.82438,-5.00703],[-42.82335,-5.00533],[-42.82431,-5.00358],[-42.82631,-5.00354],[-42.82734,-5.00524],[-42.82638,-5.00699],[-42.82438,-5.00703]]]}},{"type":"Feature","id":604766368,"properties":{"h3":"898005092dbffff","bairro":"Alegre","copa":0.0,"verde":36.0,"construido":21.6,"temp":46.7,"urbano":false,"classe":"critica","prioridade":0},"geometry":{"type":"Polygon","coordinates":[[[-42.81839,-5.00715],[-42.81736,-5.00545],[-42.81832,-5.00371],[-42.82032,-5.00367],[-42.82135,-5.00537],[-42.82039,-5.00711],[-42.81839,-5.00715]]]}},{"type":"Feature","id":1987838119,"properties":{"h3":"8980054654bffff","bairro":"Res. Inglaterra","copa":3.5,"verde":11.4,"construido":88.6,"temp":46.0,"urbano":true,"classe":"critica","prioridade":75},"geometry":{"type":"Polygon","coordinates":[[[-42.79444,-5.00764],[-42.79341,-5.00594],[-42.79437,-5.00419],[-42.79637,-5.00415],[-42.7974,-5.00585],[-42.79644,-5.0076],[-42.79444,-5.00764]]]}},{"type":"Feature","id":1907622055,"properties":{"h3":"89800546083ffff","bairro":"Vila Nova Conquista","copa":25.1,"verde":65.3,"construido":27.7,"temp":45.6,"urbano":true,"classe":"arborizada","prioridade":17},"geometry":{"type":"Polygon","coordinates":[[[-42.78846,-5.00776],[-42.78742,-5.00606],[-42.78839,-5.00432],[-42.79038,-5.00427],[-42.79141,-5.00598],[-42.79045,-5.00772],[-42.78846,-5.00776]]]}},{"type":"Feature","id":1913127079,"properties":{"h3":"898005460d7ffff","bairro":"Vila Meio Norte","copa":32.1,"verde":39.7,"construido":60.3,"temp":44.4,"urbano":true,"classe":"arborizada","prioridade":13},"geometry":{"type":"Polygon","coordinates":[[[-42.78247,-5.00788],[-42.78144,-5.00618],[-42.7824,-5.00444],[-42.78439,-5.0044],[-42.78543,-5.0061],[-42.78446,-5.00784],[-42.78247,-5.00788]]]}},{"type":"Feature","id":1913389223,"properties":{"h3":"898005460dbffff","bairro":"Parque Morais Sousa","copa":7.3,"verde":56.9,"construido":37.4,"temp":50.3,"urbano":true,"classe":"pouca","prioridade":64},"geometry":{"type":"Polygon","coordinates":[[[-42.77648,-5.008],[-42.77545,-5.0063],[-42.77641,-5.00456],[-42.77841,-5.00452],[-42.77944,-5.00622],[-42.77848,-5.00796],[-42.77648,-5.008]]]}},{"type":"Feature","id":2003042471,"properties":{"h3":"89800546633ffff","bairro":"Vila Anita Ferraz","copa":18.1,"verde":63.2,"construido":36.5,"temp":45.7,"urbano":true,"classe":"moderada","prioridade":33},"geometry":{"type":"Polygon","coordinates":[[[-42.77049,-5.00812],[-42.76946,-5.00642],[-42.77042,-5.00468],[-42.77242,-5.00464],[-42.77345,-5.00634],[-42.77249,-5.00808],[-42.77049,-5.00812]]]}},{"type":"Feature","id":1013448871,"properties":{"h3":"89800542b37ffff","bairro":"Vila Coruja","copa":77.7,"verde":96.7,"construido":3.0,"temp":null,"urbano":false,"classe":"arborizada","prioridade":0},"geometry":{"type":"Polygon","coordinates":[[[-42.68962,-5.00804],[-42.68859,-5.00634],[-42.68956,-5.00459],[-42.69155,-5.00455],[-42.69258,-5.00626],[-42.69162,-5.008],[-42.68962,-5.00804]]]}},{"type":"Feature","id":2000683175,"properties":{"h3":"8980054660fffff","bairro":"Tabajaras","copa":44.3,"verde":66.4,"construido":31.7,"temp":48.7,"urbano":true,"classe":"arborizada","prioridade":24},"geometry":{"type":"Polygon","coordinates":[[[-42.76451,-5.00825],[-42.76347,-5.00654],[-42.76444,-5.0048],[-42.76643,-5.00476],[-42.76746,-5.00646],[-42.7665,-5.0082],[-42.76451,-5.00825]]]}},{"type":"Feature","id":2004353191,"properties":{"h3":"89800546647ffff","bairro":"Vila Nova Socopo","copa":46.2,"verde":94.0,"construido":5.8,"temp":47.3,"urbano":false,"classe":"arborizada","prioridade":0},"geometry":{"type":"Polygon","coordinates":[[[-42.75852,-5.00837],[-42.75749,-5.00667],[-42.75845,-5.00492],[-42.76044,-5.00488],[-42.76148,-5.00658],[-42.76051,-5.00833],[-42.75852,-5.00837]]]}},{"type":"Feature","id":2004615335,"properties":{"h3":"8980054664bffff","bairro":"Vila Nova Socopo","copa":85.3,"verde":88.0,"construido":12.0,"temp":39.7,"urbano":false,"classe":"arborizada","prioridade":0},"geometry":{"type":"Polygon","coordinates":[[[-42.75253,-5.00849],[-42.7515,-5.00679],[-42.75246,-5.00504],[-42.75446,-5.005],[-42.75549,-5.00671],[-42.75453,-5.00845],[-42.75253,-5.00849]]]}},{"type":"Feature","id":600309920,"properties":{"h3":"89800509297ffff","bairro":"Parque Brasil","copa":0.3,"verde":37.7,"construido":57.1,"temp":48.8,"urbano":true,"classe":"critica","prioridade":98},"geometry":{"type":"Polygon","coordinates":[[[-42.8334,-5.00857],[-42.83236,-5.00686],[-42.83333,-5.00512],[-42.83532,-5.00508],[-42.83636,-5.00678],[-42.83539,-5.00853],[-42.8334,-5.00857]]]}},{"type":"Feature","id":600572064,"properties":{"h3":"8980050929bffff","bairro":"Conj. Monte Verde","copa":0.0,"verde":7.6,"construido":60.8,"temp":49.6,"urbano":true,"classe":"critica","prioridade":100},"geometry":{"type":"Polygon","coordinates":[[[-42.82741,-5.00869],[-42.82638,-5.00699],[-42.82734,-5.00524],[-42.82934,-5.0052],[-42.83037,-5.00691],[-42.82941,-5.00865],[-42.82741,-5.00869]]]}},{"type":"Feature","id":604242080,"properties":{"h3":"898005092d3ffff","bairro":"Res. Conviver","copa":0.3,"verde":36.3,"construido":42.1,"temp":48.7,"urbano":true,"classe":"critica","prioridade":82},"geometry":{"type":"Polygon","coordinates":[[[-42.82142,-5.00881],[-42.82039,-5.00711],[-42.82135,-5.00537],[-42.82335,-5.00533],[-42.82438,-5.00703],[-42.82342,-5.00877],[-42.82142,-5.00881]]]}},{"type":"Feature","id":1987313831,"properties":{"h3":"89800546543ffff","bairro":"Aroeiras","copa":7.2,"verde":59.5,"construido":37.9,"temp":47.7,"urbano":true,"classe":"pouca","prioridade":59},"geometry":{"type":"Polygon","coordinates":[[[-42.79747,-5.0093],[-42.79644,-5.0076],[-42.7974,-5.00585],[-42.7994,-5.00581],[-42.80043,-5.00752],[-42.79947,-5.00926],[-42.79747,-5.0093]]]}},{"type":"Feature","id":1908932775,"properties":{"h3":"89800546097ffff","bairro":"Res. Portal da Esperança","copa":22.5,"verde":59.9,"construido":39.3,"temp":45.0,"urbano":true,"classe":"moderada","prioridade":25},"geometry":{"type":"Polygon","coordinates":[[[-42.79148,-5.00942],[-42.79045,-5.00772],[-42.79141,-5.00598],[-42.79341,-5.00594],[-42.79444,-5.00764],[-42.79348,-5.00938],[-42.79148,-5.00942]]]}},{"type":"Feature","id":1909194919,"properties":{"h3":"8980054609bffff","bairro":"Vila do Avião","copa":32.9,"verde":75.1,"construido":22.1,"temp":43.7,"urbano":false,"classe":"arborizada","prioridade":0},"geometry":{"type":"Polygon","coordinates":[[[-42.7855,-5.00954],[-42.78446,-5.00784],[-42.78543,-5.0061],[-42.78742,-5.00606],[-42.78846,-5.00776],[-42.78749,-5.0095],[-42.7855,-5.00954]]]}},{"type":"Feature","id":1912864935,"properties":{"h3":"898005460d3ffff","bairro":"Vila Meio Norte","copa":15.1,"verde":15.1,"construido":84.9,"temp":45.7,"urbano":true,"classe":"moderada","prioridade":50},"geometry":{"type":"Polygon","coordinates":[[[-42.77951,-5.00966],[-42.77848,-5.00796],[-42.77944,-5.00622],[-42.78144,-5.00618],[-42.78247,-5.00788],[-42.78151,-5.00962],[-42.77951,-5.00966]]]}},{"type":"Feature","id":2011168935,"properties":{"h3":"898005466afffff","bairro":"Parque Morais Sousa","copa":10.9,"verde":21.8,"construido":77.5,"temp":47.7,"urbano":true,"classe":"pouca","prioridade":70},"geometry":{"type":"Polygon","coordinates":[[[-42.77352,-5.00979],[-42.77249,-5.00808],[-42.77345,-5.00634],[-42.77545,-5.0063],[-42.77648,-5.008],[-42.77552,-5.00974],[-42.77352,-5.00979]]]}},{"type":"Feature","id":1013186727,"properties":{"h3":"89800542b33ffff","bairro":"Vila Coruja","copa":76.2,"verde":96.8,"construido":3.2,"temp":null,"urbano":false,"classe":"arborizada","prioridade":0},"geometry":{"type":"Polygon","coordinates":[[[-42.68667,-5.00982],[-42.68563,-5.00812],[-42.6866,-5.00638],[-42.68859,-5.00634],[-42.68962,-5.00804],[-42.68866,-5.00978],[-42.68667,-5.00982]]]}},{"type":"Feature","id":2000158887,"properties":{"h3":"89800546607ffff","bairro":"Tabajaras","copa":7.3,"verde":85.6,"construido":13.8,"temp":46.0,"urbano":false,"classe":"pouca","prioridade":0},"geometry":{"type":"Polygon","coordinates":[[[-42.76753,-5.00991],[-42.7665,-5.0082],[-42.76746,-5.00646],[-42.76946,-5.00642],[-42.77049,-5.00812],[-42.76953,-5.00987],[-42.76753,-5.00991]]]}},{"type":"Feature","id":2000421031,"properties":{"h3":"8980054660bffff","bairro":"Tabajaras","copa":87.6,"verde":91.7,"construido":7.7,"temp":43.0,"urbano":false,"classe":"arborizada","prioridade":0},"geometry":{"type":"Polygon","coordinates":[[[-42.76155,-5.01003],[-42.76051,-5.00833],[-42.76148,-5.00658],[-42.76347,-5.00654],[-42.76451,-5.00825],[-42.76354,-5.00999],[-42.76155,-5.01003]]]}},{"type":"Feature","id":2004091047,"properties":{"h3":"89800546643ffff","bairro":"Vila Nova Socopo","copa":82.4,"verde":96.5,"construido":3.5,"temp":37.5,"urbano":false,"classe":"arborizada","prioridade":0},"geometry":{"type":"Polygon","coordinates":[[[-42.75556,-5.01015],[-42.75453,-5.00845],[-42.75549,-5.00671],[-42.75749,-5.00667],[-42.75852,-5.00837],[-42.75756,-5.01011],[-42.75556,-5.01015]]]}},{"type":"Feature","id":562823328,"properties":{"h3":"8980050905bffff","bairro":"Vila Lindalma Soares","copa":0.0,"verde":72.4,"construido":6.8,"temp":46.8,"urbano":false,"classe":"critica","prioridade":0},"geometry":{"type":"Polygon","coordinates":[[[-42.83643,-5.01023],[-42.83539,-5.00853],[-42.83636,-5.00678],[-42.83835,-5.00674],[-42.83938,-5.00844],[-42.83842,-5.01019],[-42.83643,-5.01023]]]}},{"type":"Feature","id":600047776,"properties":{"h3":"89800509293ffff","bairro":"Parque Brasil","copa":1.1,"verde":67.8,"construido":27.6,"temp":48.3,"urbano":true,"classe":"critica","prioridade":52},"geometry":{"type":"Polygon","coordinates":[[[-42.83044,-5.01035],[-42.82941,-5.00865],[-42.83037,-5.00691],[-42.83236,-5.00686],[-42.8334,-5.00857],[-42.83243,-5.01031],[-42.83044,-5.01035]]]}},{"type":"Feature","id":664797344,"properties":{"h3":"8980050966fffff","bairro":"Conj. Monte Verde","copa":0.5,"verde":18.4,"construido":74.7,"temp":48.2,"urbano":true,"classe":"critica","prioridade":94},"geometry":{"type":"Polygon","coordinates":[[[-42.82445,-5.01047],[-42.82342,-5.00877],[-42.82438,-5.00703],[-42.82638,-5.00699],[-42.82741,-5.00869],[-42.82645,-5.01043],[-42.82445,-5.01047]]]}},{"type":"Feature","id":1993867431,"properties":{"h3":"898005465a7ffff","bairro":"Res. Conviver","copa":2.1,"verde":44.7,"construido":26.1,"temp":46.4,"urbano":true,"classe":"critica","prioridade":42},"geometry":{"type":"Polygon","coordinates":[[[-42.81846,-5.01059],[-42.81743,-5.00889],[-42.81839,-5.00715],[-42.82039,-5.00711],[-42.82142,-5.00881],[-42.82046,-5.01055],[-42.81846,-5.01059]]]}},{"type":"Feature","id":1988624551,"properties":{"h3":"89800546557ffff","bairro":"Res. Paulo de Tarso II","copa":52.1,"verde":76.1,"construido":22.3,"temp":40.0,"urbano":false,"classe":"arborizada","prioridade":0},"geometry":{"type":"Polygon","coordinates":[[[-42.8005,-5.01096],[-42.79947,-5.00926],[-42.80043,-5.00752],[-42.80243,-5.00747],[-42.80346,-5.00918],[-42.8025,-5.01092],[-42.8005,-5.01096]]]}},{"type":"Feature","id":1988886695,"properties":{"h3":"8980054655bffff","bairro":"Nova Teresina","copa":2.1,"verde":43.0,"construido":54.8,"temp":46.2,"urbano":true,"classe":"critica","prioridade":79},"geometry":{"type":"Polygon","coordinates":[[[-42.79451,-5.01108],[-42.79348,-5.00938],[-42.79444,-5.00764],[-42.79644,-5.0076],[-42.79747,-5.0093],[-42.79651,-5.01104],[-42.79451,-5.01108]]]}},{"type":"Feature","id":1908670631,"properties":{"h3":"89800546093ffff","bairro":"Res. Portal da Esperança","copa":19.3,"verde":80.7,"construido":12.1,"temp":45.3,"urbano":false,"classe":"moderada","prioridade":0},"geometry":{"type":"Polygon","coordinates":[[[-42.78853,-5.0112],[-42.78749,-5.0095],[-42.78846,-5.00776],[-42.79045,-5.00772],[-42.79148,-5.00942],[-42.79052,-5.01116],[-42.78853,-5.0112]]]}},{"type":"Feature","id":1973420199,"properties":{"h3":"8980054646fffff","bairro":"Pedra Mole","copa":19.8,"verde":41.4,"construido":58.6,"temp":43.0,"urbano":true,"classe":"moderada","prioridade":26},"geometry":{"type":"Polygon","coordinates":[[[-42.78254,-5.01132],[-42.78151,-5.00962],[-42.78247,-5.00788],[-42.78446,-5.00784],[-42.7855,-5.00954],[-42.78453,-5.01128],[-42.78254,-5.01132]]]}},{"type":"Feature","id":2010644647,"properties":{"h3":"898005466a7ffff","bairro":"Conj. Habitar Brasil (HBB)","copa":10.7,"verde":34.4,"construido":65.6,"temp":46.4,"urbano":true,"classe":"pouca","prioridade":63},"geometry":{"type":"Polygon","coordinates":[[[-42.77655,-5.01145],[-42.77552,-5.00974],[-42.77648,-5.008],[-42.77848,-5.00796],[-42.77951,-5.00966],[-42.77855,-5.01141],[-42.77655,-5.01145]]]}},{"type":"Feature","id":1021313191,"properties":{"h3":"89800542bafffff","bairro":"Vila Coruja","copa":88.5,"verde":91.5,"construido":8.5,"temp":null,"urbano":false,"classe":"arborizada","prioridade":0},"geometry":{"type":"Polygon","coordinates":[[[-42.68969,-5.01148],[-42.68866,-5.00978],[-42.68962,-5.00804],[-42.69162,-5.008],[-42.69265,-5.0097],[-42.69169,-5.01144],[-42.68969,-5.01148]]]}},{"type":"Feature","id":2010906791,"properties":{"h3":"898005466abffff","bairro":"Vila Anita Ferraz","copa":6.7,"verde":69.6,"construido":29.6,"temp":44.9,"urbano":true,"classe":"pouca","prioridade":37},"geometry":{"type":"Polygon","coordinates":[[[-42.77056,-5.01157],[-42.76953,-5.00987],[-42.77049,-5.00812],[-42.77249,-5.00808],[-42.77352,-5.00979],[-42.77256,-5.01153],[-42.77056,-5.01157]]]}},{"type":"Feature","id":1999896743,"properties":{"h3":"89800546603ffff","bairro":"Tabajaras","copa":67.7,"verde":87.7,"construido":12.3,"temp":39.1,"urbano":false,"classe":"arborizada","prioridade":0},"geometry":{"type":"Polygon","coordinates":[[[-42.76458,-5.01169],[-42.76354,-5.00999],[-42.76451,-5.00825],[-42.7665,-5.0082],[-42.76753,-5.00991],[-42.76657,-5.01165],[-42.76458,-5.01169]]]}},{"type":"Feature","id":660603040,"properties":{"h3":"8980050962fffff","bairro":"Vila Lindalma Soares","copa":0.0,"verde":86.7,"construido":10.6,"temp":44.4,"urbano":false,"classe":"critica","prioridade":0},"geometry":{"type":"Polygon","coordinates":[[[-42.83347,-5.01201],[-42.83243,-5.01031],[-42.8334,-5.00857],[-42.83539,-5.00853],[-42.83643,-5.01023],[-42.83546,-5.01197],[-42.83347,-5.01201]]]}},{"type":"Feature","id":664273056,"properties":{"h3":"89800509667ffff","bairro":"Conj. Monte Verde","copa":0.8,"verde":1.9,"construido":98.1,"temp":46.4,"urbano":true,"classe":"critica","prioridade":83},"geometry":{"type":"Polygon","coordinates":[[[-42.82748,-5.01213],[-42.82645,-5.01043],[-42.82741,-5.00869],[-42.82941,-5.00865],[-42.83044,-5.01035],[-42.82948,-5.01209],[-42.82748,-5.01213]]]}},{"type":"Feature","id":664535200,"properties":{"h3":"8980050966bffff","bairro":"Res. Conviver","copa":0.0,"verde":20.9,"construido":49.1,"temp":47.2,"urbano":true,"classe":"critica","prioridade":87},"geometry":{"type":"Polygon","coordinates":[[[-42.82149,-5.01225],[-42.82046,-5.01055],[-42.82142,-5.00881],[-42.82342,-5.00877],[-42.82445,-5.01047],[-42.82349,-5.01221],[-42.82149,-5.01225]]]}},{"type":"Feature","id":1984692391,"properties":{"h3":"8980054651bffff","bairro":"Res. Paulo de Tarso II","copa":78.7,"verde":92.6,"construido":7.4,"temp":41.9,"urbano":false,"classe":"arborizada","prioridade":0},"geometry":{"type":"Polygon","coordinates":[[[-42.80353,-5.01262],[-42.8025,-5.01092],[-42.80346,-5.00918],[-42.80546,-5.00914],[-42.80649,-5.01084],[-42.80553,-5.01258],[-42.80353,-5.01262]]]}},{"type":"Feature","id":1988362407,"properties":{"h3":"89800546553ffff","bairro":"Res. Paulo de Tarso II","copa":0.8,"verde":46.3,"construido":53.7,"temp":45.3,"urbano":true,"classe":"critica","prioridade":77},"geometry":{"type":"Polygon","coordinates":[[[-42.79754,-5.01274],[-42.79651,-5.01104],[-42.79747,-5.0093],[-42.79947,-5.00926],[-42.8005,-5.01096],[-42.79954,-5.0127],[-42.79754,-5.01274]]]}},{"type":"Feature","id":1969225895,"properties":{"h3":"8980054642fffff","bairro":"Res. Portal da Esperança","copa":12.9,"verde":76.9,"construido":22.9,"temp":46.6,"urbano":false,"classe":"moderada","prioridade":0},"geometry":{"type":"Polygon","coordinates":[[[-42.79156,-5.01286],[-42.79052,-5.01116],[-42.79148,-5.00942],[-42.79348,-5.00938],[-42.79451,-5.01108],[-42.79355,-5.01282],[-42.79156,-5.01286]]]}},{"type":"Feature","id":1972895911,"properties":{"h3":"89800546467ffff","bairro":"Vila do Avião","copa":16.6,"verde":51.5,"construido":48.5,"temp":44.8,"urbano":true,"classe":"moderada","prioridade":41},"geometry":{"type":"Polygon","coordinates":[[[-42.78557,-5.01299],[-42.78453,-5.01128],[-42.7855,-5.00954],[-42.78749,-5.0095],[-42.78853,-5.0112],[-42.78756,-5.01295],[-42.78557,-5.01299]]]}},{"type":"Feature","id":1973158055,"properties":{"h3":"8980054646bffff","bairro":"Pedra Mole","copa":22.1,"verde":32.5,"construido":67.5,"temp":45.2,"urbano":true,"classe":"moderada","prioridade":34},"geometry":{"type":"Polygon","coordinates":[[[-42.77958,-5.01311],[-42.77855,-5.01141],[-42.77951,-5.00966],[-42.78151,-5.00962],[-42.78254,-5.01132],[-42.78158,-5.01307],[-42.77958,-5.01311]]]}},{"type":"Feature","id":2010382503,"properties":{"h3":"898005466a3ffff","bairro":"Conj. Habitar Brasil (HBB)","copa":11.6,"verde":15.4,"construido":84.3,"temp":45.2,"urbano":true,"classe":"pouca","prioridade":54},"geometry":{"type":"Polygon","coordinates":[[[-42.77359,-5.01323],[-42.77256,-5.01153],[-42.77352,-5.00979],[-42.77552,-5.00974],[-42.77655,-5.01145],[-42.77559,-5.01319],[-42.77359,-5.01323]]]}},{"type":"Feature","id":2001207463,"properties":{"h3":"89800546617ffff","bairro":"Tabajaras","copa":34.4,"verde":82.5,"construido":17.2,"temp":44.4,"urbano":false,"classe":"arborizada","prioridade":0},"geometry":{"type":"Polygon","coordinates":[[[-42.7676,-5.01335],[-42.76657,-5.01165],[-42.76753,-5.00991],[-42.76953,-5.00987],[-42.77056,-5.01157],[-42.7696,-5.01331],[-42.7676,-5.01335]]]}},{"type":"Feature","id":2001469607,"properties":{"h3":"8980054661bffff","bairro":"Socopinho","copa":79.0,"verde":84.0,"construido":15.4,"temp":40.7,"urbano":false,"classe":"arborizada","prioridade":0},"geometry":{"type":"Polygon","coordinates":[[[-42.76162,-5.01347],[-42.76058,-5.01177],[-42.76155,-5.01003],[-42.76354,-5.00999],[-42.76458,-5.01169],[-42.76361,-5.01343],[-42.76162,-5.01347]]]}},{"type":"Feature","id":660340896,"properties":{"h3":"8980050962bffff","bairro":"Vila Lindalma Soares","copa":0.3,"verde":72.8,"construido":27.2,"temp":47.2,"urbano":true,"classe":"critica","prioridade":48},"geometry":{"type":"Polygon","coordinates":[[[-42.83051,-5.01379],[-42.82948,-5.01209],[-42.83044,-5.01035],[-42.83243,-5.01031],[-42.83347,-5.01201],[-42.8325,-5.01375],[-42.83051,-5.01379]]]}},{"type":"Feature","id":664010912,"properties":{"h3":"89800509663ffff","bairro":"Conj. Monte Verde","copa":7.2,"verde":56.0,"construido":40.0,"temp":45.7,"urbano":true,"classe":"pouca","prioridade":53},"geometry":{"type":"Polygon","coordinates":[[[-42.82452,-5.01392],[-42.82349,-5.01221],[-42.82445,-5.01047],[-42.82645,-5.01043],[-42.82748,-5.01213],[-42.82652,-5.01387],[-42.82452,-5.01392]]]}},{"type":"Feature","id":1994916007,"properties":{"h3":"898005465b7ffff","bairro":"Res. Conviver","copa":27.0,"verde":74.4,"construido":13.8,"temp":44.4,"urbano":false,"classe":"arborizada","prioridade":0},"geometry":{"type":"Polygon","coordinates":[[[-42.81853,-5.01404],[-42.8175,-5.01234],[-42.81846,-5.01059],[-42.82046,-5.01055],[-42.82149,-5.01225],[-42.82053,-5.014],[-42.81853,-5.01404]]]}},{"type":"Feature","id":1995178151,"properties":{"h3":"898005465bbffff","bairro":"Alegre","copa":70.2,"verde":95.4,"construido":4.6,"temp":43.3,"urbano":false,"classe":"arborizada","prioridade":0},"geometry":{"type":"Polygon","coordinates":[[[-42.81255,-5.01416],[-42.81151,-5.01246],[-42.81248,-5.01072],[-42.81447,-5.01067],[-42.81551,-5.01238],[-42.81454,-5.01412],[-42.81255,-5.01416]]]}},{"type":"Feature","id":1996488871,"properties":{"h3":"898005465cfffff","bairro":"Res. Paulo de Tarso II","copa":22.0,"verde":76.3,"construido":18.5,"temp":46.2,"urbano":false,"classe":"moderada","prioridade":0},"geometry":{"type":"Polygon","coordinates":[[[-42.80057,-5.0144],[-42.79954,-5.0127],[-42.8005,-5.01096],[-42.8025,-5.01092],[-42.80353,-5.01262],[-42.80257,-5.01436],[-42.80057,-5.0144]]]}},{"type":"Feature","id":1968701607,"properties":{"h3":"89800546427ffff","bairro":"Nova Teresina","copa":0.0,"verde":10.1,"construido":89.9,"temp":47.4,"urbano":true,"classe":"critica","prioridade":90},"geometry":{"type":"Polygon","coordinates":[[[-42.79458,-5.01452],[-42.79355,-5.01282],[-42.79451,-5.01108],[-42.79651,-5.01104],[-42.79754,-5.01274],[-42.79658,-5.01448],[-42.79458,-5.01452]]]}},{"type":"Feature","id":1972633767,"properties":{"h3":"89800546463ffff","bairro":"Pedra Mole","copa":26.1,"verde":88.0,"construido":12.0,"temp":44.2,"urbano":false,"classe":"arborizada","prioridade":0},"geometry":{"type":"Polygon","coordinates":[[[-42.78261,-5.01477],[-42.78158,-5.01307],[-42.78254,-5.01132],[-42.78453,-5.01128],[-42.78557,-5.01299],[-42.7846,-5.01473],[-42.78261,-5.01477]]]}},{"type":"Feature","id":2011693223,"properties":{"h3":"898005466b7ffff","bairro":"Conj. Habitar Brasil (HBB)","copa":24.2,"verde":32.3,"construido":67.7,"temp":45.6,"urbano":true,"classe":"moderada","prioridade":32},"geometry":{"type":"Polygon","coordinates":[[[-42.77662,-5.01489],[-42.77559,-5.01319],[-42.77655,-5.01145],[-42.77855,-5.01141],[-42.77958,-5.01311],[-42.77862,-5.01485],[-42.77662,-5.01489]]]}},{"type":"Feature","id":2011955367,"properties":{"h3":"898005466bbffff","bairro":"Conj. Cidade Jardim","copa":6.8,"verde":21.2,"construido":78.8,"temp":45.3,"urbano":true,"classe":"pouca","prioridade":65},"geometry":{"type":"Polygon","coordinates":[[[-42.77063,-5.01501],[-42.7696,-5.01331],[-42.77056,-5.01157],[-42.77256,-5.01153],[-42.77359,-5.01323],[-42.77263,-5.01497],[-42.77063,-5.01501]]]}},{"type":"Feature","id":1020526759,"properties":{"h3":"89800542ba3ffff","bairro":"Vila Coruja","copa":88.0,"verde":95.5,"construido":4.5,"temp":null,"urbano":false,"classe":"arborizada","prioridade":0},"geometry":{"type":"Polygon","coordinates":[[[-42.68976,-5.01493],[-42.68873,-5.01322],[-42.68969,-5.01148],[-42.69169,-5.01144],[-42.69272,-5.01314],[-42.69176,-5.01489],[-42.68976,-5.01493]]]}},{"type":"Feature","id":2000945319,"properties":{"h3":"89800546613ffff","bairro":"Socopinho","copa":60.9,"verde":83.0,"construido":17.0,"temp":41.4,"urbano":false,"classe":"arborizada","prioridade":0},"geometry":{"type":"Polygon","coordinates":[[[-42.76465,-5.01513],[-42.76361,-5.01343],[-42.76458,-5.01169],[-42.76657,-5.01165],[-42.7676,-5.01335],[-42.76664,-5.01509],[-42.76465,-5.01513]]]}},{"type":"Feature","id":659816608,"properties":{"h3":"89800509623ffff","bairro":"Vila Lindalma Soares","copa":0.0,"verde":72.1,"construido":13.8,"temp":47.2,"urbano":false,"classe":"critica","prioridade":0},"geometry":{"type":"Polygon","coordinates":[[[-42.83354,-5.01545],[-42.8325,-5.01375],[-42.83347,-5.01201],[-42.83546,-5.01197],[-42.8365,-5.01367],[-42.83553,-5.01541],[-42.83354,-5.01545]]]}},{"type":"Feature","id":665321632,"properties":{"h3":"89800509677ffff","bairro":"Conj. Monte Verde","copa":0.8,"verde":3.2,"construido":96.8,"temp":47.7,"urbano":true,"classe":"critica","prioridade":90},"geometry":{"type":"Polygon","coordinates":[[[-42.82755,-5.01558],[-42.82652,-5.01387],[-42.82748,-5.01213],[-42.82948,-5.01209],[-42.83051,-5.01379],[-42.82955,-5.01554],[-42.82755,-5.01558]]]}},{"type":"Feature","id":665583776,"properties":{"h3":"8980050967bffff","bairro":"Res. Conviver","copa":69.1,"verde":96.1,"construido":3.6,"temp":38.7,"urbano":false,"classe":"arborizada","prioridade":0},"geometry":{"type":"Polygon","coordinates":[[[-42.82156,-5.0157],[-42.82053,-5.014],[-42.82149,-5.01225],[-42.82349,-5.01221],[-42.82452,-5.01392],[-42.82356,-5.01566],[-42.82156,-5.0157]]]}},{"type":"Feature","id":1996226727,"properties":{"h3":"898005465cbffff","bairro":"Nova Teresina","copa":15.8,"verde":43.2,"construido":56.0,"temp":43.8,"urbano":true,"classe":"moderada","prioridade":39},"geometry":{"type":"Polygon","coordinates":[[[-42.79761,-5.01619],[-42.79658,-5.01448],[-42.79754,-5.01274],[-42.79954,-5.0127],[-42.80057,-5.0144],[-42.79961,-5.01615],[-42.79761,-5.01619]]]}},{"type":"Feature","id":1968439463,"properties":{"h3":"89800546423ffff","bairro":"Nova Teresina","copa":16.8,"verde":53.9,"construido":46.1,"temp":45.9,"urbano":true,"classe":"moderada","prioridade":44},"geometry":{"type":"Polygon","coordinates":[[[-42.79163,-5.01631],[-42.79059,-5.01461],[-42.79156,-5.01286],[-42.79355,-5.01282],[-42.79458,-5.01452],[-42.79362,-5.01627],[-42.79163,-5.01631]]]}},{"type":"Feature","id":1973944487,"properties":{"h3":"89800546477ffff","bairro":"Vila do Avião","copa":27.5,"verde":49.9,"construido":50.1,"temp":46.8,"urbano":true,"classe":"arborizada","prioridade":32},"geometry":{"type":"Polygon","coordinates":[[[-42.78564,-5.01643],[-42.7846,-5.01473],[-42.78557,-5.01299],[-42.78756,-5.01295],[-42.7886,-5.01465],[-42.78763,-5.01639],[-42.78564,-5.01643]]]}},{"type":"Feature","id":1974206631,"properties":{"h3":"8980054647bffff","bairro":"Vila Paraíso","copa":21.6,"verde":32.6,"construido":60.5,"temp":47.8,"urbano":true,"classe":"moderada","prioridade":50},"geometry":{"type":"Polygon","coordinates":[[[-42.77965,-5.01655],[-42.77862,-5.01485],[-42.77958,-5.01311],[-42.78158,-5.01307],[-42.78261,-5.01477],[-42.78165,-5.01651],[-42.77965,-5.01655]]]}},{"type":"Feature","id":2011431079,"properties":{"h3":"898005466b3ffff","bairro":"Conj. Cidade Jardim","copa":7.6,"verde":10.3,"construido":89.7,"temp":46.3,"urbano":true,"classe":"pouca","prioridade":69},"geometry":{"type":"Polygon","coordinates":[[[-42.77366,-5.01667],[-42.77263,-5.01497],[-42.77359,-5.01323],[-42.77559,-5.01319],[-42.77662,-5.01489],[-42.77566,-5.01663],[-42.77366,-5.01667]]]}},{"type":"Feature","id":1021837479,"properties":{"h3":"89800542bb7ffff","bairro":"Vila Coruja","copa":82.7,"verde":96.0,"construido":4.0,"temp":null,"urbano":false,"classe":"arborizada","prioridade":0},"geometry":{"type":"Polygon","coordinates":[[[-42.69279,-5.01659],[-42.69176,-5.01489],[-42.69272,-5.01314],[-42.69472,-5.0131],[-42.69575,-5.01481],[-42.69479,-5.01655],[-42.69279,-5.01659]]]}},{"type":"Feature","id":2009071783,"properties":{"h3":"8980054668fffff","bairro":"Socopinho","copa":54.1,"verde":93.3,"construido":6.4,"temp":40.4,"urbano":false,"classe":"arborizada","prioridade":0},"geometry":{"type":"Polygon","coordinates":[[[-42.76767,-5.01679],[-42.76664,-5.01509],[-42.7676,-5.01335],[-42.7696,-5.01331],[-42.77063,-5.01501],[-42.76967,-5.01675],[-42.76767,-5.01679]]]}},{"type":"Feature","id":2012741799,"properties":{"h3":"898005466c7ffff","bairro":"Socopinho","copa":28.8,"verde":91.2,"construido":8.8,"temp":43.8,"urbano":false,"classe":"arborizada","prioridade":0},"geometry":{"type":"Polygon","coordinates":[[[-42.76169,-5.01692],[-42.76065,-5.01521],[-42.76162,-5.01347],[-42.76361,-5.01343],[-42.76465,-5.01513],[-42.76368,-5.01688],[-42.76169,-5.01692]]]}},{"type":"Feature","id":661389472,"properties":{"h3":"8980050963bffff","bairro":"Vila Lindalma Soares","copa":1.6,"verde":80.6,"construido":18.9,"temp":44.0,"urbano":false,"classe":"critica","prioridade":0},"geometry":{"type":"Polygon","coordinates":[[[-42.83058,-5.01724],[-42.82955,-5.01554],[-42.83051,-5.01379],[-42.8325,-5.01375],[-42.83354,-5.01545],[-42.83258,-5.0172],[-42.83058,-5.01724]]]}},{"type":"Feature","id":665059488,"properties":{"h3":"89800509673ffff","bairro":"Res. Conviver","copa":42.7,"verde":90.6,"construido":9.4,"temp":43.2,"urbano":false,"classe":"arborizada","prioridade":0},"geometry":{"type":"Polygon","coordinates":[[[-42.82459,-5.01736],[-42.82356,-5.01566],[-42.82452,-5.01392],[-42.82652,-5.01387],[-42.82755,-5.01558],[-42.82659,-5.01732],[-42.82459,-5.01736]]]}},{"type":"Feature","id":1995702439,"properties":{"h3":"898005465c3ffff","bairro":"Res. Paulo de Tarso II","copa":45.8,"verde":88.8,"construido":8.4,"temp":43.9,"urbano":false,"classe":"arborizada","prioridade":0},"geometry":{"type":"Polygon","coordinates":[[[-42.80064,-5.01785],[-42.79961,-5.01615],[-42.80057,-5.0144],[-42.80257,-5.01436],[-42.8036,-5.01606],[-42.80264,-5.01781],[-42.80064,-5.01785]]]}},{"type":"Feature","id":1969750183,"properties":{"h3":"89800546437ffff","bairro":"Nova Teresina","copa":3.2,"verde":9.4,"construido":90.6,"temp":44.8,"urbano":true,"classe":"critica","prioridade":69},"geometry":{"type":"Polygon","coordinates":[[[-42.79465,-5.01797],[-42.79362,-5.01627],[-42.79458,-5.01452],[-42.79658,-5.01448],[-42.79761,-5.01619],[-42.79665,-5.01793],[-42.79465,-5.01797]]]}},{"type":"Feature","id":100401320,"properties":{"h3":"898005474cbffff","bairro":"Vila Coruja","copa":65.7,"verde":96.5,"construido":3.3,"temp":null,"urbano":false,"classe":"arborizada","prioridade":0},"geometry":{"type":"Polygon","coordinates":[[[-42.71379,-5.01789],[-42.71275,-5.01618],[-42.71372,-5.01444],[-42.71571,-5.0144],[-42.71674,-5.0161],[-42.71578,-5.01785],[-42.71379,-5.01789]]]}},{"type":"Feature","id":1970012327,"properties":{"h3":"8980054643bffff","bairro":"Vila do Avião","copa":28.0,"verde":66.1,"construido":33.6,"temp":45.0,"urbano":true,"classe":"arborizada","prioridade":14},"geometry":{"type":"Polygon","coordinates":[[[-42.78867,-5.01809],[-42.78763,-5.01639],[-42.7886,-5.01465],[-42.79059,-5.01461],[-42.79163,-5.01631],[-42.79066,-5.01805],[-42.78867,-5.01809]]]}},{"type":"Feature","id":1971323047,"properties":{"h3":"8980054644fffff","bairro":"Vila Paraíso","copa":12.7,"verde":14.6,"construido":84.9,"temp":46.1,"urbano":true,"classe":"moderada","prioridade":58},"geometry":{"type":"Polygon","coordinates":[[[-42.77669,-5.01833],[-42.77566,-5.01663],[-42.77662,-5.01489],[-42.77862,-5.01485],[-42.77965,-5.01655],[-42.77869,-5.01829],[-42.77669,-5.01833]]]}},{"type":"Feature","id":2008547495,"properties":{"h3":"89800546687ffff","bairro":"Conj. Cidade Jardim","copa":32.6,"verde":39.3,"construido":60.7,"temp":44.4,"urbano":true,"classe":"arborizada","prioridade":14},"geometry":{"type":"Polygon","coordinates":[[[-42.7707,-5.01846],[-42.76967,-5.01675],[-42.77063,-5.01501],[-42.77263,-5.01497],[-42.77366,-5.01667],[-42.7727,-5.01842],[-42.7707,-5.01846]]]}},{"type":"Feature","id":660865184,"properties":{"h3":"89800509633ffff","bairro":"Vila Lindalma Soares","copa":0.0,"verde":60.1,"construido":16.4,"temp":49.7,"urbano":false,"classe":"critica","prioridade":0},"geometry":{"type":"Polygon","coordinates":[[[-42.83361,-5.0189],[-42.83258,-5.0172],[-42.83354,-5.01545],[-42.83553,-5.01541],[-42.83657,-5.01711],[-42.8356,-5.01886],[-42.83361,-5.0189]]]}},{"type":"Feature","id":658505888,"properties":{"h3":"8980050960fffff","bairro":"Santa Rosa","copa":18.1,"verde":93.2,"construido":6.8,"temp":46.4,"urbano":false,"classe":"moderada","prioridade":0},"geometry":{"type":"Polygon","coordinates":[[[-42.82762,-5.01902],[-42.82659,-5.01732],[-42.82755,-5.01558],[-42.82955,-5.01554],[-42.83058,-5.01724],[-42.82962,-5.01898],[-42.82762,-5.01902]]]}},{"type":"Feature","id":1997275303,"properties":{"h3":"898005465dbffff","bairro":"Nova Teresina","copa":74.2,"verde":90.7,"construido":9.3,"temp":37.1,"urbano":false,"classe":"arborizada","prioridade":0},"geometry":{"type":"Polygon","coordinates":[[[-42.79768,-5.01963],[-42.79665,-5.01793],[-42.79761,-5.01619],[-42.79961,-5.01615],[-42.80064,-5.01785],[-42.79968,-5.01959],[-42.79768,-5.01963]]]}},{"type":"Feature","id":1969488039,"properties":{"h3":"89800546433ffff","bairro":"Nova Teresina","copa":37.2,"verde":68.7,"construido":28.6,"temp":43.7,"urbano":true,"classe":"arborizada","prioridade":6},"geometry":{"type":"Polygon","coordinates":[[[-42.7917,-5.01975],[-42.79066,-5.01805],[-42.79163,-5.01631],[-42.79362,-5.01627],[-42.79465,-5.01797],[-42.79369,-5.01971],[-42.7917,-5.01975]]]}},{"type":"Feature","id":1967128743,"properties":{"h3":"8980054640fffff","bairro":"Vila do Avião","copa":32.0,"verde":86.2,"construido":13.8,"temp":42.0,"urbano":false,"classe":"arborizada","prioridade":0},"geometry":{"type":"Polygon","coordinates":[[[-42.78571,-5.01987],[-42.78467,-5.01817],[-42.78564,-5.01643],[-42.78763,-5.01639],[-42.78867,-5.01809],[-42.7877,-5.01983],[-42.78571,-5.01987]]]}},{"type":"Feature","id":1970798759,"properties":{"h3":"89800546447ffff","bairro":"Conj. Pedra Mole","copa":9.9,"verde":37.2,"construido":50.5,"temp":46.4,"urbano":true,"classe":"pouca","prioridade":65},"geometry":{"type":"Polygon","coordinates":[[[-42.77972,-5.02],[-42.77869,-5.01829],[-42.77965,-5.01655],[-42.78165,-5.01651],[-42.78268,-5.01821],[-42.78172,-5.01995],[-42.77972,-5.02]]]}},{"type":"Feature","id":1971060903,"properties":{"h3":"8980054644bffff","bairro":"Conj. Cidade Jardim","copa":25.1,"verde":31.7,"construido":67.2,"temp":44.0,"urbano":true,"classe":"arborizada","prioridade":21},"geometry":{"type":"Polygon","coordinates":[[[-42.77373,-5.02012],[-42.7727,-5.01842],[-42.77366,-5.01667],[-42.77566,-5.01663],[-42.77669,-5.01833],[-42.77573,-5.02008],[-42.77373,-5.02012]]]}},{"type":"Feature","id":2008285351,"properties":{"h3":"89800546683ffff","bairro":"Conj. Cidade Jardim","copa":83.8,"verde":89.5,"construido":9.7,"temp":39.6,"urbano":false,"classe":"arborizada","prioridade":0},"geometry":{"type":"Polygon","coordinates":[[[-42.76774,-5.02024],[-42.76671,-5.01854],[-42.76767,-5.01679],[-42.76967,-5.01675],[-42.7707,-5.01846],[-42.76974,-5.0202],[-42.76774,-5.02024]]]}},{"type":"Feature","id":1816133801,"properties":{"h3":"89800555b0fffff","bairro":"Res. Sigefredo Pachêco II","copa":40.4,"verde":52.0,"construido":46.3,"temp":43.3,"urbano":true,"classe":"arborizada","prioridade":7},"geometry":{"type":"Polygon","coordinates":[[[-42.74379,-5.02072],[-42.74276,-5.01902],[-42.74372,-5.01728],[-42.74572,-5.01724],[-42.74675,-5.01894],[-42.74579,-5.02068],[-42.74379,-5.02072]]]}},{"type":"Feature","id":1819803817,"properties":{"h3":"89800555b47ffff","bairro":"Res. Sigefredo Pachêco II","copa":53.0,"verde":94.3,"construido":4.9,"temp":42.4,"urbano":false,"classe":"arborizada","prioridade":0},"geometry":{"type":"Polygon","coordinates":[[[-42.73781,-5.02085],[-42.73677,-5.01914],[-42.73774,-5.0174],[-42.73973,-5.01736],[-42.74077,-5.01906],[-42.7398,-5.02081],[-42.73781,-5.02085]]]}},{"type":"Feature","id":1992818855,"properties":{"h3":"89800546597ffff","bairro":"Res. São José","copa":25.5,"verde":58.5,"construido":39.3,"temp":47.4,"urbano":true,"classe":"arborizada","prioridade":31},"geometry":{"type":"Polygon","coordinates":[[[-42.81269,-5.02105],[-42.81165,-5.01935],[-42.81262,-5.0176],[-42.81461,-5.01756],[-42.81565,-5.01926],[-42.81468,-5.02101],[-42.81269,-5.02105]]]}},{"type":"Feature","id":1993080999,"properties":{"h3":"8980054659bffff","bairro":"Mocambinho - Setor B","copa":46.0,"verde":71.5,"construido":28.5,"temp":41.9,"urbano":true,"classe":"arborizada","prioridade":0},"geometry":{"type":"Polygon","coordinates":[[[-42.8067,-5.02117],[-42.80567,-5.01947],[-42.80663,-5.01773],[-42.80863,-5.01768],[-42.80966,-5.01939],[-42.8087,-5.02113],[-42.8067,-5.02117]]]}},{"type":"Feature","id":1996751015,"properties":{"h3":"898005465d3ffff","bairro":"Conj. Santa Sofia","copa":67.2,"verde":89.5,"construido":8.0,"temp":42.0,"urbano":false,"classe":"arborizada","prioridade":0},"geometry":{"type":"Polygon","coordinates":[[[-42.80071,-5.02129],[-42.79968,-5.01959],[-42.80064,-5.01785],[-42.80264,-5.01781],[-42.80367,-5.01951],[-42.80271,-5.02125],[-42.80071,-5.02129]]]}},{"type":"Feature","id":1966604455,"properties":{"h3":"89800546407ffff","bairro":"Vila do Avião","copa":62.5,"verde":80.3,"construido":17.8,"temp":39.2,"urbano":false,"classe":"arborizada","prioridade":0},"geometry":{"type":"Polygon","coordinates":[[[-42.78874,-5.02153],[-42.7877,-5.01983],[-42.78867,-5.01809],[-42.79066,-5.01805],[-42.7917,-5.01975],[-42.79073,-5.02149],[-42.78874,-5.02153]]]}},{"type":"Feature","id":1966866599,"properties":{"h3":"8980054640bffff","bairro":"Conj. Pedra Mole","copa":62.8,"verde":73.0,"construido":9.1,"temp":43.6,"urbano":false,"classe":"arborizada","prioridade":0},"geometry":{"type":"Polygon","coordinates":[[[-42.78275,-5.02166],[-42.78172,-5.01995],[-42.78268,-5.01821],[-42.78467,-5.01817],[-42.78571,-5.01987],[-42.78475,-5.02162],[-42.78275,-5.02166]]]}},{"type":"Feature","id":1970536615,"properties":{"h3":"89800546443ffff","bairro":"Conj. Pedra Mole","copa":33.1,"verde":48.0,"construido":51.2,"temp":45.1,"urbano":true,"classe":"arborizada","prioridade":17},"geometry":{"type":"Polygon","coordinates":[[[-42.77676,-5.02178],[-42.77573,-5.02008],[-42.77669,-5.01833],[-42.77869,-5.01829],[-42.77972,-5.02],[-42.77876,-5.02174],[-42.77676,-5.02178]]]}},{"type":"Feature","id":2009596071,"properties":{"h3":"89800546697ffff","bairro":"Cidade Jardim","copa":53.5,"verde":70.2,"construido":28.8,"temp":40.5,"urbano":true,"classe":"arborizada","prioridade":0},"geometry":{"type":"Polygon","coordinates":[[[-42.77077,-5.0219],[-42.76974,-5.0202],[-42.7707,-5.01846],[-42.7727,-5.01842],[-42.77373,-5.02012],[-42.77277,-5.02186],[-42.77077,-5.0219]]]}},{"type":"Feature","id":668729504,"properties":{"h3":"898005096abffff","bairro":"Santa Rosa","copa":3.0,"verde":51.6,"construido":6.8,"temp":52.5,"urbano":false,"classe":"critica","prioridade":0},"geometry":{"type":"Polygon","coordinates":[[[-42.83368,-5.02234],[-42.83265,-5.02064],[-42.83361,-5.0189],[-42.8356,-5.01886],[-42.83664,-5.02056],[-42.83567,-5.0223],[-42.83368,-5.02234]]]}},{"type":"Feature","id":1815609513,"properties":{"h3":"89800555b07ffff","bairro":"Lot. Vicente Pachêco (VIPAC)","copa":12.3,"verde":90.4,"construido":4.9,"temp":47.6,"urbano":false,"classe":"moderada","prioridade":0},"geometry":{"type":"Polygon","coordinates":[[[-42.74682,-5.02239],[-42.74579,-5.02068],[-42.74675,-5.01894],[-42.74875,-5.0189],[-42.74978,-5.0206],[-42.74882,-5.02234],[-42.74682,-5.02239]]]}},{"type":"Feature","id":1815871657,"properties":{"h3":"89800555b0bffff","bairro":"Res. Sigefredo Pachêco II","copa":2.2,"verde":27.2,"construido":72.3,"temp":45.3,"urbano":true,"classe":"critica","prioridade":74},"geometry":{"type":"Polygon","coordinates":[[[-42.74084,-5.02251],[-42.7398,-5.02081],[-42.74077,-5.01906],[-42.74276,-5.01902],[-42.74379,-5.02072],[-42.74283,-5.02247],[-42.74084,-5.02251]]]}},{"type":"Feature","id":1819541673,"properties":{"h3":"89800555b43ffff","bairro":"Cláudio Pachêco II","copa":67.7,"verde":93.9,"construido":3.2,"temp":null,"urbano":false,"classe":"arborizada","prioridade":0},"geometry":{"type":"Polygon","coordinates":[[[-42.73485,-5.02263],[-42.73381,-5.02093],[-42.73478,-5.01918],[-42.73677,-5.01914],[-42.73781,-5.02085],[-42.73684,-5.02259],[-42.73485,-5.02263]]]}},{"type":"Feature","id":663486624,"properties":{"h3":"8980050965bffff","bairro":"Res. São José","copa":12.9,"verde":35.7,"construido":62.4,"temp":45.2,"urbano":true,"classe":"moderada","prioridade":52},"geometry":{"type":"Polygon","coordinates":[[[-42.81572,-5.02271],[-42.81468,-5.02101],[-42.81565,-5.01926],[-42.81764,-5.01922],[-42.81867,-5.02092],[-42.81771,-5.02267],[-42.81572,-5.02271]]]}},{"type":"Feature","id":1992556711,"properties":{"h3":"89800546593ffff","bairro":"Mocambinho - Setor B","copa":0.0,"verde":2.2,"construido":97.8,"temp":46.2,"urbano":true,"classe":"critica","prioridade":84},"geometry":{"type":"Polygon","coordinates":[[[-42.80973,-5.02283],[-42.8087,-5.02113],[-42.80966,-5.01939],[-42.81165,-5.01935],[-42.81269,-5.02105],[-42.81172,-5.02279],[-42.80973,-5.02283]]]}},{"type":"Feature","id":1553989801,"properties":{"h3":"89800554b6fffff","bairro":"Conj. Santa Sofia","copa":39.1,"verde":51.6,"construido":48.4,"temp":43.7,"urbano":true,"classe":"arborizada","prioridade":9},"geometry":{"type":"Polygon","coordinates":[[[-42.80374,-5.02295],[-42.80271,-5.02125],[-42.80367,-5.01951],[-42.80567,-5.01947],[-42.8067,-5.02117],[-42.80574,-5.02291],[-42.80374,-5.02295]]]}},{"type":"Feature","id":1966342311,"properties":{"h3":"89800546403ffff","bairro":"Conj. Pedra Mole","copa":36.7,"verde":80.6,"construido":18.6,"temp":47.0,"urbano":false,"classe":"arborizada","prioridade":0},"geometry":{"type":"Polygon","coordinates":[[[-42.78578,-5.02332],[-42.78475,-5.02162],[-42.78571,-5.01987],[-42.7877,-5.01983],[-42.78874,-5.02153],[-42.78777,-5.02328],[-42.78578,-5.02332]]]}},{"type":"Feature","id":1971847335,"properties":{"h3":"89800546457ffff","bairro":"Conj. Pedra Mole","copa":29.4,"verde":40.6,"construido":50.9,"temp":45.1,"urbano":true,"classe":"arborizada","prioridade":19},"geometry":{"type":"Polygon","coordinates":[[[-42.77979,-5.02344],[-42.77876,-5.02174],[-42.77972,-5.02],[-42.78172,-5.01995],[-42.78275,-5.02166],[-42.78179,-5.0234],[-42.77979,-5.02344]]]}},{"type":"Feature","id":1972109479,"properties":{"h3":"8980054645bffff","bairro":"Cidade Jardim","copa":51.2,"verde":75.1,"construido":24.9,"temp":43.6,"urbano":false,"classe":"arborizada","prioridade":0},"geometry":{"type":"Polygon","coordinates":[[[-42.7738,-5.02356],[-42.77277,-5.02186],[-42.77373,-5.02012],[-42.77573,-5.02008],[-42.77676,-5.02178],[-42.7758,-5.02352],[-42.7738,-5.02356]]]}},{"type":"Feature","id":2009333927,"properties":{"h3":"89800546693ffff","bairro":"Cidade Jardim","copa":58.6,"verde":76.4,"construido":22.5,"temp":43.1,"urbano":false,"classe":"arborizada","prioridade":0},"geometry":{"type":"Polygon","coordinates":[[[-42.76782,-5.02368],[-42.76678,-5.02198],[-42.76774,-5.02024],[-42.76974,-5.0202],[-42.77077,-5.0219],[-42.76981,-5.02364],[-42.76782,-5.02368]]]}},{"type":"Feature","id":1788870825,"properties":{"h3":"8980055596fffff","bairro":"Socopinho","copa":89.3,"verde":91.7,"construido":8.3,"temp":39.1,"urbano":false,"classe":"arborizada","prioridade":0},"geometry":{"type":"Polygon","coordinates":[[[-42.76183,-5.0238],[-42.76079,-5.0221],[-42.76176,-5.02036],[-42.76375,-5.02032],[-42.76479,-5.02202],[-42.76382,-5.02376],[-42.76183,-5.0238]]]}},{"type":"Feature","id":659030176,"properties":{"h3":"89800509617ffff","bairro":"Santa Rosa","copa":0.0,"verde":16.8,"construido":7.2,"temp":53.3,"urbano":false,"classe":"critica","prioridade":0},"geometry":{"type":"Polygon","coordinates":[[[-42.83072,-5.02412],[-42.82969,-5.02242],[-42.83065,-5.02068],[-42.83265,-5.02064],[-42.83368,-5.02234],[-42.83272,-5.02408],[-42.83072,-5.02412]]]}},{"type":"Feature","id":1815347369,"properties":{"h3":"89800555b03ffff","bairro":"Res. Sigefredo Pachêco II","copa":1.9,"verde":11.3,"construido":82.3,"temp":45.8,"urbano":true,"classe":"critica","prioridade":78},"geometry":{"type":"Polygon","coordinates":[[[-42.74386,-5.02417],[-42.74283,-5.02247],[-42.74379,-5.02072],[-42.74579,-5.02068],[-42.74682,-5.02239],[-42.74586,-5.02413],[-42.74386,-5.02417]]]}},{"type":"Feature","id":1820852393,"properties":{"h3":"89800555b57ffff","bairro":"Res. Sigefredo Pachêco I","copa":31.1,"verde":51.6,"construido":47.1,"temp":44.6,"urbano":true,"classe":"arborizada","prioridade":13},"geometry":{"type":"Polygon","coordinates":[[[-42.73788,-5.02429],[-42.73684,-5.02259],[-42.73781,-5.02085],[-42.7398,-5.02081],[-42.74084,-5.02251],[-42.73987,-5.02425],[-42.73788,-5.02429]]]}},{"type":"Feature","id":662962336,"properties":{"h3":"89800509653ffff","bairro":"Res. São José","copa":15.7,"verde":74.5,"construido":25.5,"temp":40.6,"urbano":true,"classe":"moderada","prioridade":15},"geometry":{"type":"Polygon","coordinates":[[[-42.81874,-5.02437],[-42.81771,-5.02267],[-42.81867,-5.02092],[-42.82067,-5.02088],[-42.8217,-5.02259],[-42.82074,-5.02433],[-42.81874,-5.02437]]]}},{"type":"Feature","id":1549795497,"properties":{"h3":"89800554b2fffff","bairro":"Res. São José","copa":4.8,"verde":6.1,"construido":93.9,"temp":45.5,"urbano":true,"classe":"critica","prioridade":70},"geometry":{"type":"Polygon","coordinates":[[[-42.81276,-5.02449],[-42.81172,-5.02279],[-42.81269,-5.02105],[-42.81468,-5.02101],[-42.81572,-5.02271],[-42.81475,-5.02445],[-42.81276,-5.02449]]]}},{"type":"Feature","id":1821114537,"properties":{"h3":"89800555b5bffff","bairro":"Cláudio Pachêco II","copa":48.0,"verde":91.2,"construido":7.2,"temp":null,"urbano":false,"classe":"arborizada","prioridade":0},"geometry":{"type":"Polygon","coordinates":[[[-42.73189,-5.02441],[-42.73086,-5.02271],[-42.73182,-5.02097],[-42.73381,-5.02093],[-42.73485,-5.02263],[-42.73388,-5.02437],[-42.73189,-5.02441]]]}},{"type":"Feature","id":1553465513,"properties":{"h3":"89800554b67ffff","bairro":"Mocambinho - Setor B","copa":3.5,"verde":4.3,"construido":95.5,"temp":46.7,"urbano":true,"classe":"critica","prioridade":79},"geometry":{"type":"Polygon","coordinates":[[[-42.80677,-5.02461],[-42.80574,-5.02291],[-42.8067,-5.02117],[-42.8087,-5.02113],[-42.80973,-5.02283],[-42.80877,-5.02457],[-42.80677,-5.02461]]]}},{"type":"Feature","id":1553727657,"properties":{"h3":"89800554b6bffff","bairro":"Conj. Santa Sofia","copa":66.0,"verde":79.5,"construido":20.1,"temp":38.8,"urbano":false,"classe":"arborizada","prioridade":0},"geometry":{"type":"Polygon","coordinates":[[[-42.80078,-5.02473],[-42.79975,-5.02303],[-42.80071,-5.02129],[-42.80271,-5.02125],[-42.80374,-5.02295],[-42.80278,-5.02469],[-42.80078,-5.02473]]]}},{"type":"Feature","id":987234471,"properties":{"h3":"898005429a7ffff","bairro":"Vila Coruja","copa":60.0,"verde":89.9,"construido":5.1,"temp":null,"urbano":false,"classe":"arborizada","prioridade":0},"geometry":{"type":"Polygon","coordinates":[[[-42.71392,-5.02477],[-42.71289,-5.02307],[-42.71386,-5.02133],[-42.71585,-5.02129],[-42.71688,-5.02299],[-42.71592,-5.02473],[-42.71392,-5.02477]]]}},{"type":"Feature","id":1967915175,"properties":{"h3":"8980054641bffff","bairro":"Conj. Pedra Mole","copa":73.1,"verde":94.4,"construido":4.8,"temp":41.7,"urbano":false,"classe":"arborizada","prioridade":0},"geometry":{"type":"Polygon","coordinates":[[[-42.78282,-5.0251],[-42.78179,-5.0234],[-42.78275,-5.02166],[-42.78475,-5.02162],[-42.78578,-5.02332],[-42.78482,-5.02506],[-42.78282,-5.0251]]]}},{"type":"Feature","id":1971585191,"properties":{"h3":"89800546453ffff","bairro":"Conj. Pedra Mole","copa":41.4,"verde":67.3,"construido":32.4,"temp":42.4,"urbano":true,"classe":"arborizada","prioridade":1},"geometry":{"type":"Polygon","coordinates":[[[-42.77683,-5.02522],[-42.7758,-5.02352],[-42.77676,-5.02178],[-42.77876,-5.02174],[-42.77979,-5.02344],[-42.77883,-5.02518],[-42.77683,-5.02522]]]}},{"type":"Feature","id":1784676521,"properties":{"h3":"8980055592fffff","bairro":"Cidade Jardim","copa":30.2,"verde":41.7,"construido":58.3,"temp":43.4,"urbano":true,"classe":"arborizada","prioridade":8},"geometry":{"type":"Polygon","coordinates":[[[-42.77084,-5.02534],[-42.76981,-5.02364],[-42.77077,-5.0219],[-42.77277,-5.02186],[-42.7738,-5.02356],[-42.77284,-5.0253],[-42.77084,-5.02534]]]}},{"type":"Feature","id":1788346537,"properties":{"h3":"89800555967ffff","bairro":"Vila da Mutuca","copa":90.7,"verde":94.4,"construido":5.3,"temp":37.9,"urbano":false,"classe":"arborizada","prioridade":0},"geometry":{"type":"Polygon","coordinates":[[[-42.76486,-5.02546],[-42.76382,-5.02376],[-42.76479,-5.02202],[-42.76678,-5.02198],[-42.76782,-5.02368],[-42.76685,-5.02542],[-42.76486,-5.02546]]]}},{"type":"Feature","id":1816658089,"properties":{"h3":"89800555b17ffff","bairro":"Loteamento Mirante dos Morros III","copa":2.4,"verde":51.1,"construido":41.9,"temp":47.6,"urbano":true,"classe":"critica","prioridade":73},"geometry":{"type":"Polygon","coordinates":[[[-42.74689,-5.02583],[-42.74586,-5.02413],[-42.74682,-5.02239],[-42.74882,-5.02234],[-42.74985,-5.02405],[-42.74889,-5.02579],[-42.74689,-5.02583]]]}},{"type":"Feature","id":1004273831,"properties":{"h3":"89800542aabffff","bairro":"Árvores Verdes","copa":47.0,"verde":96.8,"construido":3.2,"temp":null,"urbano":false,"classe":"arborizada","prioridade":0},"geometry":{"type":"Polygon","coordinates":[[[-42.66602,-5.02574],[-42.66499,-5.02404],[-42.66595,-5.0223],[-42.66795,-5.02226],[-42.66898,-5.02396],[-42.66802,-5.0257],[-42.66602,-5.02574]]]}},{"type":"Feature","id":1816920233,"properties":{"h3":"89800555b1bffff","bairro":"Res. Sigefredo Pachêco I","copa":2.4,"verde":25.1,"construido":70.7,"temp":46.4,"urbano":true,"classe":"critica","prioridade":80},"geometry":{"type":"Polygon","coordinates":[[[-42.74091,-5.02595],[-42.73987,-5.02425],[-42.74084,-5.02251],[-42.74283,-5.02247],[-42.74386,-5.02417],[-42.7429,-5.02591],[-42.74091,-5.02595]]]}},{"type":"Feature","id":671088800,"properties":{"h3":"898005096cfffff","bairro":"Res. Ribeiro Magalhães","copa":36.8,"verde":95.5,"construido":4.5,"temp":40.9,"urbano":false,"classe":"arborizada","prioridade":0},"geometry":{"type":"Polygon","coordinates":[[[-42.82177,-5.02603],[-42.82074,-5.02433],[-42.8217,-5.02259],[-42.8237,-5.02255],[-42.82473,-5.02425],[-42.82377,-5.02599],[-42.82177,-5.02603]]]}},{"type":"Feature","id":1549271209,"properties":{"h3":"89800554b27ffff","bairro":"Res. São José","copa":6.6,"verde":38.1,"construido":59.5,"temp":40.2,"urbano":true,"classe":"pouca","prioridade":47},"geometry":{"type":"Polygon","coordinates":[[[-42.81579,-5.02615],[-42.81475,-5.02445],[-42.81572,-5.02271],[-42.81771,-5.02267],[-42.81874,-5.02437],[-42.81778,-5.02611],[-42.81579,-5.02615]]]}},{"type":"Feature","id":1820590249,"properties":{"h3":"89800555b53ffff","bairro":"Cláudio Pachêco II","copa":2.4,"verde":52.8,"construido":17.3,"temp":null,"urbano":false,"classe":"critica","prioridade":0},"geometry":{"type":"Polygon","coordinates":[[[-42.73492,-5.02607],[-42.73388,-5.02437],[-42.73485,-5.02263],[-42.73684,-5.02259],[-42.73788,-5.02429],[-42.73691,-5.02603],[-42.73492,-5.02607]]]}},{"type":"Feature","id":1549533353,"properties":{"h3":"89800554b2bffff","bairro":"Mocambinho","copa":0.0,"verde":1.3,"construido":98.1,"temp":47.2,"urbano":true,"classe":"critica","prioridade":90},"geometry":{"type":"Polygon","coordinates":[[[-42.8098,-5.02627],[-42.80877,-5.02457],[-42.80973,-5.02283],[-42.81172,-5.02279],[-42.81276,-5.02449],[-42.81179,-5.02623],[-42.8098,-5.02627]]]}},{"type":"Feature","id":1553203369,"properties":{"h3":"89800554b63ffff","bairro":"Conj. Santa Sofia","copa":0.0,"verde":0.0,"construido":100.0,"temp":48.3,"urbano":true,"classe":"critica","prioridade":95},"geometry":{"type":"Polygon","coordinates":[[[-42.80381,-5.0264],[-42.80278,-5.02469],[-42.80374,-5.02295],[-42.80574,-5.02291],[-42.80677,-5.02461],[-42.80581,-5.02635],[-42.80381,-5.0264]]]}},{"type":"Feature","id":986972327,"properties":{"h3":"898005429a3ffff","bairro":"Árvores Verdes","copa":60.2,"verde":94.9,"construido":4.9,"temp":null,"urbano":false,"classe":"arborizada","prioridade":0},"geometry":{"type":"Polygon","coordinates":[[[-42.71097,-5.02656],[-42.70993,-5.02485],[-42.7109,-5.02311],[-42.71289,-5.02307],[-42.71392,-5.02477],[-42.71296,-5.02652],[-42.71097,-5.02656]]]}},{"type":"Feature","id":1979711655,"properties":{"h3":"898005464cfffff","bairro":"Conj. Pedra Mole","copa":49.2,"verde":68.6,"construido":30.9,"temp":44.1,"urbano":true,"classe":"arborizada","prioridade":7},"geometry":{"type":"Polygon","coordinates":[[[-42.77986,-5.02688],[-42.77883,-5.02518],[-42.77979,-5.02344],[-42.78179,-5.0234],[-42.78282,-5.0251],[-42.78186,-5.02684],[-42.77986,-5.02688]]]}},{"type":"Feature","id":1784152233,"properties":{"h3":"89800555927ffff","bairro":"Cidade Jardim","copa":69.4,"verde":83.7,"construido":16.3,"temp":42.5,"urbano":false,"classe":"arborizada","prioridade":0},"geometry":{"type":"Polygon","coordinates":[[[-42.77387,-5.027],[-42.77284,-5.0253],[-42.7738,-5.02356],[-42.7758,-5.02352],[-42.77683,-5.02522],[-42.77587,-5.02696],[-42.77387,-5.027]]]}},{"type":"Feature","id":1784414377,"properties":{"h3":"8980055592bffff","bairro":"Vila da Mutuca","copa":59.1,"verde":66.8,"construido":32.9,"temp":38.9,"urbano":true,"classe":"arborizada","prioridade":0},"geometry":{"type":"Polygon","coordinates":[[[-42.76789,-5.02713],[-42.76685,-5.02542],[-42.76782,-5.02368],[-42.76981,-5.02364],[-42.77084,-5.02534],[-42.76988,-5.02709],[-42.76789,-5.02713]]]}},{"type":"Feature","id":1788084393,"properties":{"h3":"89800555963ffff","bairro":"Vila da Mutuca","copa":67.0,"verde":85.6,"construido":14.4,"temp":42.8,"urbano":false,"classe":"arborizada","prioridade":0},"geometry":{"type":"Polygon","coordinates":[[[-42.7619,-5.02725],[-42.76086,-5.02555],[-42.76183,-5.0238],[-42.76382,-5.02376],[-42.76486,-5.02546],[-42.76389,-5.02721],[-42.7619,-5.02725]]]}},{"type":"Feature","id":1827405993,"properties":{"h3":"89800555bbbffff","bairro":"Loteamento Mirante dos Morros III","copa":30.9,"verde":71.2,"construido":27.5,"temp":46.3,"urbano":true,"classe":"arborizada","prioridade":13},"geometry":{"type":"Polygon","coordinates":[[[-42.74992,-5.02749],[-42.74889,-5.02579],[-42.74985,-5.02405],[-42.75185,-5.02401],[-42.75288,-5.02571],[-42.75192,-5.02745],[-42.74992,-5.02749]]]}},{"type":"Feature","id":666894496,"properties":{"h3":"8980050968fffff","bairro":"Santa Rosa","copa":0.0,"verde":41.5,"construido":10.0,"temp":53.3,"urbano":false,"classe":"critica","prioridade":0},"geometry":{"type":"Polygon","coordinates":[[[-42.83079,-5.02757],[-42.82976,-5.02587],[-42.83072,-5.02412],[-42.83272,-5.02408],[-42.83375,-5.02579],[-42.83279,-5.02753],[-42.83079,-5.02757]]]}},{"type":"Feature","id":1816395945,"properties":{"h3":"89800555b13ffff","bairro":"Vale do Gavião","copa":8.8,"verde":32.2,"construido":64.4,"temp":46.4,"urbano":true,"classe":"pouca","prioridade":67},"geometry":{"type":"Polygon","coordinates":[[[-42.74393,-5.02761],[-42.7429,-5.02591],[-42.74386,-5.02417],[-42.74586,-5.02413],[-42.74689,-5.02583],[-42.74593,-5.02757],[-42.74393,-5.02761]]]}},{"type":"Feature","id":670826656,"properties":{"h3":"898005096cbffff","bairro":"Res. Ribeiro Magalhães","copa":30.6,"verde":59.2,"construido":40.8,"temp":41.0,"urbano":true,"classe":"arborizada","prioridade":0},"geometry":{"type":"Polygon","coordinates":[[[-42.81882,-5.02781],[-42.81778,-5.02611],[-42.81874,-5.02437],[-42.82074,-5.02433],[-42.82177,-5.02603],[-42.82081,-5.02777],[-42.81882,-5.02781]]]}},{"type":"Feature","id":1828716713,"properties":{"h3":"89800555bcfffff","bairro":"Res. Sigefredo Pachêco I","copa":0.8,"verde":21.9,"construido":74.3,"temp":47.5,"urbano":true,"classe":"critica","prioridade":89},"geometry":{"type":"Polygon","coordinates":[[[-42.73795,-5.02773],[-42.73691,-5.02603],[-42.73788,-5.02429],[-42.73987,-5.02425],[-42.74091,-5.02595],[-42.73994,-5.02769],[-42.73795,-5.02773]]]}},{"type":"Feature","id":1549009065,"properties":{"h3":"89800554b23ffff","bairro":"Mocambinho - Setor C","copa":4.1,"verde":8.4,"construido":91.6,"temp":46.8,"urbano":true,"classe":"critica","prioridade":79},"geometry":{"type":"Polygon","coordinates":[[[-42.81283,-5.02793],[-42.81179,-5.02623],[-42.81276,-5.02449],[-42.81475,-5.02445],[-42.81579,-5.02615],[-42.81482,-5.02789],[-42.81283,-5.02793]]]}},{"type":"Feature","id":1554514089,"properties":{"h3":"89800554b77ffff","bairro":"Mocambinho - Setor B","copa":1.4,"verde":2.7,"construido":96.2,"temp":47.9,"urbano":true,"classe":"critica","prioridade":90},"geometry":{"type":"Polygon","coordinates":[[[-42.80684,-5.02806],[-42.80581,-5.02635],[-42.80677,-5.02461],[-42.80877,-5.02457],[-42.8098,-5.02627],[-42.80884,-5.02802],[-42.80684,-5.02806]]]}},{"type":"Feature","id":1554776233,"properties":{"h3":"89800554b7bffff","bairro":"Conj. Santa Sofia","copa":54.5,"verde":76.0,"construido":24.0,"temp":43.9,"urbano":false,"classe":"arborizada","prioridade":0},"geometry":{"type":"Polygon","coordinates":[[[-42.80085,-5.02818],[-42.79982,-5.02648],[-42.80078,-5.02473],[-42.80278,-5.02469],[-42.80381,-5.0264],[-42.80285,-5.02814],[-42.80085,-5.02818]]]}},{"type":"Feature","id":1783890089,"properties":{"h3":"89800555923ffff","bairro":"Vila da Mutuca","copa":67.3,"verde":96.0,"construido":4.0,"temp":38.3,"urbano":false,"classe":"arborizada","prioridade":0},"geometry":{"type":"Polygon","coordinates":[[[-42.77091,-5.02879],[-42.76988,-5.02709],[-42.77084,-5.02534],[-42.77284,-5.0253],[-42.77387,-5.027],[-42.77291,-5.02875],[-42.77091,-5.02879]]]}},{"type":"Feature","id":1789395113,"properties":{"h3":"89800555977ffff","bairro":"Vila da Mutuca","copa":35.7,"verde":53.6,"construido":44.2,"temp":40.9,"urbano":true,"classe":"arborizada","prioridade":0},"geometry":{"type":"Polygon","coordinates":[[[-42.76493,-5.02891],[-42.76389,-5.02721],[-42.76486,-5.02546],[-42.76685,-5.02542],[-42.76789,-5.02713],[-42.76692,-5.02887],[-42.76493,-5.02891]]]}},{"type":"Feature","id":1824522409,"properties":{"h3":"89800555b8fffff","bairro":"Loteamento Mirante dos Morros III","copa":10.1,"verde":33.5,"construido":55.9,"temp":49.6,"urbano":true,"classe":"pouca","prioridade":80},"geometry":{"type":"Polygon","coordinates":[[[-42.74696,-5.02927],[-42.74593,-5.02757],[-42.74689,-5.02583],[-42.74889,-5.02579],[-42.74992,-5.02749],[-42.74896,-5.02923],[-42.74696,-5.02927]]]}},{"type":"Feature","id":670302368,"properties":{"h3":"898005096c3ffff","bairro":"Res. Ribeiro Magalhães","copa":39.7,"verde":93.9,"construido":5.2,"temp":39.3,"urbano":false,"classe":"arborizada","prioridade":0},"geometry":{"type":"Polygon","coordinates":[[[-42.82184,-5.02947],[-42.82081,-5.02777],[-42.82177,-5.02603],[-42.82377,-5.02599],[-42.8248,-5.02769],[-42.82384,-5.02943],[-42.82184,-5.02947]]]}},{"type":"Feature","id":1828192425,"properties":{"h3":"89800555bc7ffff","bairro":"Vale do Gavião","copa":18.5,"verde":45.4,"construido":50.5,"temp":47.7,"urbano":true,"classe":"moderada","prioridade":55},"geometry":{"type":"Polygon","coordinates":[[[-42.74098,-5.02939],[-42.73994,-5.02769],[-42.74091,-5.02595],[-42.7429,-5.02591],[-42.74393,-5.02761],[-42.74297,-5.02935],[-42.74098,-5.02939]]]}},{"type":"Feature","id":1828454569,"properties":{"h3":"89800555bcbffff","bairro":"Vila Coruja","copa":14.5,"verde":47.5,"construido":38.0,"temp":null,"urbano":true,"classe":"moderada","prioridade":39},"geometry":{"type":"Polygon","coordinates":[[[-42.73499,-5.02952],[-42.73395,-5.02781],[-42.73492,-5.02607],[-42.73691,-5.02603],[-42.73795,-5.02773],[-42.73698,-5.02948],[-42.73499,-5.02952]]]}},{"type":"Feature","id":1550319785,"properties":{"h3":"89800554b37ffff","bairro":"Res. Ribeiro Magalhães","copa":3.1,"verde":8.3,"construido":90.6,"temp":46.8,"urbano":true,"classe":"critica","prioridade":80},"geometry":{"type":"Polygon","coordinates":[[[-42.81586,-5.0296],[-42.81482,-5.02789],[-42.81579,-5.02615],[-42.81778,-5.02611],[-42.81882,-5.02781],[-42.81785,-5.02955],[-42.81586,-5.0296]]]}},{"type":"Feature","id":1550581929,"properties":{"h3":"89800554b3bffff","bairro":"Mocambinho - Setor C","copa":0.8,"verde":2.2,"construido":97.8,"temp":46.3,"urbano":true,"classe":"critica","prioridade":83},"geometry":{"type":"Polygon","coordinates":[[[-42.80987,-5.02972],[-42.80884,-5.02802],[-42.8098,-5.02627],[-42.81179,-5.02623],[-42.81283,-5.02793],[-42.81186,-5.02968],[-42.80987,-5.02972]]]}},{"type":"Feature","id":1554251945,"properties":{"h3":"89800554b73ffff","bairro":"Conj. Santa Sofia","copa":55.6,"verde":59.1,"construido":40.9,"temp":42.6,"urbano":true,"classe":"arborizada","prioridade":2},"geometry":{"type":"Polygon","coordinates":[[[-42.80388,-5.02984],[-42.80285,-5.02814],[-42.80381,-5.0264],[-42.80581,-5.02635],[-42.80684,-5.02806],[-42.80588,-5.0298],[-42.80388,-5.02984]]]}},{"type":"Feature","id":985661607,"properties":{"h3":"8980054298fffff","bairro":"Árvores Verdes","copa":34.8,"verde":93.0,"construido":6.4,"temp":null,"urbano":false,"classe":"arborizada","prioridade":0},"geometry":{"type":"Polygon","coordinates":[[[-42.70505,-5.03012],[-42.70401,-5.02842],[-42.70498,-5.02668],[-42.70697,-5.02664],[-42.70801,-5.02834],[-42.70704,-5.03008],[-42.70505,-5.03012]]]}},{"type":"Feature","id":1785200809,"properties":{"h3":"89800555937ffff","bairro":"Cidade Jardim","copa":69.3,"verde":94.4,"construido":5.6,"temp":41.8,"urbano":false,"classe":"arborizada","prioridade":0},"geometry":{"type":"Polygon","coordinates":[[[-42.77394,-5.03045],[-42.77291,-5.02875],[-42.77387,-5.027],[-42.77587,-5.02696],[-42.7769,-5.02867],[-42.77594,-5.03041],[-42.77394,-5.03045]]]}},{"type":"Feature","id":1785462953,"properties":{"h3":"8980055593bffff","bairro":"Vila da Mutuca","copa":48.4,"verde":62.4,"construido":37.4,"temp":43.0,"urbano":true,"classe":"arborizada","prioridade":4},"geometry":{"type":"Polygon","coordinates":[[[-42.76796,-5.03057],[-42.76692,-5.02887],[-42.76789,-5.02713],[-42.76988,-5.02709],[-42.77091,-5.02879],[-42.76995,-5.03053],[-42.76796,-5.03057]]]}},{"type":"Feature","id":1789132969,"properties":{"h3":"89800555973ffff","bairro":"Vila da Mutuca","copa":78.8,"verde":90.4,"construido":9.1,"temp":39.4,"urbano":false,"classe":"arborizada","prioridade":0},"geometry":{"type":"Polygon","coordinates":[[[-42.76197,-5.03069],[-42.76093,-5.02899],[-42.7619,-5.02725],[-42.76389,-5.02721],[-42.76493,-5.02891],[-42.76396,-5.03065],[-42.76197,-5.03069]]]}},{"type":"Feature","id":1786773673,"properties":{"h3":"8980055594fffff","bairro":"Morros","copa":39.7,"verde":73.3,"construido":9.1,"temp":42.6,"urbano":false,"classe":"arborizada","prioridade":0},"geometry":{"type":"Polygon","coordinates":[[[-42.75598,-5.03081],[-42.75495,-5.02911],[-42.75591,-5.02737],[-42.75791,-5.02733],[-42.75894,-5.02903],[-42.75798,-5.03077],[-42.75598,-5.03081]]]}},{"type":"Feature","id":666108064,"properties":{"h3":"89800509683ffff","bairro":"Vila Poty Norte (Invasão)","copa":0.0,"verde":72.6,"construido":7.0,"temp":51.9,"urbano":false,"classe":"critica","prioridade":0},"geometry":{"type":"Polygon","coordinates":[[[-42.83086,-5.03101],[-42.82983,-5.02931],[-42.83079,-5.02757],[-42.83279,-5.02753],[-42.83382,-5.02923],[-42.83286,-5.03097],[-42.83086,-5.03101]]]}},{"type":"Feature","id":1823998121,"properties":{"h3":"89800555b87ffff","bairro":"Loteamento Mirante dos Morros II","copa":27.1,"verde":81.6,"construido":13.0,"temp":45.9,"urbano":false,"classe":"arborizada","prioridade":0},"geometry":{"type":"Polygon","coordinates":[[[-42.74999,-5.03093],[-42.74896,-5.02923],[-42.74992,-5.02749],[-42.75192,-5.02745],[-42.75295,-5.02915],[-42.75199,-5.03089],[-42.74999,-5.03093]]]}},{"type":"Feature","id":1824260265,"properties":{"h3":"89800555b8bffff","bairro":"Conjunto Wilson Martins Filho","copa":7.9,"verde":36.8,"construido":61.9,"temp":46.5,"urbano":true,"classe":"pouca","prioridade":69},"geometry":{"type":"Polygon","coordinates":[[[-42.744,-5.03106],[-42.74297,-5.02935],[-42.74393,-5.02761],[-42.74593,-5.02757],[-42.74696,-5.02927],[-42.746,-5.03102],[-42.744,-5.03106]]]}},{"type":"Feature","id":1827930281,"properties":{"h3":"89800555bc3ffff","bairro":"Vale do Gavião","copa":0.0,"verde":8.4,"construido":86.6,"temp":null,"urbano":true,"classe":"critica","prioridade":80},"geometry":{"type":"Polygon","coordinates":[[[-42.73802,-5.03118],[-42.73698,-5.02948],[-42.73795,-5.02773],[-42.73994,-5.02769],[-42.74098,-5.02939],[-42.74001,-5.03114],[-42.73802,-5.03118]]]}},{"type":"Feature","id":671875232,"properties":{"h3":"898005096dbffff","bairro":"Res. Ribeiro Magalhães","copa":0.0,"verde":0.5,"construido":99.5,"temp":46.4,"urbano":true,"classe":"critica","prioridade":85},"geometry":{"type":"Polygon","coordinates":[[[-42.81889,-5.03126],[-42.81785,-5.02955],[-42.81882,-5.02781],[-42.82081,-5.02777],[-42.82184,-5.02947],[-42.82088,-5.03122],[-42.81889,-5.03126]]]}},{"type":"Feature","id":1801978025,"properties":{"h3":"89800555a37ffff","bairro":"Res. Miriam Pachêco","copa":16.2,"verde":43.9,"construido":33.8,"temp":null,"urbano":true,"classe":"moderada","prioridade":32},"geometry":{"type":"Polygon","coordinates":[[[-42.73203,-5.0313],[-42.731,-5.0296],[-42.73196,-5.02785],[-42.73395,-5.02781],[-42.73499,-5.02952],[-42.73402,-5.03126],[-42.73203,-5.0313]]]}},{"type":"Feature","id":1550057641,"properties":{"h3":"89800554b33ffff","bairro":"Mocambinho - Setor A","copa":0.0,"verde":0.0,"construido":99.5,"temp":47.8,"urbano":true,"classe":"critica","prioridade":93},"geometry":{"type":"Polygon","coordinates":[[[-42.8129,-5.03138],[-42.81186,-5.02968],[-42.81283,-5.02793],[-42.81482,-5.02789],[-42.81586,-5.0296],[-42.81489,-5.03134],[-42.8129,-5.03138]]]}},{"type":"Feature","id":1547698345,"properties":{"h3":"89800554b0fffff","bairro":"Mocambinho - Setor B","copa":43.5,"verde":50.5,"construido":49.2,"temp":43.3,"urbano":true,"classe":"arborizada","prioridade":7},"geometry":{"type":"Polygon","coordinates":[[[-42.80691,-5.0315],[-42.80588,-5.0298],[-42.80684,-5.02806],[-42.80884,-5.02802],[-42.80987,-5.02972],[-42.80891,-5.03146],[-42.80691,-5.0315]]]}},{"type":"Feature","id":1802240169,"properties":{"h3":"89800555a3bffff","bairro":"Res. Miriam Pachêco","copa":48.5,"verde":89.7,"construido":6.4,"temp":null,"urbano":false,"classe":"arborizada","prioridade":0},"geometry":{"type":"Polygon","coordinates":[[[-42.72604,-5.03142],[-42.72501,-5.02972],[-42.72597,-5.02798],[-42.72797,-5.02794],[-42.729,-5.02964],[-42.72804,-5.03138],[-42.72604,-5.03142]]]}},{"type":"Feature","id":1805910185,"properties":{"h3":"89800555a73ffff","bairro":"Árvores Verdes","copa":31.4,"verde":72.5,"construido":19.3,"temp":null,"urbano":false,"classe":"arborizada","prioridade":0},"geometry":{"type":"Polygon","coordinates":[[[-42.72005,-5.03154],[-42.71902,-5.02984],[-42.71998,-5.0281],[-42.72198,-5.02806],[-42.72301,-5.02976],[-42.72205,-5.0315],[-42.72005,-5.03154]]]}},{"type":"Feature","id":985137319,"properties":{"h3":"89800542987ffff","bairro":"Árvores Verdes","copa":79.3,"verde":95.2,"construido":3.2,"temp":null,"urbano":false,"classe":"arborizada","prioridade":0},"geometry":{"type":"Polygon","coordinates":[[[-42.70808,-5.03178],[-42.70704,-5.03008],[-42.70801,-5.02834],[-42.71,-5.0283],[-42.71104,-5.03],[-42.71007,-5.03174],[-42.70808,-5.03178]]]}},{"type":"Feature","id":1784938665,"properties":{"h3":"89800555933ffff","bairro":"Vila da Mutuca","copa":49.5,"verde":83.4,"construido":16.3,"temp":43.3,"urbano":false,"classe":"arborizada","prioridade":0},"geometry":{"type":"Polygon","coordinates":[[[-42.77098,-5.03223],[-42.76995,-5.03053],[-42.77091,-5.02879],[-42.77291,-5.02875],[-42.77394,-5.03045],[-42.77298,-5.03219],[-42.77098,-5.03223]]]}},{"type":"Feature","id":1782579369,"properties":{"h3":"8980055590fffff","bairro":"Vila da Mutuca","copa":53.7,"verde":72.1,"construido":26.3,"temp":41.4,"urbano":true,"classe":"arborizada","prioridade":0},"geometry":{"type":"Polygon","coordinates":[[[-42.765,-5.03235],[-42.76396,-5.03065],[-42.76493,-5.02891],[-42.76692,-5.02887],[-42.76796,-5.03057],[-42.76699,-5.03231],[-42.765,-5.03235]]]}},{"type":"Feature","id":1786249385,"properties":{"h3":"89800555947ffff","bairro":"Morros","copa":63.3,"verde":83.8,"construido":15.4,"temp":41.8,"urbano":false,"classe":"arborizada","prioridade":0},"geometry":{"type":"Polygon","coordinates":[[[-42.75901,-5.03247],[-42.75798,-5.03077],[-42.75894,-5.02903],[-42.76093,-5.02899],[-42.76197,-5.03069],[-42.761,-5.03243],[-42.75901,-5.03247]]]}},{"type":"Feature","id":1786511529,"properties":{"h3":"8980055594bffff","bairro":"Res. Mirante dos Morros I","copa":39.2,"verde":81.1,"construido":18.7,"temp":45.7,"urbano":false,"classe":"arborizada","prioridade":0},"geometry":{"type":"Polygon","coordinates":[[[-42.75302,-5.0326],[-42.75199,-5.03089],[-42.75295,-5.02915],[-42.75495,-5.02911],[-42.75598,-5.03081],[-42.75502,-5.03256],[-42.75302,-5.0326]]]}},{"type":"Feature","id":667680928,"properties":{"h3":"8980050969bffff","bairro":"Vila Poty Norte (Invasão)","copa":3.7,"verde":91.8,"construido":6.4,"temp":49.6,"urbano":false,"classe":"critica","prioridade":0},"geometry":{"type":"Polygon","coordinates":[[[-42.8279,-5.0328],[-42.82687,-5.03109],[-42.82783,-5.02935],[-42.82983,-5.02931],[-42.83086,-5.03101],[-42.8299,-5.03275],[-42.8279,-5.0328]]]}},{"type":"Feature","id":1823735977,"properties":{"h3":"89800555b83ffff","bairro":"Loteamento Mirante dos Morros II","copa":10.7,"verde":88.8,"construido":5.5,"temp":49.2,"urbano":false,"classe":"pouca","prioridade":0},"geometry":{"type":"Polygon","coordinates":[[[-42.74703,-5.03272],[-42.746,-5.03102],[-42.74696,-5.02927],[-42.74896,-5.02923],[-42.74999,-5.03093],[-42.74903,-5.03268],[-42.74703,-5.03272]]]}},{"type":"Feature","id":1829241001,"properties":{"h3":"89800555bd7ffff","bairro":"Conjunto Wilson Martins Filho","copa":1.1,"verde":3.8,"construido":88.1,"temp":48.8,"urbano":true,"classe":"critica","prioridade":96},"geometry":{"type":"Polygon","coordinates":[[[-42.74105,-5.03284],[-42.74001,-5.03114],[-42.74098,-5.02939],[-42.74297,-5.02935],[-42.744,-5.03106],[-42.74304,-5.0328],[-42.74105,-5.03284]]]}},{"type":"Feature","id":671350944,"properties":{"h3":"898005096d3ffff","bairro":"Vila São Francisco","copa":12.7,"verde":48.2,"construido":51.8,"temp":43.9,"urbano":true,"classe":"moderada","prioridade":45},"geometry":{"type":"Polygon","coordinates":[[[-42.82191,-5.03292],[-42.82088,-5.03122],[-42.82184,-5.02947],[-42.82384,-5.02943],[-42.82487,-5.03113],[-42.82391,-5.03288],[-42.82191,-5.03292]]]}},{"type":"Feature","id":1829503145,"properties":{"h3":"89800555bdbffff","bairro":"Res. Miriam Pachêco","copa":49.9,"verde":64.0,"construido":24.0,"temp":null,"urbano":false,"classe":"arborizada","prioridade":0},"geometry":{"type":"Polygon","coordinates":[[[-42.73506,-5.03296],[-42.73402,-5.03126],[-42.73499,-5.02952],[-42.73698,-5.02948],[-42.73802,-5.03118],[-42.73705,-5.03292],[-42.73506,-5.03296]]]}},{"type":"Feature","id":1558184105,"properties":{"h3":"89800554bafffff","bairro":"Mocambinho - Setor A","copa":1.4,"verde":2.2,"construido":97.8,"temp":47.0,"urbano":true,"classe":"critica","prioridade":86},"geometry":{"type":"Polygon","coordinates":[[[-42.81593,-5.03304],[-42.81489,-5.03134],[-42.81586,-5.0296],[-42.81785,-5.02955],[-42.81889,-5.03126],[-42.81792,-5.033],[-42.81593,-5.03304]]]}},{"type":"Feature","id":1547174057,"properties":{"h3":"89800554b07ffff","bairro":"Mocambinho - Setor A","copa":42.6,"verde":42.6,"construido":57.1,"temp":43.1,"urbano":true,"classe":"arborizada","prioridade":6},"geometry":{"type":"Polygon","coordinates":[[[-42.80994,-5.03316],[-42.80891,-5.03146],[-42.80987,-5.02972],[-42.81186,-5.02968],[-42.8129,-5.03138],[-42.81194,-5.03312],[-42.80994,-5.03316]]]}},{"type":"Feature","id":1801715881,"properties":{"h3":"89800555a33ffff","bairro":"Res. Miriam Pachêco","copa":36.0,"verde":79.2,"construido":3.5,"temp":null,"urbano":false,"classe":"arborizada","prioridade":0},"geometry":{"type":"Polygon","coordinates":[[[-42.72907,-5.03308],[-42.72804,-5.03138],[-42.729,-5.02964],[-42.731,-5.0296],[-42.73203,-5.0313],[-42.73107,-5.03304],[-42.72907,-5.03308]]]}},{"type":"Feature","id":1547436201,"properties":{"h3":"89800554b0bffff","bairro":"Vila Sinhá Borges","copa":79.0,"verde":94.2,"construido":5.8,"temp":40.5,"urbano":false,"classe":"arborizada","prioridade":0},"geometry":{"type":"Polygon","coordinates":[[[-42.80395,-5.03328],[-42.80292,-5.03158],[-42.80388,-5.02984],[-42.80588,-5.0298],[-42.80691,-5.0315],[-42.80595,-5.03324],[-42.80395,-5.03328]]]}},{"type":"Feature","id":1799356585,"properties":{"h3":"89800555a0fffff","bairro":"Árvores Verdes","copa":0.8,"verde":35.4,"construido":28.6,"temp":null,"urbano":true,"classe":"critica","prioridade":45},"geometry":{"type":"Polygon","coordinates":[[[-42.72308,-5.0332],[-42.72205,-5.0315],[-42.72301,-5.02976],[-42.72501,-5.02972],[-42.72604,-5.03142],[-42.72508,-5.03316],[-42.72308,-5.0332]]]}},{"type":"Feature","id":984875175,"properties":{"h3":"89800542983ffff","bairro":"Árvores Verdes","copa":66.2,"verde":94.3,"construido":5.1,"temp":null,"urbano":false,"classe":"arborizada","prioridade":0},"geometry":{"type":"Polygon","coordinates":[[[-42.70512,-5.03357],[-42.70408,-5.03186],[-42.70505,-5.03012],[-42.70704,-5.03008],[-42.70808,-5.03178],[-42.70711,-5.03353],[-42.70512,-5.03357]]]}},{"type":"Feature","id":1782055081,"properties":{"h3":"89800555907ffff","bairro":"Vila da Mutuca","copa":51.9,"verde":65.2,"construido":34.0,"temp":41.9,"urbano":true,"classe":"arborizada","prioridade":0},"geometry":{"type":"Polygon","coordinates":[[[-42.76803,-5.03401],[-42.76699,-5.03231],[-42.76796,-5.03057],[-42.76995,-5.03053],[-42.77098,-5.03223],[-42.77002,-5.03397],[-42.76803,-5.03401]]]}},{"type":"Feature","id":1782317225,"properties":{"h3":"8980055590bffff","bairro":"Vila da Mutuca","copa":39.4,"verde":53.5,"construido":45.5,"temp":42.8,"urbano":true,"classe":"arborizada","prioridade":4},"geometry":{"type":"Polygon","coordinates":[[[-42.76204,-5.03414],[-42.761,-5.03243],[-42.76197,-5.03069],[-42.76396,-5.03065],[-42.765,-5.03235],[-42.76403,-5.03409],[-42.76204,-5.03414]]]}},{"type":"Feature","id":1785987241,"properties":{"h3":"89800555943ffff","bairro":"Morros","copa":74.7,"verde":96.8,"construido":3.2,"temp":44.2,"urbano":false,"classe":"arborizada","prioridade":0},"geometry":{"type":"Polygon","coordinates":[[[-42.75605,-5.03426],[-42.75502,-5.03256],[-42.75598,-5.03081],[-42.75798,-5.03077],[-42.75901,-5.03247],[-42.75805,-5.03422],[-42.75605,-5.03426]]]}},{"type":"Feature","id":1825046697,"properties":{"h3":"89800555b97ffff","bairro":"Res. Mirante dos Morros I","copa":22.2,"verde":93.4,"construido":5.2,"temp":44.6,"urbano":false,"classe":"moderada","prioridade":0},"geometry":{"type":"Polygon","coordinates":[[[-42.75006,-5.03438],[-42.74903,-5.03268],[-42.74999,-5.03093],[-42.75199,-5.03089],[-42.75302,-5.0326],[-42.75206,-5.03434],[-42.75006,-5.03438]]]}},{"type":"Feature","id":1825308841,"properties":{"h3":"89800555b9bffff","bairro":"Conjunto Wilson Martins Filho","copa":20.5,"verde":57.8,"construido":40.8,"temp":48.5,"urbano":true,"classe":"moderada","prioridade":45},"geometry":{"type":"Polygon","coordinates":[[[-42.74407,-5.0345],[-42.74304,-5.0328],[-42.744,-5.03106],[-42.746,-5.03102],[-42.74703,-5.03272],[-42.74607,-5.03446],[-42.74407,-5.0345]]]}},{"type":"Feature","id":1001652391,"properties":{"h3":"89800542a83ffff","bairro":"Res. Santa Teresinha","copa":83.2,"verde":92.8,"construido":7.2,"temp":null,"urbano":false,"classe":"arborizada","prioridade":0},"geometry":{"type":"Polygon","coordinates":[[[-42.6632,-5.03441],[-42.66217,-5.03271],[-42.66313,-5.03097],[-42.66513,-5.03093],[-42.66616,-5.03263],[-42.6652,-5.03437],[-42.6632,-5.03441]]]}},{"type":"Feature","id":1520435369,"properties":{"h3":"8980055496fffff","bairro":"Vila São Francisco","copa":35.6,"verde":78.6,"construido":21.4,"temp":38.3,"urbano":false,"classe":"arborizada","prioridade":0},"geometry":{"type":"Polygon","coordinates":[[[-42.82494,-5.03458],[-42.82391,-5.03288],[-42.82487,-5.03113],[-42.82687,-5.03109],[-42.8279,-5.0328],[-42.82694,-5.03454],[-42.82494,-5.03458]]]}},{"type":"Feature","id":1828978857,"properties":{"h3":"89800555bd3ffff","bairro":"Parque Zequinha Freire","copa":0.8,"verde":6.7,"construido":88.5,"temp":null,"urbano":true,"classe":"critica","prioridade":78},"geometry":{"type":"Polygon","coordinates":[[[-42.73809,-5.03462],[-42.73705,-5.03292],[-42.73802,-5.03118],[-42.74001,-5.03114],[-42.74105,-5.03284],[-42.74008,-5.03458],[-42.73809,-5.03462]]]}},{"type":"Feature","id":1557659817,"properties":{"h3":"89800554ba7ffff","bairro":"Vila São Francisco","copa":2.5,"verde":15.1,"construido":79.1,"temp":47.2,"urbano":true,"classe":"critica","prioridade":84},"geometry":{"type":"Polygon","coordinates":[[[-42.81896,-5.0347],[-42.81792,-5.033],[-42.81889,-5.03126],[-42.82088,-5.03122],[-42.82191,-5.03292],[-42.82095,-5.03466],[-42.81896,-5.0347]]]}},{"type":"Feature","id":1557921961,"properties":{"h3":"89800554babffff","bairro":"Mocambinho - Setor A","copa":18.0,"verde":23.1,"construido":76.9,"temp":46.5,"urbano":true,"classe":"moderada","prioridade":49},"geometry":{"type":"Polygon","coordinates":[[[-42.81297,-5.03482],[-42.81194,-5.03312],[-42.8129,-5.03138],[-42.81489,-5.03134],[-42.81593,-5.03304],[-42.81496,-5.03478],[-42.81297,-5.03482]]]}},{"type":"Feature","id":1809842345,"properties":{"h3":"89800555aafffff","bairro":"Res. Miriam Pachêco","copa":40.9,"verde":51.9,"construido":44.1,"temp":null,"urbano":true,"classe":"arborizada","prioridade":18},"geometry":{"type":"Polygon","coordinates":[[[-42.7321,-5.03474],[-42.73107,-5.03304],[-42.73203,-5.0313],[-42.73402,-5.03126],[-42.73506,-5.03296],[-42.73409,-5.0347],[-42.7321,-5.03474]]]}},{"type":"Feature","id":1546911913,"properties":{"h3":"89800554b03ffff","bairro":"Vila Sinhá Borges","copa":89.6,"verde":91.4,"construido":8.6,"temp":40.4,"urbano":false,"classe":"arborizada","prioridade":0},"geometry":{"type":"Polygon","coordinates":[[[-42.80698,-5.03494],[-42.80595,-5.03324],[-42.80691,-5.0315],[-42.80891,-5.03146],[-42.80994,-5.03316],[-42.80898,-5.0349],[-42.80698,-5.03494]]]}},{"type":"Feature","id":1798832297,"properties":{"h3":"89800555a07ffff","bairro":"Res. Miriam Pachêco","copa":56.5,"verde":78.5,"construido":11.8,"temp":null,"urbano":false,"classe":"arborizada","prioridade":0},"geometry":{"type":"Polygon","coordinates":[[[-42.72611,-5.03486],[-42.72508,-5.03316],[-42.72604,-5.03142],[-42.72804,-5.03138],[-42.72907,-5.03308],[-42.72811,-5.03482],[-42.72611,-5.03486]]]}},{"type":"Feature","id":1781792937,"properties":{"h3":"89800555903ffff","bairro":"Vila da Mutuca","copa":14.9,"verde":26.4,"construido":71.7,"temp":44.2,"urbano":true,"classe":"moderada","prioridade":43},"geometry":{"type":"Polygon","coordinates":[[[-42.76507,-5.0358],[-42.76403,-5.03409],[-42.765,-5.03235],[-42.76699,-5.03231],[-42.76803,-5.03401],[-42.76706,-5.03576],[-42.76507,-5.0358]]]}},{"type":"Feature","id":1787297961,"properties":{"h3":"89800555957ffff","bairro":"Morros","copa":80.1,"verde":85.9,"construido":13.0,"temp":41.3,"urbano":false,"classe":"arborizada","prioridade":0},"geometry":{"type":"Polygon","coordinates":[[[-42.75908,-5.03592],[-42.75805,-5.03422],[-42.75901,-5.03247],[-42.761,-5.03243],[-42.76204,-5.03414],[-42.76107,-5.03588],[-42.75908,-5.03592]]]}},{"type":"Feature","id":1824784553,"properties":{"h3":"89800555b93ffff","bairro":"Vila Cidade Leste II","copa":36.7,"verde":86.6,"construido":5.1,"temp":45.1,"urbano":false,"classe":"arborizada","prioridade":0},"geometry":{"type":"Polygon","coordinates":[[[-42.7471,-5.03616],[-42.74607,-5.03446],[-42.74703,-5.03272],[-42.74903,-5.03268],[-42.75006,-5.03438],[-42.7491,-5.03612],[-42.7471,-5.03616]]]}},{"type":"Feature","id":1002963111,"properties":{"h3":"89800542a97ffff","bairro":"Res. Santa Teresinha","copa":66.8,"verde":95.2,"construido":4.8,"temp":null,"urbano":false,"classe":"arborizada","prioridade":0},"geometry":{"type":"Polygon","coordinates":[[[-42.66623,-5.03607],[-42.6652,-5.03437],[-42.66616,-5.03263],[-42.66816,-5.03259],[-42.66919,-5.03429],[-42.66823,-5.03603],[-42.66623,-5.03607]]]}},{"type":"Feature","id":1519911081,"properties":{"h3":"89800554967ffff","bairro":"Poti Velho","copa":22.6,"verde":30.6,"construido":68.5,"temp":43.4,"urbano":true,"classe":"moderada","prioridade":23},"geometry":{"type":"Polygon","coordinates":[[[-42.82797,-5.03624],[-42.82694,-5.03454],[-42.8279,-5.0328],[-42.8299,-5.03275],[-42.83093,-5.03446],[-42.82997,-5.0362],[-42.82797,-5.03624]]]}},{"type":"Feature","id":1772093609,"properties":{"h3":"8980055586fffff","bairro":"Parque Zequinha Freire","copa":35.6,"verde":66.5,"construido":28.7,"temp":47.1,"urbano":true,"classe":"arborizada","prioridade":17},"geometry":{"type":"Polygon","coordinates":[[[-42.74111,-5.03628],[-42.74008,-5.03458],[-42.74105,-5.03284],[-42.74304,-5.0328],[-42.74407,-5.0345],[-42.74311,-5.03624],[-42.74111,-5.03628]]]}},{"type":"Feature","id":1520173225,"properties":{"h3":"8980055496bffff","bairro":"Vila São Francisco","copa":0.0,"verde":5.0,"construido":95.0,"temp":47.0,"urbano":true,"classe":"critica","prioridade":88},"geometry":{"type":"Polygon","coordinates":[[[-42.82198,-5.03636],[-42.82095,-5.03466],[-42.82191,-5.03292],[-42.82391,-5.03288],[-42.82494,-5.03458],[-42.82398,-5.03632],[-42.82198,-5.03636]]]}},{"type":"Feature","id":1557397673,"properties":{"h3":"89800554ba3ffff","bairro":"Mocambinho - Setor E","copa":0.5,"verde":1.9,"construido":98.1,"temp":47.3,"urbano":true,"classe":"critica","prioridade":89},"geometry":{"type":"Polygon","coordinates":[[[-42.816,-5.03648],[-42.81496,-5.03478],[-42.81593,-5.03304],[-42.81792,-5.033],[-42.81896,-5.0347],[-42.81799,-5.03644],[-42.816,-5.03648]]]}},{"type":"Feature","id":1809318057,"properties":{"h3":"89800555aa7ffff","bairro":"Vila Jesus de Nazaré","copa":26.6,"verde":69.4,"construido":19.9,"temp":null,"urbano":false,"classe":"arborizada","prioridade":0},"geometry":{"type":"Polygon","coordinates":[[[-42.73513,-5.0364],[-42.73409,-5.0347],[-42.73506,-5.03296],[-42.73705,-5.03292],[-42.73809,-5.03462],[-42.73712,-5.03636],[-42.73513,-5.0364]]]}},{"type":"Feature","id":1548222633,"properties":{"h3":"89800554b17ffff","bairro":"Vila Sinhá Borges","copa":96.0,"verde":96.5,"construido":3.5,"temp":38.6,"urbano":false,"classe":"arborizada","prioridade":0},"geometry":{"type":"Polygon","coordinates":[[[-42.81001,-5.03661],[-42.80898,-5.0349],[-42.80994,-5.03316],[-42.81194,-5.03312],[-42.81297,-5.03482],[-42.81201,-5.03656],[-42.81001,-5.03661]]]}},{"type":"Feature","id":1798570153,"properties":{"h3":"89800555a03ffff","bairro":"Árvores Verdes","copa":59.2,"verde":80.7,"construido":16.9,"temp":null,"urbano":false,"classe":"arborizada","prioridade":0},"geometry":{"type":"Polygon","coordinates":[[[-42.72315,-5.03665],[-42.72212,-5.03494],[-42.72308,-5.0332],[-42.72508,-5.03316],[-42.72611,-5.03486],[-42.72515,-5.03661],[-42.72315,-5.03665]]]}},{"type":"Feature","id":1548484777,"properties":{"h3":"89800554b1bffff","bairro":"Buenos Aires","copa":22.2,"verde":48.2,"construido":51.8,"temp":46.5,"urbano":true,"classe":"moderada","prioridade":41},"geometry":{"type":"Polygon","coordinates":[[[-42.80402,-5.03673],[-42.80299,-5.03503],[-42.80395,-5.03328],[-42.80595,-5.03324],[-42.80698,-5.03494],[-42.80602,-5.03669],[-42.80402,-5.03673]]]}},{"type":"Feature","id":1552154793,"properties":{"h3":"89800554b53ffff","bairro":"Embrapa","copa":25.6,"verde":92.6,"construido":7.1,"temp":43.5,"urbano":false,"classe":"arborizada","prioridade":0},"geometry":{"type":"Polygon","coordinates":[[[-42.79803,-5.03685],[-42.797,-5.03515],[-42.79796,-5.03341],[-42.79996,-5.03336],[-42.80099,-5.03507],[-42.80003,-5.03681],[-42.79803,-5.03685]]]}},{"type":"Feature","id":1804075177,"properties":{"h3":"89800555a57ffff","bairro":"Árvores Verdes","copa":49.3,"verde":93.6,"construido":6.4,"temp":null,"urbano":false,"classe":"arborizada","prioridade":0},"geometry":{"type":"Polygon","coordinates":[[[-42.71716,-5.03677],[-42.71613,-5.03507],[-42.71709,-5.03332],[-42.71909,-5.03328],[-42.72012,-5.03498],[-42.71916,-5.03673],[-42.71716,-5.03677]]]}},{"type":"Feature","id":1783103657,"properties":{"h3":"89800555917ffff","bairro":"Vila da Mutuca","copa":51.1,"verde":72.6,"construido":25.8,"temp":41.9,"urbano":true,"classe":"arborizada","prioridade":0},"geometry":{"type":"Polygon","coordinates":[[[-42.7681,-5.03746],[-42.76706,-5.03576],[-42.76803,-5.03401],[-42.77002,-5.03397],[-42.77105,-5.03567],[-42.77009,-5.03742],[-42.7681,-5.03746]]]}},{"type":"Feature","id":1783365801,"properties":{"h3":"8980055591bffff","bairro":"Vila da Mutuca","copa":32.6,"verde":47.6,"construido":50.3,"temp":43.9,"urbano":true,"classe":"arborizada","prioridade":11},"geometry":{"type":"Polygon","coordinates":[[[-42.76211,-5.03758],[-42.76107,-5.03588],[-42.76204,-5.03414],[-42.76403,-5.03409],[-42.76507,-5.0358],[-42.7641,-5.03754],[-42.76211,-5.03758]]]}},{"type":"Feature","id":965214375,"properties":{"h3":"89800542857ffff","bairro":"Res. Santa Teresinha","copa":27.1,"verde":83.0,"construido":14.1,"temp":null,"urbano":false,"classe":"arborizada","prioridade":0},"geometry":{"type":"Polygon","coordinates":[[[-42.67525,-5.03761],[-42.67421,-5.03591],[-42.67518,-5.03417],[-42.67717,-5.03413],[-42.67821,-5.03583],[-42.67724,-5.03757],[-42.67525,-5.03761]]]}},{"type":"Feature","id":1515716777,"properties":{"h3":"89800554927ffff","bairro":"Olarias","copa":84.4,"verde":95.0,"construido":5.0,"temp":38.1,"urbano":false,"classe":"arborizada","prioridade":0},"geometry":{"type":"Polygon","coordinates":[[[-42.83699,-5.03778],[-42.83596,-5.03608],[-42.83692,-5.03433],[-42.83891,-5.03429],[-42.83995,-5.03599],[-42.83898,-5.03774],[-42.83699,-5.03778]]]}},{"type":"Feature","id":1787035817,"properties":{"h3":"89800555953ffff","bairro":"Res. Mirante dos Morros I","copa":86.5,"verde":96.4,"construido":3.6,"temp":41.1,"urbano":false,"classe":"arborizada","prioridade":0},"geometry":{"type":"Polygon","coordinates":[[[-42.75612,-5.0377],[-42.75509,-5.036],[-42.75605,-5.03426],[-42.75805,-5.03422],[-42.75908,-5.03592],[-42.75812,-5.03766],[-42.75612,-5.0377]]]}},{"type":"Feature","id":965476519,"properties":{"h3":"8980054285bffff","bairro":"Res. Santa Teresinha","copa":89.2,"verde":96.2,"construido":3.8,"temp":null,"urbano":false,"classe":"arborizada","prioridade":0},"geometry":{"type":"Polygon","coordinates":[[[-42.66926,-5.03773],[-42.66823,-5.03603],[-42.66919,-5.03429],[-42.67119,-5.03425],[-42.67222,-5.03595],[-42.67126,-5.03769],[-42.66926,-5.03773]]]}},{"type":"Feature","id":1002700967,"properties":{"h3":"89800542a93ffff","bairro":"Pq. Bumerangue","copa":70.3,"verde":87.9,"construido":12.1,"temp":null,"urbano":false,"classe":"arborizada","prioridade":0},"geometry":{"type":"Polygon","coordinates":[[[-42.66327,-5.03786],[-42.66224,-5.03615],[-42.6632,-5.03441],[-42.6652,-5.03437],[-42.66623,-5.03607],[-42.66527,-5.03782],[-42.66327,-5.03786]]]}},{"type":"Feature","id":1515978921,"properties":{"h3":"8980055492bffff","bairro":"Poti Velho","copa":31.0,"verde":37.4,"construido":62.6,"temp":43.3,"urbano":true,"classe":"arborizada","prioridade":7},"geometry":{"type":"Polygon","coordinates":[[[-42.831,-5.0379],[-42.82997,-5.0362],[-42.83093,-5.03446],[-42.83293,-5.03442],[-42.83396,-5.03612],[-42.833,-5.03786],[-42.831,-5.0379]]]}},{"type":"Feature","id":1519648937,"properties":{"h3":"89800554963ffff","bairro":"Poti Velho","copa":18.7,"verde":24.2,"construido":75.8,"temp":43.8,"urbano":true,"classe":"moderada","prioridade":32},"geometry":{"type":"Polygon","coordinates":[[[-42.82501,-5.03802],[-42.82398,-5.03632],[-42.82494,-5.03458],[-42.82694,-5.03454],[-42.82797,-5.03624],[-42.82701,-5.03798],[-42.82501,-5.03802]]]}},{"type":"Feature","id":1771569321,"properties":{"h3":"89800555867ffff","bairro":"Conj. Cidade Leste","copa":43.0,"verde":54.0,"construido":44.9,"temp":46.5,"urbano":true,"classe":"arborizada","prioridade":23},"geometry":{"type":"Polygon","coordinates":[[[-42.74414,-5.03794],[-42.74311,-5.03624],[-42.74407,-5.0345],[-42.74607,-5.03446],[-42.7471,-5.03616],[-42.74614,-5.0379],[-42.74414,-5.03794]]]}},{"type":"Feature","id":1558708393,"properties":{"h3":"89800554bb7ffff","bairro":"Mocambinho - Setor E","copa":0.0,"verde":1.9,"construido":97.9,"temp":47.1,"urbano":true,"classe":"critica","prioridade":89},"geometry":{"type":"Polygon","coordinates":[[[-42.81903,-5.03814],[-42.81799,-5.03644],[-42.81896,-5.0347],[-42.82095,-5.03466],[-42.82198,-5.03636],[-42.82102,-5.0381],[-42.81903,-5.03814]]]}},{"type":"Feature","id":1771831465,"properties":{"h3":"8980055586bffff","bairro":"Vila Jesus de Nazaré","copa":37.8,"verde":56.2,"construido":42.4,"temp":null,"urbano":true,"classe":"arborizada","prioridade":17},"geometry":{"type":"Polygon","coordinates":[[[-42.73816,-5.03806],[-42.73712,-5.03636],[-42.73809,-5.03462],[-42.74008,-5.03458],[-42.74111,-5.03628],[-42.74015,-5.03802],[-42.73816,-5.03806]]]}},{"type":"Feature","id":1809055913,"properties":{"h3":"89800555aa3ffff","bairro":"Verde Lar","copa":52.7,"verde":82.8,"construido":16.9,"temp":null,"urbano":false,"classe":"arborizada","prioridade":0},"geometry":{"type":"Polygon","coordinates":[[[-42.73217,-5.03819],[-42.73114,-5.03648],[-42.7321,-5.03474],[-42.73409,-5.0347],[-42.73513,-5.0364],[-42.73416,-5.03815],[-42.73217,-5.03819]]]}},{"type":"Feature","id":1558970537,"properties":{"h3":"89800554bbbffff","bairro":"Vila Sinhá Borges","copa":24.3,"verde":53.1,"construido":46.1,"temp":45.0,"urbano":true,"classe":"moderada","prioridade":26},"geometry":{"type":"Polygon","coordinates":[[[-42.81304,-5.03827],[-42.81201,-5.03656],[-42.81297,-5.03482],[-42.81496,-5.03478],[-42.816,-5.03648],[-42.81503,-5.03823],[-42.81304,-5.03827]]]}},{"type":"Feature","id":1799880873,"properties":{"h3":"89800555a17ffff","bairro":"Árvores Verdes","copa":27.7,"verde":36.2,"construido":55.3,"temp":null,"urbano":true,"classe":"arborizada","prioridade":25},"geometry":{"type":"Polygon","coordinates":[[[-42.72618,-5.03831],[-42.72515,-5.03661],[-42.72611,-5.03486],[-42.72811,-5.03482],[-42.72914,-5.03652],[-42.72818,-5.03827],[-42.72618,-5.03831]]]}},{"type":"Feature","id":1547960489,"properties":{"h3":"89800554b13ffff","bairro":"Buenos Aires","copa":3.3,"verde":3.5,"construido":96.5,"temp":46.7,"urbano":true,"classe":"critica","prioridade":80},"geometry":{"type":"Polygon","coordinates":[[[-42.80705,-5.03839],[-42.80602,-5.03669],[-42.80698,-5.03494],[-42.80898,-5.0349],[-42.81001,-5.03661],[-42.80905,-5.03835],[-42.80705,-5.03839]]]}},{"type":"Feature","id":1793851561,"properties":{"h3":"898005559bbffff","bairro":"Zoobotânico","copa":70.2,"verde":85.6,"construido":14.4,"temp":40.7,"urbano":false,"classe":"arborizada","prioridade":0},"geometry":{"type":"Polygon","coordinates":[[[-42.77112,-5.03912],[-42.77009,-5.03742],[-42.77105,-5.03567],[-42.77305,-5.03563],[-42.77408,-5.03734],[-42.77312,-5.03908],[-42.77112,-5.03912]]]}},{"type":"Feature","id":1782841513,"properties":{"h3":"89800555913ffff","bairro":"Vila da Mutuca","copa":64.6,"verde":71.6,"construido":28.4,"temp":42.0,"urbano":true,"classe":"arborizada","prioridade":0},"geometry":{"type":"Polygon","coordinates":[[[-42.76514,-5.03924],[-42.7641,-5.03754],[-42.76507,-5.0358],[-42.76706,-5.03576],[-42.7681,-5.03746],[-42.76713,-5.0392],[-42.76514,-5.03924]]]}},{"type":"Feature","id":1795162281,"properties":{"h3":"898005559cfffff","bairro":"Porto do Centro","copa":58.2,"verde":61.0,"construido":38.5,"temp":39.9,"urbano":true,"classe":"arborizada","prioridade":0},"geometry":{"type":"Polygon","coordinates":[[[-42.75915,-5.03936],[-42.75812,-5.03766],[-42.75908,-5.03592],[-42.76107,-5.03588],[-42.76211,-5.03758],[-42.76114,-5.03932],[-42.75915,-5.03936]]]}},{"type":"Feature","id":1767375017,"properties":{"h3":"89800555827ffff","bairro":"Porto do Centro","copa":65.9,"verde":71.2,"construido":28.8,"temp":42.7,"urbano":true,"classe":"arborizada","prioridade":2},"geometry":{"type":"Polygon","coordinates":[[[-42.75316,-5.03948],[-42.75213,-5.03778],[-42.75309,-5.03604],[-42.75509,-5.036],[-42.75612,-5.0377],[-42.75516,-5.03944],[-42.75316,-5.03948]]]}},{"type":"Feature","id":964952231,"properties":{"h3":"89800542853ffff","bairro":"Res. Santa Teresinha","copa":61.1,"verde":90.3,"construido":9.7,"temp":null,"urbano":false,"classe":"arborizada","prioridade":0},"geometry":{"type":"Polygon","coordinates":[[[-42.67229,-5.0394],[-42.67126,-5.03769],[-42.67222,-5.03595],[-42.67421,-5.03591],[-42.67525,-5.03761],[-42.67428,-5.03936],[-42.67229,-5.0394]]]}},{"type":"Feature","id":1515454633,"properties":{"h3":"89800554923ffff","bairro":"Olarias","copa":53.4,"verde":84.8,"construido":15.2,"temp":36.6,"urbano":false,"classe":"arborizada","prioridade":0},"geometry":{"type":"Polygon","coordinates":[[[-42.83403,-5.03956],[-42.833,-5.03786],[-42.83396,-5.03612],[-42.83596,-5.03608],[-42.83699,-5.03778],[-42.83603,-5.03952],[-42.83403,-5.03956]]]}},{"type":"Feature","id":1520959657,"properties":{"h3":"89800554977ffff","bairro":"Poti Velho","copa":4.6,"verde":7.4,"construido":88.8,"temp":45.4,"urbano":true,"classe":"critica","prioridade":70},"geometry":{"type":"Polygon","coordinates":[[[-42.82804,-5.03968],[-42.82701,-5.03798],[-42.82797,-5.03624],[-42.82997,-5.0362],[-42.831,-5.0379],[-42.83004,-5.03964],[-42.82804,-5.03968]]]}},{"type":"Feature","id":1767637161,"properties":{"h3":"8980055582bffff","bairro":"Vila Cidade Leste II","copa":31.0,"verde":48.9,"construido":50.5,"temp":47.5,"urbano":true,"classe":"arborizada","prioridade":31},"geometry":{"type":"Polygon","coordinates":[[[-42.74717,-5.0396],[-42.74614,-5.0379],[-42.7471,-5.03616],[-42.7491,-5.03612],[-42.75013,-5.03782],[-42.74917,-5.03956],[-42.74717,-5.0396]]]}},{"type":"Feature","id":1521221801,"properties":{"h3":"8980055497bffff","bairro":"Alto Alegre","copa":1.6,"verde":1.9,"construido":98.1,"temp":45.3,"urbano":true,"classe":"critica","prioridade":75},"geometry":{"type":"Polygon","coordinates":[[[-42.82206,-5.0398],[-42.82102,-5.0381],[-42.82198,-5.03636],[-42.82398,-5.03632],[-42.82501,-5.03802],[-42.82405,-5.03976],[-42.82206,-5.0398]]]}},{"type":"Feature","id":1771307177,"properties":{"h3":"89800555863ffff","bairro":"Conj. Cidade Leste","copa":29.5,"verde":35.0,"construido":65.0,"temp":46.1,"urbano":true,"classe":"arborizada","prioridade":24},"geometry":{"type":"Polygon","coordinates":[[[-42.74118,-5.03973],[-42.74015,-5.03802],[-42.74111,-5.03628],[-42.74311,-5.03624],[-42.74414,-5.03794],[-42.74318,-5.03969],[-42.74118,-5.03973]]]}},{"type":"Feature","id":1810366633,"properties":{"h3":"89800555ab7ffff","bairro":"Verde Lar","copa":43.1,"verde":63.5,"construido":34.6,"temp":null,"urbano":true,"classe":"arborizada","prioridade":14},"geometry":{"type":"Polygon","coordinates":[[[-42.7352,-5.03985],[-42.73416,-5.03815],[-42.73513,-5.0364],[-42.73712,-5.03636],[-42.73816,-5.03806],[-42.73719,-5.03981],[-42.7352,-5.03985]]]}},{"type":"Feature","id":1558446249,"properties":{"h3":"89800554bb3ffff","bairro":"Bom Jesus","copa":0.0,"verde":0.0,"construido":99.5,"temp":46.9,"urbano":true,"classe":"critica","prioridade":88},"geometry":{"type":"Polygon","coordinates":[[[-42.81607,-5.03993],[-42.81503,-5.03823],[-42.816,-5.03648],[-42.81799,-5.03644],[-42.81903,-5.03814],[-42.81806,-5.03989],[-42.81607,-5.03993]]]}},{"type":"Feature","id":1810628777,"properties":{"h3":"89800555abbffff","bairro":"Árvores Verdes","copa":27.5,"verde":38.7,"construido":61.3,"temp":null,"urbano":true,"classe":"arborizada","prioridade":25},"geometry":{"type":"Polygon","coordinates":[[[-42.72921,-5.03997],[-42.72818,-5.03827],[-42.72914,-5.03652],[-42.73114,-5.03648],[-42.73217,-5.03819],[-42.73121,-5.03993],[-42.72921,-5.03997]]]}},{"type":"Feature","id":1556086953,"properties":{"h3":"89800554b8fffff","bairro":"Buenos Aires","copa":9.5,"verde":57.8,"construido":42.2,"temp":45.2,"urbano":true,"classe":"pouca","prioridade":50},"geometry":{"type":"Polygon","coordinates":[[[-42.81008,-5.04005],[-42.80905,-5.03835],[-42.81001,-5.03661],[-42.81201,-5.03656],[-42.81304,-5.03827],[-42.81208,-5.04001],[-42.81008,-5.04005]]]}},{"type":"Feature","id":1559756969,"properties":{"h3":"89800554bc7ffff","bairro":"Buenos Aires","copa":3.8,"verde":15.9,"construido":84.1,"temp":46.3,"urbano":true,"classe":"critica","prioridade":77},"geometry":{"type":"Polygon","coordinates":[[[-42.80409,-5.04017],[-42.80306,-5.03847],[-42.80402,-5.03673],[-42.80602,-5.03669],[-42.80705,-5.03839],[-42.80609,-5.04013],[-42.80409,-5.04017]]]}},{"type":"Feature","id":1799618729,"properties":{"h3":"89800555a13ffff","bairro":"Árvores Verdes","copa":41.4,"verde":50.9,"construido":49.1,"temp":null,"urbano":true,"classe":"arborizada","prioridade":20},"geometry":{"type":"Polygon","coordinates":[[[-42.72322,-5.04009],[-42.72219,-5.03839],[-42.72315,-5.03665],[-42.72515,-5.03661],[-42.72618,-5.03831],[-42.72522,-5.04005],[-42.72322,-5.04009]]]}},{"type":"Feature","id":1560019113,"properties":{"h3":"89800554bcbffff","bairro":"Embrapa","copa":28.5,"verde":86.1,"construido":13.9,"temp":42.9,"urbano":false,"classe":"arborizada","prioridade":0},"geometry":{"type":"Polygon","coordinates":[[[-42.7981,-5.04029],[-42.79707,-5.03859],[-42.79803,-5.03685],[-42.80003,-5.03681],[-42.80106,-5.03851],[-42.8001,-5.04025],[-42.7981,-5.04029]]]}},{"type":"Feature","id":1793327273,"properties":{"h3":"898005559b3ffff","bairro":"Zoobotânico","copa":88.6,"verde":92.8,"construido":7.2,"temp":38.2,"urbano":false,"classe":"arborizada","prioridade":0},"geometry":{"type":"Polygon","coordinates":[[[-42.77415,-5.04078],[-42.77312,-5.03908],[-42.77408,-5.03734],[-42.77608,-5.0373],[-42.77711,-5.039],[-42.77615,-5.04074],[-42.77415,-5.04078]]]}},{"type":"Feature","id":1790967977,"properties":{"h3":"8980055598fffff","bairro":"Zoobotânico","copa":73.9,"verde":85.8,"construido":14.2,"temp":39.3,"urbano":false,"classe":"arborizada","prioridade":0},"geometry":{"type":"Polygon","coordinates":[[[-42.76817,-5.0409],[-42.76713,-5.0392],[-42.7681,-5.03746],[-42.77009,-5.03742],[-42.77112,-5.03912],[-42.77016,-5.04086],[-42.76817,-5.0409]]]}},{"type":"Feature","id":1794637993,"properties":{"h3":"898005559c7ffff","bairro":"Vila Fraternidade","copa":63.5,"verde":64.3,"construido":35.4,"temp":41.4,"urbano":true,"classe":"arborizada","prioridade":0},"geometry":{"type":"Polygon","coordinates":[[[-42.76218,-5.04102],[-42.76114,-5.03932],[-42.76211,-5.03758],[-42.7641,-5.03754],[-42.76514,-5.03924],[-42.76417,-5.04098],[-42.76218,-5.04102]]]}},{"type":"Feature","id":1794900137,"properties":{"h3":"898005559cbffff","bairro":"Porto do Centro","copa":51.5,"verde":61.1,"construido":38.9,"temp":44.9,"urbano":true,"classe":"arborizada","prioridade":13},"geometry":{"type":"Polygon","coordinates":[[[-42.75619,-5.04114],[-42.75516,-5.03944],[-42.75612,-5.0377],[-42.75812,-5.03766],[-42.75915,-5.03936],[-42.75819,-5.0411],[-42.75619,-5.04114]]]}},{"type":"Feature","id":1062731943,"properties":{"h3":"89800542e27ffff","bairro":"Res. Santa Teresinha","copa":69.5,"verde":94.3,"construido":4.9,"temp":null,"urbano":false,"classe":"arborizada","prioridade":0},"geometry":{"type":"Polygon","coordinates":[[[-42.66933,-5.04118],[-42.6683,-5.03948],[-42.66926,-5.03773],[-42.67126,-5.03769],[-42.67229,-5.0394],[-42.67132,-5.04114],[-42.66933,-5.04118]]]}},{"type":"Feature","id":1516765353,"properties":{"h3":"89800554937ffff","bairro":"Olarias","copa":62.1,"verde":92.9,"construido":7.1,"temp":39.0,"urbano":false,"classe":"arborizada","prioridade":0},"geometry":{"type":"Polygon","coordinates":[[[-42.83706,-5.04122],[-42.83603,-5.03952],[-42.83699,-5.03778],[-42.83898,-5.03774],[-42.84002,-5.03944],[-42.83906,-5.04118],[-42.83706,-5.04122]]]}},{"type":"Feature","id":1517027497,"properties":{"h3":"8980055493bffff","bairro":"Mafrense","copa":0.3,"verde":1.1,"construido":97.6,"temp":46.2,"urbano":true,"classe":"critica","prioridade":83},"geometry":{"type":"Polygon","coordinates":[[[-42.83107,-5.04134],[-42.83004,-5.03964],[-42.831,-5.0379],[-42.833,-5.03786],[-42.83403,-5.03956],[-42.83307,-5.0413],[-42.83107,-5.04134]]]}},{"type":"Feature","id":1767112873,"properties":{"h3":"89800555823ffff","bairro":"Porto do Centro","copa":29.3,"verde":37.1,"construido":62.9,"temp":45.8,"urbano":true,"classe":"arborizada","prioridade":22},"geometry":{"type":"Polygon","coordinates":[[[-42.7502,-5.04127],[-42.74917,-5.03956],[-42.75013,-5.03782],[-42.75213,-5.03778],[-42.75316,-5.03948],[-42.7522,-5.04123],[-42.7502,-5.04127]]]}},{"type":"Feature","id":1520697513,"properties":{"h3":"89800554973ffff","bairro":"Alto Alegre","copa":71.8,"verde":74.5,"construido":25.5,"temp":37.6,"urbano":true,"classe":"arborizada","prioridade":0},"geometry":{"type":"Polygon","coordinates":[[[-42.82508,-5.04147],[-42.82405,-5.03976],[-42.82501,-5.03802],[-42.82701,-5.03798],[-42.82804,-5.03968],[-42.82708,-5.04143],[-42.82508,-5.04147]]]}},{"type":"Feature","id":1772617897,"properties":{"h3":"89800555877ffff","bairro":"Conj. Cidade Leste","copa":16.9,"verde":16.9,"construido":83.1,"temp":46.8,"urbano":true,"classe":"moderada","prioridade":53},"geometry":{"type":"Polygon","coordinates":[[[-42.74421,-5.04139],[-42.74318,-5.03969],[-42.74414,-5.03794],[-42.74614,-5.0379],[-42.74717,-5.0396],[-42.74621,-5.04135],[-42.74421,-5.04139]]]}},{"type":"Feature","id":1772880041,"properties":{"h3":"8980055587bffff","bairro":"Lot. Juruá","copa":20.9,"verde":27.2,"construido":72.6,"temp":null,"urbano":true,"classe":"moderada","prioridade":38},"geometry":{"type":"Polygon","coordinates":[[[-42.73823,-5.04151],[-42.73719,-5.03981],[-42.73816,-5.03806],[-42.74015,-5.03802],[-42.74118,-5.03973],[-42.74022,-5.04147],[-42.73823,-5.04151]]]}},{"type":"Feature","id":1518338217,"properties":{"h3":"8980055494fffff","bairro":"Conj. Novo Estilo","copa":0.3,"verde":0.3,"construido":99.7,"temp":47.2,"urbano":true,"classe":"critica","prioridade":89},"geometry":{"type":"Polygon","coordinates":[[[-42.8191,-5.04159],[-42.81806,-5.03989],[-42.81903,-5.03814],[-42.82102,-5.0381],[-42.82206,-5.0398],[-42.82109,-5.04155],[-42.8191,-5.04159]]]}},{"type":"Feature","id":1810104489,"properties":{"h3":"89800555ab3ffff","bairro":"Santa Bárbara","copa":22.6,"verde":24.2,"construido":75.8,"temp":null,"urbano":true,"classe":"moderada","prioridade":35},"geometry":{"type":"Polygon","coordinates":[[[-42.73224,-5.04163],[-42.73121,-5.03993],[-42.73217,-5.03819],[-42.73416,-5.03815],[-42.7352,-5.03985],[-42.73423,-5.04159],[-42.73224,-5.04163]]]}},{"type":"Feature","id":1555562665,"properties":{"h3":"89800554b87ffff","bairro":"Bom Jesus","copa":0.3,"verde":4.7,"construido":95.3,"temp":46.1,"urbano":true,"classe":"critica","prioridade":82},"geometry":{"type":"Polygon","coordinates":[[[-42.81311,-5.04171],[-42.81208,-5.04001],[-42.81304,-5.03827],[-42.81503,-5.03823],[-42.81607,-5.03993],[-42.8151,-5.04167],[-42.81311,-5.04171]]]}},{"type":"Feature","id":1555824809,"properties":{"h3":"89800554b8bffff","bairro":"Buenos Aires","copa":0.3,"verde":2.2,"construido":97.8,"temp":46.7,"urbano":true,"classe":"critica","prioridade":86},"geometry":{"type":"Polygon","coordinates":[[[-42.80712,-5.04183],[-42.80609,-5.04013],[-42.80705,-5.03839],[-42.80905,-5.03835],[-42.81008,-5.04005],[-42.80912,-5.04179],[-42.80712,-5.04183]]]}},{"type":"Feature","id":1807745193,"properties":{"h3":"89800555a8fffff","bairro":"Árvores Verdes","copa":21.6,"verde":41.6,"construido":50.7,"temp":null,"urbano":true,"classe":"moderada","prioridade":37},"geometry":{"type":"Polygon","coordinates":[[[-42.72625,-5.04175],[-42.72522,-5.04005],[-42.72618,-5.03831],[-42.72818,-5.03827],[-42.72921,-5.03997],[-42.72825,-5.04171],[-42.72625,-5.04175]]]}},{"type":"Feature","id":1559494825,"properties":{"h3":"89800554bc3ffff","bairro":"Vila Cristalina","copa":38.5,"verde":74.0,"construido":26.0,"temp":43.9,"urbano":true,"classe":"arborizada","prioridade":6},"geometry":{"type":"Polygon","coordinates":[[[-42.80113,-5.04195],[-42.8001,-5.04025],[-42.80106,-5.03851],[-42.80306,-5.03847],[-42.80409,-5.04017],[-42.80313,-5.04191],[-42.80113,-5.04195]]]}},{"type":"Feature","id":1811415209,"properties":{"h3":"89800555ac7ffff","bairro":"Árvores Verdes","copa":35.1,"verde":75.4,"construido":13.8,"temp":null,"urbano":false,"classe":"arborizada","prioridade":0},"geometry":{"type":"Polygon","coordinates":[[[-42.72026,-5.04187],[-42.71923,-5.04017],[-42.72019,-5.03843],[-42.72219,-5.03839],[-42.72322,-5.04009],[-42.72226,-5.04183],[-42.72026,-5.04187]]]}},{"type":"Feature","id":1537474729,"properties":{"h3":"89800554a73ffff","bairro":"Zoobotânico","copa":75.9,"verde":95.9,"construido":4.1,"temp":37.6,"urbano":false,"classe":"arborizada","prioridade":0},"geometry":{"type":"Polygon","coordinates":[[[-42.78317,-5.04232],[-42.78214,-5.04062],[-42.7831,-5.03888],[-42.7851,-5.03883],[-42.78613,-5.04054],[-42.78517,-5.04228],[-42.78317,-5.04232]]]}},{"type":"Feature","id":1790705833,"properties":{"h3":"8980055598bffff","bairro":"Vila Fraternidade","copa":32.7,"verde":59.1,"construido":23.7,"temp":42.9,"urbano":false,"classe":"arborizada","prioridade":0},"geometry":{"type":"Polygon","coordinates":[[[-42.76521,-5.04268],[-42.76417,-5.04098],[-42.76514,-5.03924],[-42.76713,-5.0392],[-42.76817,-5.0409],[-42.7672,-5.04264],[-42.76521,-5.04268]]]}},{"type":"Feature","id":1794375849,"properties":{"h3":"898005559c3ffff","bairro":"Porto do Centro","copa":69.7,"verde":89.6,"construido":10.4,"temp":45.6,"urbano":false,"classe":"arborizada","prioridade":0},"geometry":{"type":"Polygon","coordinates":[[[-42.75922,-5.04281],[-42.75819,-5.0411],[-42.75915,-5.03936],[-42.76114,-5.03932],[-42.76218,-5.04102],[-42.76121,-5.04277],[-42.75922,-5.04281]]]}},{"type":"Feature","id":972816551,"properties":{"h3":"898005428cbffff","bairro":"Res. Santa Teresinha","copa":42.5,"verde":87.0,"construido":11.1,"temp":null,"urbano":false,"classe":"arborizada","prioridade":0},"geometry":{"type":"Polygon","coordinates":[[[-42.67236,-5.04284],[-42.67132,-5.04114],[-42.67229,-5.0394],[-42.67428,-5.03936],[-42.67532,-5.04106],[-42.67435,-5.0428],[-42.67236,-5.04284]]]}},{"type":"Feature","id":1516503209,"properties":{"h3":"89800554933ffff","bairro":"Olarias","copa":41.1,"verde":68.4,"construido":31.6,"temp":39.4,"urbano":true,"classe":"arborizada","prioridade":0},"geometry":{"type":"Polygon","coordinates":[[[-42.8341,-5.043],[-42.83307,-5.0413],[-42.83403,-5.03956],[-42.83603,-5.03952],[-42.83706,-5.04122],[-42.8361,-5.04296],[-42.8341,-5.043]]]}},{"type":"Feature","id":1768423593,"properties":{"h3":"89800555837ffff","bairro":"Porto do Centro","copa":30.9,"verde":49.1,"construido":46.9,"temp":45.4,"urbano":true,"classe":"arborizada","prioridade":18},"geometry":{"type":"Polygon","coordinates":[[[-42.75323,-5.04293],[-42.7522,-5.04123],[-42.75316,-5.03948],[-42.75516,-5.03944],[-42.75619,-5.04114],[-42.75523,-5.04289],[-42.75323,-5.04293]]]}},{"type":"Feature","id":1514143913,"properties":{"h3":"8980055490fffff","bairro":"Mafrense","copa":5.9,"verde":5.9,"construido":94.1,"temp":45.9,"urbano":true,"classe":"pouca","prioridade":70},"geometry":{"type":"Polygon","coordinates":[[[-42.82811,-5.04313],[-42.82708,-5.04143],[-42.82804,-5.03968],[-42.83004,-5.03964],[-42.83107,-5.04134],[-42.83011,-5.04309],[-42.82811,-5.04313]]]}},{"type":"Feature","id":1768685737,"properties":{"h3":"8980055583bffff","bairro":"Vila Maria","copa":0.0,"verde":0.0,"construido":100.0,"temp":47.8,"urbano":true,"classe":"critica","prioridade":93},"geometry":{"type":"Polygon","coordinates":[[[-42.74724,-5.04305],[-42.74621,-5.04135],[-42.74717,-5.0396],[-42.74917,-5.03956],[-42.7502,-5.04127],[-42.74924,-5.04301],[-42.74724,-5.04305]]]}},{"type":"Feature","id":1772355753,"properties":{"h3":"89800555873ffff","bairro":"Lot. Juruá","copa":19.4,"verde":30.4,"construido":69.6,"temp":null,"urbano":true,"classe":"moderada","prioridade":41},"geometry":{"type":"Polygon","coordinates":[[[-42.74125,-5.04317],[-42.74022,-5.04147],[-42.74118,-5.03973],[-42.74318,-5.03969],[-42.74421,-5.04139],[-42.74325,-5.04313],[-42.74125,-5.04317]]]}},{"type":"Feature","id":1517813929,"properties":{"h3":"89800554947ffff","bairro":"Alto Alegre","copa":32.6,"verde":65.0,"construido":35.0,"temp":45.1,"urbano":true,"classe":"arborizada","prioridade":12},"geometry":{"type":"Polygon","coordinates":[[[-42.82213,-5.04325],[-42.82109,-5.04155],[-42.82206,-5.0398],[-42.82405,-5.03976],[-42.82508,-5.04147],[-42.82412,-5.04321],[-42.82213,-5.04325]]]}},{"type":"Feature","id":1769996457,"properties":{"h3":"8980055584fffff","bairro":"Verde Lar","copa":6.1,"verde":18.1,"construido":80.0,"temp":null,"urbano":true,"classe":"pouca","prioridade":68},"geometry":{"type":"Polygon","coordinates":[[[-42.73527,-5.04329],[-42.73423,-5.04159],[-42.7352,-5.03985],[-42.73719,-5.03981],[-42.73823,-5.04151],[-42.73726,-5.04325],[-42.73527,-5.04329]]]}},{"type":"Feature","id":1518076073,"properties":{"h3":"8980055494bffff","bairro":"Bom Jesus","copa":0.8,"verde":1.1,"construido":98.9,"temp":46.4,"urbano":true,"classe":"critica","prioridade":83},"geometry":{"type":"Polygon","coordinates":[[[-42.81614,-5.04337],[-42.8151,-5.04167],[-42.81607,-5.03993],[-42.81806,-5.03989],[-42.8191,-5.04159],[-42.81813,-5.04333],[-42.81614,-5.04337]]]}},{"type":"Feature","id":1555300521,"properties":{"h3":"89800554b83ffff","bairro":"Buenos Aires","copa":0.5,"verde":0.5,"construido":99.5,"temp":46.2,"urbano":true,"classe":"critica","prioridade":83},"geometry":{"type":"Polygon","coordinates":[[[-42.81015,-5.04349],[-42.80912,-5.04179],[-42.81008,-5.04005],[-42.81208,-5.04001],[-42.81311,-5.04171],[-42.81215,-5.04345],[-42.81015,-5.04349]]]}},{"type":"Feature","id":1807220905,"properties":{"h3":"89800555a87ffff","bairro":"Santa Bárbara","copa":2.9,"verde":2.9,"construido":97.1,"temp":null,"urbano":true,"classe":"critica","prioridade":74},"geometry":{"type":"Polygon","coordinates":[[[-42.72928,-5.04341],[-42.72825,-5.04171],[-42.72921,-5.03997],[-42.73121,-5.03993],[-42.73224,-5.04163],[-42.73127,-5.04337],[-42.72928,-5.04341]]]}},{"type":"Feature","id":1560805545,"properties":{"h3":"89800554bd7ffff","bairro":"Vila Cristalina","copa":5.1,"verde":5.1,"construido":94.9,"temp":46.3,"urbano":true,"classe":"pouca","prioridade":74},"geometry":{"type":"Polygon","coordinates":[[[-42.80416,-5.04361],[-42.80313,-5.04191],[-42.80409,-5.04017],[-42.80609,-5.04013],[-42.80712,-5.04183],[-42.80616,-5.04357],[-42.80416,-5.04361]]]}},{"type":"Feature","id":1807483049,"properties":{"h3":"89800555a8bffff","bairro":"Árvores Verdes","copa":62.4,"verde":84.6,"construido":12.1,"temp":null,"urbano":false,"classe":"arborizada","prioridade":0},"geometry":{"type":"Polygon","coordinates":[[[-42.72329,-5.04353],[-42.72226,-5.04183],[-42.72322,-5.04009],[-42.72522,-5.04005],[-42.72625,-5.04175],[-42.72529,-5.04349],[-42.72329,-5.04353]]]}},{"type":"Feature","id":1790181545,"properties":{"h3":"89800555983ffff","bairro":"Zoobotânico","copa":86.9,"verde":88.0,"construido":12.0,"temp":39.0,"urbano":false,"classe":"arborizada","prioridade":0},"geometry":{"type":"Polygon","coordinates":[[[-42.76824,-5.04435],[-42.7672,-5.04264],[-42.76817,-5.0409],[-42.77016,-5.04086],[-42.77119,-5.04256],[-42.77023,-5.0443],[-42.76824,-5.04435]]]}},{"type":"Feature","id":1795686569,"properties":{"h3":"898005559d7ffff","bairro":"Vila Fraternidade","copa":70.7,"verde":87.7,"construido":12.3,"temp":39.2,"urbano":false,"classe":"arborizada","prioridade":0},"geometry":{"type":"Polygon","coordinates":[[[-42.76225,-5.04447],[-42.76121,-5.04277],[-42.76218,-5.04102],[-42.76417,-5.04098],[-42.76521,-5.04268],[-42.76424,-5.04443],[-42.76225,-5.04447]]]}},{"type":"Feature","id":1524629673,"properties":{"h3":"898005549afffff","bairro":"Olarias","copa":38.4,"verde":82.5,"construido":17.2,"temp":42.0,"urbano":false,"classe":"arborizada","prioridade":0},"geometry":{"type":"Polygon","coordinates":[[[-42.83713,-5.04467],[-42.8361,-5.04296],[-42.83706,-5.04122],[-42.83906,-5.04118],[-42.84009,-5.04288],[-42.83913,-5.04462],[-42.83713,-5.04467]]]}},{"type":"Feature","id":1795948713,"properties":{"h3":"898005559dbffff","bairro":"Porto do Centro","copa":31.2,"verde":45.6,"construido":54.1,"temp":45.1,"urbano":true,"classe":"arborizada","prioridade":17},"geometry":{"type":"Polygon","coordinates":[[[-42.75626,-5.04459],[-42.75523,-5.04289],[-42.75619,-5.04114],[-42.75819,-5.0411],[-42.75922,-5.04281],[-42.75826,-5.04455],[-42.75626,-5.04459]]]}},{"type":"Feature","id":1513619625,"properties":{"h3":"89800554907ffff","bairro":"Mafrense","copa":2.7,"verde":14.1,"construido":85.9,"temp":46.3,"urbano":true,"classe":"critica","prioridade":79},"geometry":{"type":"Polygon","coordinates":[[[-42.83114,-5.04479],[-42.83011,-5.04309],[-42.83107,-5.04134],[-42.83307,-5.0413],[-42.8341,-5.043],[-42.83314,-5.04475],[-42.83114,-5.04479]]]}},{"type":"Feature","id":1768161449,"properties":{"h3":"89800555833ffff","bairro":"Vila Maria","copa":17.6,"verde":17.6,"construido":82.4,"temp":45.3,"urbano":true,"classe":"moderada","prioridade":44},"geometry":{"type":"Polygon","coordinates":[[[-42.75027,-5.04471],[-42.74924,-5.04301],[-42.7502,-5.04127],[-42.7522,-5.04123],[-42.75323,-5.04293],[-42.75227,-5.04467],[-42.75027,-5.04471]]]}},{"type":"Feature","id":1765802153,"properties":{"h3":"8980055580fffff","bairro":"Conjunto Taquari","copa":18.3,"verde":19.4,"construido":80.6,"temp":46.8,"urbano":true,"classe":"moderada","prioridade":50},"geometry":{"type":"Polygon","coordinates":[[[-42.74428,-5.04483],[-42.74325,-5.04313],[-42.74421,-5.04139],[-42.74621,-5.04135],[-42.74724,-5.04305],[-42.74628,-5.04479],[-42.74428,-5.04483]]]}},{"type":"Feature","id":1513881769,"properties":{"h3":"8980055490bffff","bairro":"Alto Alegre","copa":93.0,"verde":93.9,"construido":6.1,"temp":35.8,"urbano":false,"classe":"arborizada","prioridade":0},"geometry":{"type":"Polygon","coordinates":[[[-42.82515,-5.04491],[-42.82412,-5.04321],[-42.82508,-5.04147],[-42.82708,-5.04143],[-42.82811,-5.04313],[-42.82715,-5.04487],[-42.82515,-5.04491]]]}},{"type":"Feature","id":1769472169,"properties":{"h3":"89800555847ffff","bairro":"Lot. Juruá","copa":19.4,"verde":41.8,"construido":55.3,"temp":45.9,"urbano":true,"classe":"moderada","prioridade":43},"geometry":{"type":"Polygon","coordinates":[[[-42.7383,-5.04495],[-42.73726,-5.04325],[-42.73823,-5.04151],[-42.74022,-5.04147],[-42.74125,-5.04317],[-42.74029,-5.04491],[-42.7383,-5.04495]]]}},{"type":"Feature","id":1517551785,"properties":{"h3":"89800554943ffff","bairro":"Conj. Novo Estilo","copa":13.0,"verde":13.0,"construido":87.0,"temp":46.1,"urbano":true,"classe":"moderada","prioridade":57},"geometry":{"type":"Polygon","coordinates":[[[-42.81917,-5.04503],[-42.81813,-5.04333],[-42.8191,-5.04159],[-42.82109,-5.04155],[-42.82213,-5.04325],[-42.82116,-5.04499],[-42.81917,-5.04503]]]}},{"type":"Feature","id":1556611241,"properties":{"h3":"89800554b97ffff","bairro":"Memorare","copa":3.7,"verde":4.0,"construido":96.0,"temp":46.2,"urbano":true,"classe":"critica","prioridade":76},"geometry":{"type":"Polygon","coordinates":[[[-42.81318,-5.04515],[-42.81215,-5.04345],[-42.81311,-5.04171],[-42.8151,-5.04167],[-42.81614,-5.04337],[-42.81518,-5.04511],[-42.81318,-5.04515]]]}},{"type":"Feature","id":1769734313,"properties":{"h3":"8980055584bffff","bairro":"Santa Bárbara","copa":2.4,"verde":3.5,"construido":96.5,"temp":null,"urbano":true,"classe":"critica","prioridade":75},"geometry":{"type":"Polygon","coordinates":[[[-42.73231,-5.04507],[-42.73127,-5.04337],[-42.73224,-5.04163],[-42.73423,-5.04159],[-42.73527,-5.04329],[-42.7343,-5.04503],[-42.73231,-5.04507]]]}},{"type":"Feature","id":1556873385,"properties":{"h3":"89800554b9bffff","bairro":"Água Mineral","copa":3.2,"verde":3.2,"construido":96.8,"temp":46.3,"urbano":true,"classe":"critica","prioridade":78},"geometry":{"type":"Polygon","coordinates":[[[-42.80719,-5.04528],[-42.80616,-5.04357],[-42.80712,-5.04183],[-42.80912,-5.04179],[-42.81015,-5.04349],[-42.80919,-5.04524],[-42.80719,-5.04528]]]}},{"type":"Feature","id":1806958761,"properties":{"h3":"89800555a83ffff","bairro":"Árvores Verdes","copa":55.2,"verde":58.0,"construido":42.0,"temp":null,"urbano":true,"classe":"arborizada","prioridade":17},"geometry":{"type":"Polygon","coordinates":[[[-42.72632,-5.0452],[-42.72529,-5.04349],[-42.72625,-5.04175],[-42.72825,-5.04171],[-42.72928,-5.04341],[-42.72832,-5.04515],[-42.72632,-5.0452]]]}},{"type":"Feature","id":1812463785,"properties":{"h3":"89800555ad7ffff","bairro":"Árvores Verdes","copa":11.0,"verde":43.3,"construido":39.6,"temp":null,"urbano":true,"classe":"pouca","prioridade":46},"geometry":{"type":"Polygon","coordinates":[[[-42.72033,-5.04532],[-42.7193,-5.04361],[-42.72026,-5.04187],[-42.72226,-5.04183],[-42.72329,-5.04353],[-42.72233,-5.04528],[-42.72033,-5.04532]]]}},{"type":"Feature","id":1560543401,"properties":{"h3":"89800554bd3ffff","bairro":"Vila Cristalina","copa":50.7,"verde":59.2,"construido":40.8,"temp":43.9,"urbano":true,"classe":"arborizada","prioridade":9},"geometry":{"type":"Polygon","coordinates":[[[-42.8012,-5.0454],[-42.80017,-5.0437],[-42.80113,-5.04195],[-42.80313,-5.04191],[-42.80416,-5.04361],[-42.8032,-5.04536],[-42.8012,-5.0454]]]}},{"type":"Feature","id":1541406889,"properties":{"h3":"89800554aafffff","bairro":"Vila Parque Ininga","copa":82.4,"verde":96.7,"construido":3.3,"temp":38.9,"urbano":false,"classe":"arborizada","prioridade":0},"geometry":{"type":"Polygon","coordinates":[[[-42.79522,-5.04552],[-42.79418,-5.04382],[-42.79515,-5.04208],[-42.79714,-5.04204],[-42.79817,-5.04374],[-42.79721,-5.04548],[-42.79522,-5.04552]]]}},{"type":"Feature","id":1530396841,"properties":{"h3":"89800554a07ffff","bairro":"Vila Ininga","copa":81.0,"verde":96.0,"construido":4.0,"temp":38.5,"urbano":false,"classe":"arborizada","prioridade":0},"geometry":{"type":"Polygon","coordinates":[[[-42.78923,-5.04564],[-42.78819,-5.04394],[-42.78916,-5.0422],[-42.79115,-5.04216],[-42.79219,-5.04386],[-42.79122,-5.0456],[-42.78923,-5.04564]]]}},{"type":"Feature","id":1791492265,"properties":{"h3":"89800555997ffff","bairro":"Zoobotânico","copa":69.5,"verde":94.3,"construido":5.4,"temp":39.7,"urbano":false,"classe":"arborizada","prioridade":0},"geometry":{"type":"Polygon","coordinates":[[[-42.77126,-5.04601],[-42.77023,-5.0443],[-42.77119,-5.04256],[-42.77319,-5.04252],[-42.77422,-5.04422],[-42.77326,-5.04597],[-42.77126,-5.04601]]]}},{"type":"Feature","id":1791754409,"properties":{"h3":"8980055599bffff","bairro":"Vila Fraternidade","copa":61.3,"verde":76.7,"construido":21.0,"temp":42.7,"urbano":false,"classe":"arborizada","prioridade":0},"geometry":{"type":"Polygon","coordinates":[[[-42.76528,-5.04613],[-42.76424,-5.04443],[-42.76521,-5.04268],[-42.7672,-5.04264],[-42.76824,-5.04435],[-42.76727,-5.04609],[-42.76528,-5.04613]]]}},{"type":"Feature","id":1795424425,"properties":{"h3":"898005559d3ffff","bairro":"Vila Fraternidade","copa":67.1,"verde":78.6,"construido":21.4,"temp":40.1,"urbano":false,"classe":"arborizada","prioridade":0},"geometry":{"type":"Polygon","coordinates":[[[-42.75929,-5.04625],[-42.75826,-5.04455],[-42.75922,-5.04281],[-42.76121,-5.04277],[-42.76225,-5.04447],[-42.76128,-5.04621],[-42.75929,-5.04625]]]}},{"type":"Feature","id":973865127,"properties":{"h3":"898005428dbffff","bairro":"Res. Santa Teresinha","copa":69.7,"verde":86.2,"construido":12.5,"temp":null,"urbano":false,"classe":"arborizada","prioridade":0},"geometry":{"type":"Polygon","coordinates":[[[-42.67243,-5.04628],[-42.67139,-5.04458],[-42.67236,-5.04284],[-42.67435,-5.0428],[-42.67539,-5.0445],[-42.67442,-5.04624],[-42.67243,-5.04628]]]}},{"type":"Feature","id":1524367529,"properties":{"h3":"898005549abffff","bairro":"Mafrense","copa":39.2,"verde":51.5,"construido":48.5,"temp":40.2,"urbano":true,"classe":"arborizada","prioridade":0},"geometry":{"type":"Polygon","coordinates":[[[-42.83417,-5.04645],[-42.83314,-5.04475],[-42.8341,-5.043],[-42.8361,-5.04296],[-42.83713,-5.04467],[-42.83617,-5.04641],[-42.83417,-5.04645]]]}},{"type":"Feature","id":1776287913,"properties":{"h3":"898005558afffff","bairro":"Porto do Centro","copa":68.9,"verde":73.0,"construido":27.0,"temp":40.8,"urbano":true,"classe":"arborizada","prioridade":0},"geometry":{"type":"Polygon","coordinates":[[[-42.7533,-5.04637],[-42.75227,-5.04467],[-42.75323,-5.04293],[-42.75523,-5.04289],[-42.75626,-5.04459],[-42.7553,-5.04633],[-42.7533,-5.04637]]]}},{"type":"Feature","id":1765277865,"properties":{"h3":"89800555807ffff","bairro":"Vila Maria","copa":2.9,"verde":8.0,"construido":90.9,"temp":47.1,"urbano":true,"classe":"critica","prioridade":83},"geometry":{"type":"Polygon","coordinates":[[[-42.74731,-5.04649],[-42.74628,-5.04479],[-42.74724,-5.04305],[-42.74924,-5.04301],[-42.75027,-5.04471],[-42.74931,-5.04645],[-42.74731,-5.04649]]]}},{"type":"Feature","id":1513357481,"properties":{"h3":"89800554903ffff","bairro":"Mafrense","copa":48.1,"verde":51.1,"construido":48.9,"temp":41.2,"urbano":true,"classe":"arborizada","prioridade":0},"geometry":{"type":"Polygon","coordinates":[[[-42.82818,-5.04657],[-42.82715,-5.04487],[-42.82811,-5.04313],[-42.83011,-5.04309],[-42.83114,-5.04479],[-42.83018,-5.04653],[-42.82818,-5.04657]]]}},{"type":"Feature","id":1765540009,"properties":{"h3":"8980055580bffff","bairro":"Lot. Juruá","copa":67.6,"verde":80.6,"construido":14.4,"temp":39.9,"urbano":false,"classe":"arborizada","prioridade":0},"geometry":{"type":"Polygon","coordinates":[[[-42.74132,-5.04661],[-42.74029,-5.04491],[-42.74125,-5.04317],[-42.74325,-5.04313],[-42.74428,-5.04483],[-42.74332,-5.04657],[-42.74132,-5.04661]]]}},{"type":"Feature","id":1518862505,"properties":{"h3":"89800554957ffff","bairro":"Itaperu","copa":13.8,"verde":26.7,"construido":73.3,"temp":45.9,"urbano":true,"classe":"moderada","prioridade":55},"geometry":{"type":"Polygon","coordinates":[[[-42.8222,-5.04669],[-42.82116,-5.04499],[-42.82213,-5.04325],[-42.82412,-5.04321],[-42.82515,-5.04491],[-42.82419,-5.04665],[-42.8222,-5.04669]]]}},{"type":"Feature","id":1519124649,"properties":{"h3":"8980055495bffff","bairro":"Memorare","copa":42.6,"verde":45.2,"construido":54.8,"temp":41.9,"urbano":true,"classe":"arborizada","prioridade":0},"geometry":{"type":"Polygon","coordinates":[[[-42.81621,-5.04681],[-42.81518,-5.04511],[-42.81614,-5.04337],[-42.81813,-5.04333],[-42.81917,-5.04503],[-42.8182,-5.04677],[-42.81621,-5.04681]]]}},{"type":"Feature","id":1769210025,"properties":{"h3":"89800555843ffff","bairro":"Lot. Jardim do Vale","copa":24.8,"verde":55.3,"construido":38.8,"temp":46.2,"urbano":true,"classe":"moderada","prioridade":26},"geometry":{"type":"Polygon","coordinates":[[[-42.73534,-5.04674],[-42.7343,-5.04503],[-42.73527,-5.04329],[-42.73726,-5.04325],[-42.7383,-5.04495],[-42.73733,-5.04669],[-42.73534,-5.04674]]]}},{"type":"Feature","id":1556349097,"properties":{"h3":"89800554b93ffff","bairro":"Água Mineral","copa":3.7,"verde":4.3,"construido":95.7,"temp":46.0,"urbano":true,"classe":"critica","prioridade":75},"geometry":{"type":"Polygon","coordinates":[[[-42.81022,-5.04694],[-42.80919,-5.04524],[-42.81015,-5.04349],[-42.81215,-5.04345],[-42.81318,-5.04515],[-42.81222,-5.0469],[-42.81022,-5.04694]]]}},{"type":"Feature","id":1808269481,"properties":{"h3":"89800555a97ffff","bairro":"Santa Bárbara","copa":14.3,"verde":15.4,"construido":84.6,"temp":44.9,"urbano":true,"classe":"moderada","prioridade":48},"geometry":{"type":"Polygon","coordinates":[[[-42.72935,-5.04686],[-42.72832,-5.04515],[-42.72928,-5.04341],[-42.73127,-5.04337],[-42.73231,-5.04507],[-42.73134,-5.04682],[-42.72935,-5.04686]]]}},{"type":"Feature","id":1808531625,"properties":{"h3":"89800555a9bffff","bairro":"Árvores Verdes","copa":66.5,"verde":91.2,"construido":8.0,"temp":39.5,"urbano":false,"classe":"arborizada","prioridade":0},"geometry":{"type":"Polygon","coordinates":[[[-42.72336,-5.04698],[-42.72233,-5.04528],[-42.72329,-5.04353],[-42.72529,-5.04349],[-42.72632,-5.0452],[-42.72536,-5.04694],[-42.72336,-5.04698]]]}},{"type":"Feature","id":1503658153,"properties":{"h3":"8980055486fffff","bairro":"Vila Cristalina","copa":29.5,"verde":29.5,"construido":70.5,"temp":45.2,"urbano":true,"classe":"arborizada","prioridade":19},"geometry":{"type":"Polygon","coordinates":[[[-42.80423,-5.04706],[-42.8032,-5.04536],[-42.80416,-5.04361],[-42.80616,-5.04357],[-42.80719,-5.04528],[-42.80623,-5.04702],[-42.80423,-5.04706]]]}},{"type":"Feature","id":1540882601,"properties":{"h3":"89800554aa7ffff","bairro":"Vila Cristalina","copa":40.4,"verde":84.0,"construido":15.6,"temp":41.9,"urbano":false,"classe":"arborizada","prioridade":0},"geometry":{"type":"Polygon","coordinates":[[[-42.79824,-5.04718],[-42.79721,-5.04548],[-42.79817,-5.04374],[-42.80017,-5.0437],[-42.8012,-5.0454],[-42.80024,-5.04714],[-42.79824,-5.04718]]]}},{"type":"Feature","id":1541144745,"properties":{"h3":"89800554aabffff","bairro":"Vila Parque Ininga","copa":35.9,"verde":86.9,"construido":12.3,"temp":40.9,"urbano":false,"classe":"arborizada","prioridade":0},"geometry":{"type":"Polygon","coordinates":[[[-42.79226,-5.0473],[-42.79122,-5.0456],[-42.79219,-5.04386],[-42.79418,-5.04382],[-42.79522,-5.04552],[-42.79425,-5.04726],[-42.79226,-5.0473]]]}},{"type":"Feature","id":1535639721,"properties":{"h3":"89800554a57ffff","bairro":"Zoobotânico","copa":69.9,"verde":85.5,"construido":14.5,"temp":41.6,"urbano":false,"classe":"arborizada","prioridade":0},"geometry":{"type":"Polygon","coordinates":[[[-42.78028,-5.04755],[-42.77925,-5.04584],[-42.78021,-5.0441],[-42.78221,-5.04406],[-42.78324,-5.04576],[-42.78228,-5.04751],[-42.78028,-5.04755]]]}},{"type":"Feature","id":1791230121,"properties":{"h3":"89800555993ffff","bairro":"Vila Fraternidade","copa":19.7,"verde":41.9,"construido":54.9,"temp":45.3,"urbano":true,"classe":"moderada","prioridade":39},"geometry":{"type":"Polygon","coordinates":[[[-42.76831,-5.04779],[-42.76727,-5.04609],[-42.76824,-5.04435],[-42.77023,-5.0443],[-42.77126,-5.04601],[-42.7703,-5.04775],[-42.76831,-5.04779]]]}},{"type":"Feature","id":1855979689,"properties":{"h3":"89800555d6fffff","bairro":"Vila Fraternidade","copa":20.6,"verde":35.9,"construido":64.1,"temp":44.4,"urbano":true,"classe":"moderada","prioridade":32},"geometry":{"type":"Polygon","coordinates":[[[-42.76232,-5.04791],[-42.76128,-5.04621],[-42.76225,-5.04447],[-42.76424,-5.04443],[-42.76528,-5.04613],[-42.76431,-5.04787],[-42.76232,-5.04791]]]}},{"type":"Feature","id":1523843241,"properties":{"h3":"898005549a3ffff","bairro":"Vila Apolônia","copa":41.8,"verde":74.2,"construido":24.7,"temp":40.9,"urbano":false,"classe":"arborizada","prioridade":0},"geometry":{"type":"Polygon","coordinates":[[[-42.8372,-5.04811],[-42.83617,-5.04641],[-42.83713,-5.04467],[-42.83913,-5.04462],[-42.84016,-5.04633],[-42.8392,-5.04807],[-42.8372,-5.04811]]]}},{"type":"Feature","id":1775763625,"properties":{"h3":"898005558a7ffff","bairro":"Satélite","copa":77.4,"verde":88.2,"construido":11.8,"temp":42.5,"urbano":false,"classe":"arborizada","prioridade":0},"geometry":{"type":"Polygon","coordinates":[[[-42.75633,-5.04803],[-42.7553,-5.04633],[-42.75626,-5.04459],[-42.75826,-5.04455],[-42.75929,-5.04625],[-42.75833,-5.04799],[-42.75633,-5.04803]]]}},{"type":"Feature","id":1776025769,"properties":{"h3":"898005558abffff","bairro":"Vila Bandeirante","copa":8.0,"verde":8.0,"construido":92.0,"temp":45.2,"urbano":true,"classe":"pouca","prioridade":62},"geometry":{"type":"Polygon","coordinates":[[[-42.75034,-5.04815],[-42.74931,-5.04645],[-42.75027,-5.04471],[-42.75227,-5.04467],[-42.7533,-5.04637],[-42.75234,-5.04811],[-42.75034,-5.04815]]]}},{"type":"Feature","id":1514668201,"properties":{"h3":"89800554917ffff","bairro":"Mafrense","copa":30.3,"verde":64.9,"construido":28.1,"temp":35.9,"urbano":true,"classe":"arborizada","prioridade":0},"geometry":{"type":"Polygon","coordinates":[[[-42.83121,-5.04823],[-42.83018,-5.04653],[-42.83114,-5.04479],[-42.83314,-5.04475],[-42.83417,-5.04645],[-42.83321,-5.04819],[-42.83121,-5.04823]]]}},{"type":"Feature","id":1514930345,"properties":{"h3":"8980055491bffff","bairro":"Itaperu","copa":19.2,"verde":24.7,"construido":75.3,"temp":45.4,"urbano":true,"classe":"moderada","prioridade":41},"geometry":{"type":"Polygon","coordinates":[[[-42.82522,-5.04835],[-42.82419,-5.04665],[-42.82515,-5.04491],[-42.82715,-5.04487],[-42.82818,-5.04657],[-42.82722,-5.04831],[-42.82522,-5.04835]]]}},{"type":"Feature","id":1765015721,"properties":{"h3":"89800555803ffff","bairro":"Res. Geovane Prado","copa":2.1,"verde":9.9,"construido":84.3,"temp":48.8,"urbano":true,"classe":"critica","prioridade":94},"geometry":{"type":"Polygon","coordinates":[[[-42.74435,-5.04828],[-42.74332,-5.04657],[-42.74428,-5.04483],[-42.74628,-5.04479],[-42.74731,-5.04649],[-42.74635,-5.04823],[-42.74435,-5.04828]]]}},{"type":"Feature","id":1518600361,"properties":{"h3":"89800554953ffff","bairro":"Itaperu","copa":24.0,"verde":41.1,"construido":58.9,"temp":43.9,"urbano":true,"classe":"moderada","prioridade":23},"geometry":{"type":"Polygon","coordinates":[[[-42.81924,-5.04848],[-42.8182,-5.04677],[-42.81917,-5.04503],[-42.82116,-5.04499],[-42.8222,-5.04669],[-42.82123,-5.04843],[-42.81924,-5.04848]]]}},{"type":"Feature","id":1770520745,"properties":{"h3":"89800555857ffff","bairro":"Lot. Jardim do Vale","copa":18.6,"verde":49.7,"construido":42.4,"temp":46.2,"urbano":true,"classe":"moderada","prioridade":39},"geometry":{"type":"Polygon","coordinates":[[[-42.73837,-5.0484],[-42.73733,-5.04669],[-42.7383,-5.04495],[-42.74029,-5.04491],[-42.74132,-5.04661],[-42.74036,-5.04836],[-42.73837,-5.0484]]]}},{"type":"Feature","id":1770782889,"properties":{"h3":"8980055585bffff","bairro":"Lot. Jardim do Vale","copa":8.4,"verde":10.1,"construido":89.9,"temp":46.8,"urbano":true,"classe":"pouca","prioridade":70},"geometry":{"type":"Polygon","coordinates":[[[-42.73238,-5.04852],[-42.73134,-5.04682],[-42.73231,-5.04507],[-42.7343,-5.04503],[-42.73534,-5.04674],[-42.73437,-5.04848],[-42.73238,-5.04852]]]}},{"type":"Feature","id":1499463849,"properties":{"h3":"8980055482fffff","bairro":"Memorare","copa":0.8,"verde":0.8,"construido":99.2,"temp":47.4,"urbano":true,"classe":"critica","prioridade":89},"geometry":{"type":"Polygon","coordinates":[[[-42.81325,-5.0486],[-42.81222,-5.0469],[-42.81318,-5.04515],[-42.81518,-5.04511],[-42.81621,-5.04681],[-42.81525,-5.04856],[-42.81325,-5.0486]]]}},{"type":"Feature","id":1503133865,"properties":{"h3":"89800554867ffff","bairro":"Vila Trindade","copa":9.2,"verde":10.1,"construido":89.9,"temp":46.0,"urbano":true,"classe":"pouca","prioridade":64},"geometry":{"type":"Polygon","coordinates":[[[-42.80726,-5.04872],[-42.80623,-5.04702],[-42.80719,-5.04528],[-42.80919,-5.04524],[-42.81022,-5.04694],[-42.80926,-5.04868],[-42.80726,-5.04872]]]}},{"type":"Feature","id":1503396009,"properties":{"h3":"8980055486bffff","bairro":"Vila Terra de Abraão (Invasão)","copa":35.0,"verde":84.1,"construido":14.5,"temp":39.4,"urbano":false,"classe":"arborizada","prioridade":0},"geometry":{"type":"Polygon","coordinates":[[[-42.80127,-5.04884],[-42.80024,-5.04714],[-42.8012,-5.0454],[-42.8032,-5.04536],[-42.80423,-5.04706],[-42.80327,-5.0488],[-42.80127,-5.04884]]]}},{"type":"Feature","id":1872756905,"properties":{"h3":"89800555e6fffff","bairro":"Árvores Verdes","copa":21.9,"verde":59.2,"construido":32.5,"temp":42.5,"urbano":true,"classe":"moderada","prioridade":13},"geometry":{"type":"Polygon","coordinates":[[[-42.7204,-5.04876],[-42.71937,-5.04706],[-42.72033,-5.04532],[-42.72233,-5.04528],[-42.72336,-5.04698],[-42.7224,-5.04872],[-42.7204,-5.04876]]]}},{"type":"Feature","id":1540620457,"properties":{"h3":"89800554aa3ffff","bairro":"Vila Parque Ininga","copa":41.3,"verde":89.9,"construido":9.6,"temp":41.2,"urbano":false,"classe":"arborizada","prioridade":0},"geometry":{"type":"Polygon","coordinates":[[[-42.79529,-5.04896],[-42.79425,-5.04726],[-42.79522,-5.04552],[-42.79721,-5.04548],[-42.79824,-5.04718],[-42.79728,-5.04892],[-42.79529,-5.04896]]]}},{"type":"Feature","id":1531445417,"properties":{"h3":"89800554a17ffff","bairro":"Vila Ininga","copa":33.1,"verde":58.7,"construido":41.3,"temp":45.5,"urbano":true,"classe":"arborizada","prioridade":16},"geometry":{"type":"Polygon","coordinates":[[[-42.7893,-5.04909],[-42.78827,-5.04738],[-42.78923,-5.04564],[-42.79122,-5.0456],[-42.79226,-5.0473],[-42.79129,-5.04904],[-42.7893,-5.04909]]]}},{"type":"Feature","id":1531707561,"properties":{"h3":"89800554a1bffff","bairro":"Vila Ininga","copa":31.1,"verde":73.0,"construido":27.0,"temp":43.8,"urbano":true,"classe":"arborizada","prioridade":6},"geometry":{"type":"Polygon","coordinates":[[[-42.78331,-5.04921],[-42.78228,-5.04751],[-42.78324,-5.04576],[-42.78524,-5.04572],[-42.78627,-5.04742],[-42.78531,-5.04917],[-42.78331,-5.04921]]]}},{"type":"Feature","id":1855455401,"properties":{"h3":"89800555d67ffff","bairro":"Vila Fraternidade","copa":5.4,"verde":44.1,"construido":43.0,"temp":45.8,"urbano":true,"classe":"pouca","prioridade":61},"geometry":{"type":"Polygon","coordinates":[[[-42.76535,-5.04957],[-42.76431,-5.04787],[-42.76528,-5.04613],[-42.76727,-5.04609],[-42.76831,-5.04779],[-42.76734,-5.04953],[-42.76535,-5.04957]]]}},{"type":"Feature","id":1855717545,"properties":{"h3":"89800555d6bffff","bairro":"Satélite","copa":17.6,"verde":24.8,"construido":74.9,"temp":46.5,"urbano":true,"classe":"moderada","prioridade":50},"geometry":{"type":"Polygon","coordinates":[[[-42.75936,-5.04969],[-42.75833,-5.04799],[-42.75929,-5.04625],[-42.76128,-5.04621],[-42.76232,-5.04791],[-42.76135,-5.04965],[-42.75936,-5.04969]]]}},{"type":"Feature","id":1775501481,"properties":{"h3":"898005558a3ffff","bairro":"Satélite","copa":22.9,"verde":24.0,"construido":76.0,"temp":44.9,"urbano":true,"classe":"moderada","prioridade":31},"geometry":{"type":"Polygon","coordinates":[[[-42.75337,-5.04981],[-42.75234,-5.04811],[-42.7533,-5.04637],[-42.7553,-5.04633],[-42.75633,-5.04803],[-42.75537,-5.04977],[-42.75337,-5.04981]]]}},{"type":"Feature","id":1525416105,"properties":{"h3":"898005549bbffff","bairro":"Vila Apolônia","copa":53.4,"verde":88.1,"construido":11.1,"temp":37.9,"urbano":false,"classe":"arborizada","prioridade":0},"geometry":{"type":"Polygon","coordinates":[[[-42.83424,-5.04989],[-42.83321,-5.04819],[-42.83417,-5.04645],[-42.83617,-5.04641],[-42.8372,-5.04811],[-42.83624,-5.04985],[-42.83424,-5.04989]]]}},{"type":"Feature","id":1514406057,"properties":{"h3":"89800554913ffff","bairro":"Nova Brasilia","copa":48.2,"verde":51.5,"construido":48.5,"temp":37.5,"urbano":true,"classe":"arborizada","prioridade":0},"geometry":{"type":"Polygon","coordinates":[[[-42.82825,-5.05001],[-42.82722,-5.04831],[-42.82818,-5.04657],[-42.83018,-5.04653],[-42.83121,-5.04823],[-42.83025,-5.04997],[-42.82825,-5.05001]]]}},{"type":"Feature","id":1766326441,"properties":{"h3":"89800555817ffff","bairro":"Vila Bandeirante","copa":7.7,"verde":8.5,"construido":91.0,"temp":45.0,"urbano":true,"classe":"pouca","prioridade":61},"geometry":{"type":"Polygon","coordinates":[[[-42.74738,-5.04994],[-42.74635,-5.04823],[-42.74731,-5.04649],[-42.74931,-5.04645],[-42.75034,-5.04815],[-42.74938,-5.0499],[-42.74738,-5.04994]]]}},{"type":"Feature","id":1526726825,"properties":{"h3":"898005549cfffff","bairro":"Itaperu","copa":2.4,"verde":28.2,"construido":71.3,"temp":47.5,"urbano":true,"classe":"critica","prioridade":86},"geometry":{"type":"Polygon","coordinates":[[[-42.82227,-5.05014],[-42.82123,-5.04843],[-42.8222,-5.04669],[-42.82419,-5.04665],[-42.82522,-5.04835],[-42.82426,-5.0501],[-42.82227,-5.05014]]]}},{"type":"Feature","id":1766588585,"properties":{"h3":"8980055581bffff","bairro":"Res. Geovane Prado","copa":0.8,"verde":23.8,"construido":74.8,"temp":47.1,"urbano":true,"classe":"critica","prioridade":87},"geometry":{"type":"Polygon","coordinates":[[[-42.74139,-5.05006],[-42.74036,-5.04836],[-42.74132,-5.04661],[-42.74332,-5.04657],[-42.74435,-5.04828],[-42.74339,-5.05002],[-42.74139,-5.05006]]]}},{"type":"Feature","id":1770258601,"properties":{"h3":"89800555853ffff","bairro":"Vale Quem Tem","copa":36.0,"verde":55.3,"construido":40.1,"temp":45.2,"urbano":true,"classe":"arborizada","prioridade":15},"geometry":{"type":"Polygon","coordinates":[[[-42.73541,-5.05018],[-42.73437,-5.04848],[-42.73534,-5.04674],[-42.73733,-5.04669],[-42.73837,-5.0484],[-42.7374,-5.05014],[-42.73541,-5.05018]]]}},{"type":"Feature","id":1498939561,"properties":{"h3":"89800554827ffff","bairro":"Memorare","copa":13.3,"verde":15.2,"construido":84.8,"temp":46.9,"urbano":true,"classe":"moderada","prioridade":61},"geometry":{"type":"Polygon","coordinates":[[[-42.81628,-5.05026],[-42.81525,-5.04856],[-42.81621,-5.04681],[-42.8182,-5.04677],[-42.81924,-5.04848],[-42.81827,-5.05022],[-42.81628,-5.05026]]]}},{"type":"Feature","id":1868562601,"properties":{"h3":"89800555e2fffff","bairro":"Loteamento Esplanada do Uruguai","copa":47.3,"verde":49.5,"construido":50.5,"temp":45.8,"urbano":true,"classe":"arborizada","prioridade":21},"geometry":{"type":"Polygon","coordinates":[[[-42.72942,-5.0503],[-42.72839,-5.0486],[-42.72935,-5.04686],[-42.73134,-5.04682],[-42.73238,-5.04852],[-42.73141,-5.05026],[-42.72942,-5.0503]]]}},{"type":"Feature","id":1499201705,"properties":{"h3":"8980055482bffff","bairro":"Vila Risoleta Neves","copa":3.0,"verde":3.0,"construido":97.0,"temp":46.3,"urbano":true,"classe":"critica","prioridade":78},"geometry":{"type":"Polygon","coordinates":[[[-42.81029,-5.05038],[-42.80926,-5.04868],[-42.81022,-5.04694],[-42.81222,-5.0469],[-42.81325,-5.0486],[-42.81229,-5.05034],[-42.81029,-5.05038]]]}},{"type":"Feature","id":1502871721,"properties":{"h3":"89800554863ffff","bairro":"Vila Terra de Abraão (Invasão)","copa":58.4,"verde":85.5,"construido":13.0,"temp":37.0,"urbano":false,"classe":"arborizada","prioridade":0},"geometry":{"type":"Polygon","coordinates":[[[-42.8043,-5.0505],[-42.80327,-5.0488],[-42.80423,-5.04706],[-42.80623,-5.04702],[-42.80726,-5.04872],[-42.8063,-5.05046],[-42.8043,-5.0505]]]}},{"type":"Feature","id":1542193321,"properties":{"h3":"89800554abbffff","bairro":"Vila Parque Ininga","copa":32.5,"verde":38.9,"construido":60.8,"temp":42.5,"urbano":true,"classe":"arborizada","prioridade":3},"geometry":{"type":"Polygon","coordinates":[[[-42.79233,-5.05075],[-42.79129,-5.04904],[-42.79226,-5.0473],[-42.79425,-5.04726],[-42.79529,-5.04896],[-42.79432,-5.05071],[-42.79233,-5.05075]]]}},{"type":"Feature","id":1044906151,"properties":{"h3":"89800542d17ffff","bairro":"Novo Uruguai","copa":93.6,"verde":96.0,"construido":4.0,"temp":39.1,"urbano":false,"classe":"arborizada","prioridade":0},"geometry":{"type":"Polygon","coordinates":[[[-42.70547,-5.05079],[-42.70443,-5.04908],[-42.7054,-5.04734],[-42.70739,-5.0473],[-42.70843,-5.049],[-42.70746,-5.05074],[-42.70547,-5.05079]]]}},{"type":"Feature","id":1531183273,"properties":{"h3":"89800554a13ffff","bairro":"Vila Ininga","copa":39.4,"verde":52.9,"construido":45.2,"temp":44.5,"urbano":true,"classe":"arborizada","prioridade":13},"geometry":{"type":"Polygon","coordinates":[[[-42.78634,-5.05087],[-42.78531,-5.04917],[-42.78627,-5.04742],[-42.78827,-5.04738],[-42.7893,-5.04909],[-42.78834,-5.05083],[-42.78634,-5.05087]]]}},{"type":"Feature","id":1543504041,"properties":{"h3":"89800554acfffff","bairro":"Zoobotânico","copa":11.5,"verde":89.3,"construido":10.7,"temp":44.8,"urbano":false,"classe":"pouca","prioridade":0},"geometry":{"type":"Polygon","coordinates":[[[-42.78035,-5.05099],[-42.77932,-5.04929],[-42.78028,-5.04755],[-42.78228,-5.04751],[-42.78331,-5.04921],[-42.78235,-5.05095],[-42.78035,-5.05099]]]}},{"type":"Feature","id":1851523241,"properties":{"h3":"89800555d2bffff","bairro":"Parque Universitário","copa":64.1,"verde":84.3,"construido":15.7,"temp":40.3,"urbano":false,"classe":"arborizada","prioridade":0},"geometry":{"type":"Polygon","coordinates":[[[-42.76838,-5.05123],[-42.76734,-5.04953],[-42.76831,-5.04779],[-42.7703,-5.04775],[-42.77133,-5.04945],[-42.77037,-5.05119],[-42.76838,-5.05123]]]}},{"type":"Feature","id":1855193257,"properties":{"h3":"89800555d63ffff","bairro":"Vila Fraternidade","copa":7.9,"verde":23.3,"construido":71.5,"temp":47.3,"urbano":true,"classe":"pouca","prioridade":74},"geometry":{"type":"Polygon","coordinates":[[[-42.76239,-5.05135],[-42.76135,-5.04965],[-42.76232,-5.04791],[-42.76431,-5.04787],[-42.76535,-5.04957],[-42.76438,-5.05131],[-42.76239,-5.05135]]]}},{"type":"Feature","id":1776812201,"properties":{"h3":"898005558b7ffff","bairro":"Satélite","copa":6.1,"verde":6.1,"construido":93.9,"temp":45.4,"urbano":true,"classe":"pouca","prioridade":67},"geometry":{"type":"Polygon","coordinates":[[[-42.7564,-5.05148],[-42.75537,-5.04977],[-42.75633,-5.04803],[-42.75833,-5.04799],[-42.75936,-5.04969],[-42.7584,-5.05144],[-42.7564,-5.05148]]]}},{"type":"Feature","id":1524891817,"properties":{"h3":"898005549b3ffff","bairro":"Vila Apolônia","copa":32.0,"verde":51.4,"construido":48.6,"temp":42.8,"urbano":true,"classe":"arborizada","prioridade":5},"geometry":{"type":"Polygon","coordinates":[[[-42.83727,-5.05155],[-42.83624,-5.04985],[-42.8372,-5.04811],[-42.8392,-5.04807],[-42.84023,-5.04977],[-42.83927,-5.05151],[-42.83727,-5.05155]]]}},{"type":"Feature","id":1522532521,"properties":{"h3":"8980055498fffff","bairro":"Nova Brasilia","copa":25.0,"verde":55.7,"construido":44.3,"temp":41.6,"urbano":true,"classe":"arborizada","prioridade":9},"geometry":{"type":"Polygon","coordinates":[[[-42.83128,-5.05167],[-42.83025,-5.04997],[-42.83121,-5.04823],[-42.83321,-5.04819],[-42.83424,-5.04989],[-42.83328,-5.05163],[-42.83128,-5.05167]]]}},{"type":"Feature","id":1777074345,"properties":{"h3":"898005558bbffff","bairro":"Vila Bandeirante","copa":2.1,"verde":2.1,"construido":97.9,"temp":46.0,"urbano":true,"classe":"critica","prioridade":78},"geometry":{"type":"Polygon","coordinates":[[[-42.75041,-5.0516],[-42.74938,-5.0499],[-42.75034,-5.04815],[-42.75234,-5.04811],[-42.75337,-5.04981],[-42.75241,-5.05156],[-42.75041,-5.0516]]]}},{"type":"Feature","id":1526202537,"properties":{"h3":"898005549c7ffff","bairro":"Nova Brasilia","copa":2.7,"verde":40.2,"construido":59.0,"temp":47.2,"urbano":true,"classe":"critica","prioridade":84},"geometry":{"type":"Polygon","coordinates":[[[-42.8253,-5.0518],[-42.82426,-5.0501],[-42.82522,-5.04835],[-42.82722,-5.04831],[-42.82825,-5.05001],[-42.82729,-5.05176],[-42.8253,-5.0518]]]}},{"type":"Feature","id":1766064297,"properties":{"h3":"89800555813ffff","bairro":"Res. Geovane Prado","copa":13.7,"verde":30.6,"construido":66.7,"temp":47.7,"urbano":true,"classe":"moderada","prioridade":65},"geometry":{"type":"Polygon","coordinates":[[[-42.74442,-5.05172],[-42.74339,-5.05002],[-42.74435,-5.04828],[-42.74635,-5.04823],[-42.74738,-5.04994],[-42.74642,-5.05168],[-42.74442,-5.05172]]]}},{"type":"Feature","id":1778385065,"properties":{"h3":"898005558cfffff","bairro":"Vale Quem Tem","copa":10.8,"verde":14.6,"construido":79.2,"temp":48.5,"urbano":true,"classe":"pouca","prioridade":75},"geometry":{"type":"Polygon","coordinates":[[[-42.73844,-5.05184],[-42.7374,-5.05014],[-42.73837,-5.0484],[-42.74036,-5.04836],[-42.74139,-5.05006],[-42.74043,-5.0518],[-42.73844,-5.05184]]]}},{"type":"Feature","id":1526464681,"properties":{"h3":"898005549cbffff","bairro":"Itaperu","copa":2.4,"verde":2.7,"construido":97.1,"temp":44.9,"urbano":true,"classe":"critica","prioridade":72},"geometry":{"type":"Polygon","coordinates":[[[-42.81931,-5.05192],[-42.81827,-5.05022],[-42.81924,-5.04848],[-42.82123,-5.04843],[-42.82227,-5.05014],[-42.8213,-5.05188],[-42.81931,-5.05192]]]}},{"type":"Feature","id":1868038313,"properties":{"h3":"89800555e27ffff","bairro":"Loteamento Esplanada do Uruguai","copa":22.1,"verde":24.5,"construido":75.5,"temp":44.5,"urbano":true,"classe":"moderada","prioridade":30},"geometry":{"type":"Polygon","coordinates":[[[-42.73245,-5.05196],[-42.73141,-5.05026],[-42.73238,-5.04852],[-42.73437,-5.04848],[-42.73541,-5.05018],[-42.73444,-5.05192],[-42.73245,-5.05196]]]}},{"type":"Feature","id":1498677417,"properties":{"h3":"89800554823ffff","bairro":"Real Compagre","copa":2.8,"verde":4.4,"construido":95.6,"temp":45.8,"urbano":true,"classe":"critica","prioridade":76},"geometry":{"type":"Polygon","coordinates":[[[-42.81332,-5.05204],[-42.81229,-5.05034],[-42.81325,-5.0486],[-42.81525,-5.04856],[-42.81628,-5.05026],[-42.81532,-5.052],[-42.81332,-5.05204]]]}},{"type":"Feature","id":1504182441,"properties":{"h3":"89800554877ffff","bairro":"Vila Risoleta Neves","copa":30.3,"verde":37.8,"construido":61.9,"temp":42.8,"urbano":true,"classe":"arborizada","prioridade":4},"geometry":{"type":"Polygon","coordinates":[[[-42.80733,-5.05216],[-42.8063,-5.05046],[-42.80726,-5.04872],[-42.80926,-5.04868],[-42.81029,-5.05038],[-42.80933,-5.05212],[-42.80733,-5.05216]]]}},{"type":"Feature","id":1504444585,"properties":{"h3":"8980055487bffff","bairro":"Vila Terra de Abraão (Invasão)","copa":27.4,"verde":92.9,"construido":4.7,"temp":42.9,"urbano":false,"classe":"arborizada","prioridade":0},"geometry":{"type":"Polygon","coordinates":[[[-42.80134,-5.05229],[-42.80031,-5.05058],[-42.80127,-5.04884],[-42.80327,-5.0488],[-42.8043,-5.0505],[-42.80334,-5.05224],[-42.80134,-5.05229]]]}},{"type":"Feature","id":1871970473,"properties":{"h3":"89800555e63ffff","bairro":"Novo Uruguai","copa":30.2,"verde":57.1,"construido":28.0,"temp":42.8,"urbano":true,"classe":"arborizada","prioridade":3},"geometry":{"type":"Polygon","coordinates":[[[-42.72047,-5.0522],[-42.71944,-5.0505],[-42.7204,-5.04876],[-42.7224,-5.04872],[-42.72343,-5.05042],[-42.72247,-5.05216],[-42.72047,-5.0522]]]}},{"type":"Feature","id":1541669033,"properties":{"h3":"89800554ab3ffff","bairro":"Vila Parque Ininga","copa":12.7,"verde":43.9,"construido":56.1,"temp":43.7,"urbano":true,"classe":"moderada","prioridade":44},"geometry":{"type":"Polygon","coordinates":[[[-42.79536,-5.05241],[-42.79432,-5.05071],[-42.79529,-5.04896],[-42.79728,-5.04892],[-42.79832,-5.05062],[-42.79735,-5.05237],[-42.79536,-5.05241]]]}},{"type":"Feature","id":1539309737,"properties":{"h3":"89800554a8fffff","bairro":"Vila Ininga","copa":2.2,"verde":2.2,"construido":97.8,"temp":44.6,"urbano":true,"classe":"critica","prioridade":70},"geometry":{"type":"Polygon","coordinates":[[[-42.78937,-5.05253],[-42.78834,-5.05083],[-42.7893,-5.04909],[-42.79129,-5.04904],[-42.79233,-5.05075],[-42.79136,-5.05249],[-42.78937,-5.05253]]]}},{"type":"Feature","id":1542979753,"properties":{"h3":"89800554ac7ffff","bairro":"Vila Ininga","copa":13.9,"verde":45.1,"construido":54.4,"temp":45.5,"urbano":true,"classe":"moderada","prioridade":52},"geometry":{"type":"Polygon","coordinates":[[[-42.78338,-5.05265],[-42.78235,-5.05095],[-42.78331,-5.04921],[-42.78531,-5.04917],[-42.78634,-5.05087],[-42.78538,-5.05261],[-42.78338,-5.05265]]]}},{"type":"Feature","id":1856503977,"properties":{"h3":"89800555d77ffff","bairro":"Parque Universitário","copa":0.0,"verde":0.0,"construido":100.0,"temp":46.2,"urbano":true,"classe":"critica","prioridade":84},"geometry":{"type":"Polygon","coordinates":[[[-42.76542,-5.05302],[-42.76438,-5.05131],[-42.76535,-5.04957],[-42.76734,-5.04953],[-42.76838,-5.05123],[-42.76741,-5.05298],[-42.76542,-5.05302]]]}},{"type":"Feature","id":1029439655,"properties":{"h3":"89800542c2bffff","bairro":"Res. Santa Teresinha","copa":64.1,"verde":94.7,"construido":5.3,"temp":40.1,"urbano":false,"classe":"arborizada","prioridade":0},"geometry":{"type":"Polygon","coordinates":[[[-42.68454,-5.05293],[-42.68351,-5.05123],[-42.68447,-5.04949],[-42.68647,-5.04945],[-42.6875,-5.05115],[-42.68654,-5.05289],[-42.68454,-5.05293]]]}},{"type":"Feature","id":1856766121,"properties":{"h3":"89800555d7bffff","bairro":"Res. Saturno","copa":1.6,"verde":1.6,"construido":98.4,"temp":45.9,"urbano":true,"classe":"critica","prioridade":79},"geometry":{"type":"Polygon","coordinates":[[[-42.75943,-5.05314],[-42.7584,-5.05144],[-42.75936,-5.04969],[-42.76135,-5.04965],[-42.76239,-5.05135],[-42.76142,-5.0531],[-42.75943,-5.05314]]]}},{"type":"Feature","id":1522008233,"properties":{"h3":"89800554987ffff","bairro":"Vila Apolônia","copa":55.3,"verde":80.8,"construido":19.2,"temp":36.7,"urbano":false,"classe":"arborizada","prioridade":0},"geometry":{"type":"Polygon","coordinates":[[[-42.83431,-5.05334],[-42.83328,-5.05163],[-42.83424,-5.04989],[-42.83624,-5.04985],[-42.83727,-5.05155],[-42.83631,-5.0533],[-42.83431,-5.05334]]]}},{"type":"Feature","id":1776550057,"properties":{"h3":"898005558b3ffff","bairro":"Lot. Cidade Verde","copa":21.8,"verde":22.1,"construido":77.9,"temp":44.5,"urbano":true,"classe":"moderada","prioridade":31},"geometry":{"type":"Polygon","coordinates":[[[-42.75344,-5.05326],[-42.75241,-5.05156],[-42.75337,-5.04981],[-42.75537,-5.04977],[-42.7564,-5.05148],[-42.75544,-5.05322],[-42.75344,-5.05326]]]}},{"type":"Feature","id":1522270377,"properties":{"h3":"8980055498bffff","bairro":"Nova Brasilia","copa":19.5,"verde":20.6,"construido":79.4,"temp":45.8,"urbano":true,"classe":"moderada","prioridade":42},"geometry":{"type":"Polygon","coordinates":[[[-42.82832,-5.05346],[-42.82729,-5.05176],[-42.82825,-5.05001],[-42.83025,-5.04997],[-42.83128,-5.05167],[-42.83032,-5.05342],[-42.82832,-5.05346]]]}},{"type":"Feature","id":1774190761,"properties":{"h3":"8980055588fffff","bairro":"Vila Bandeirante","copa":10.7,"verde":13.1,"construido":86.9,"temp":45.0,"urbano":true,"classe":"pouca","prioridade":55},"geometry":{"type":"Polygon","coordinates":[[[-42.74745,-5.05338],[-42.74642,-5.05168],[-42.74738,-5.04994],[-42.74938,-5.0499],[-42.75041,-5.0516],[-42.74945,-5.05334],[-42.74745,-5.05338]]]}},{"type":"Feature","id":1777860777,"properties":{"h3":"898005558c7ffff","bairro":"Parque Mão Santa","copa":3.2,"verde":4.9,"construido":94.3,"temp":46.5,"urbano":true,"classe":"critica","prioridade":79},"geometry":{"type":"Polygon","coordinates":[[[-42.74146,-5.0535],[-42.74043,-5.0518],[-42.74139,-5.05006],[-42.74339,-5.05002],[-42.74442,-5.05172],[-42.74346,-5.05346],[-42.74146,-5.0535]]]}},{"type":"Feature","id":1525940393,"properties":{"h3":"898005549c3ffff","bairro":"Itaperu","copa":0.3,"verde":48.3,"construido":51.7,"temp":50.3,"urbano":true,"classe":"critica","prioridade":99},"geometry":{"type":"Polygon","coordinates":[[[-42.82234,-5.05358],[-42.8213,-5.05188],[-42.82227,-5.05014],[-42.82426,-5.0501],[-42.8253,-5.0518],[-42.82433,-5.05354],[-42.82234,-5.05358]]]}},{"type":"Feature","id":1778122921,"properties":{"h3":"898005558cbffff","bairro":"Loteamento Esplanada do Uruguai","copa":12.0,"verde":12.0,"construido":88.0,"temp":47.7,"urbano":true,"classe":"moderada","prioridade":68},"geometry":{"type":"Polygon","coordinates":[[[-42.73548,-5.05362],[-42.73444,-5.05192],[-42.73541,-5.05018],[-42.7374,-5.05014],[-42.73844,-5.05184],[-42.73747,-5.05358],[-42.73548,-5.05362]]]}},{"type":"Feature","id":1499988137,"properties":{"h3":"89800554837ffff","bairro":"Real Compagre","copa":8.0,"verde":11.5,"construido":88.5,"temp":44.9,"urbano":true,"classe":"pouca","prioridade":60},"geometry":{"type":"Polygon","coordinates":[[[-42.81635,-5.0537],[-42.81532,-5.052],[-42.81628,-5.05026],[-42.81827,-5.05022],[-42.81931,-5.05192],[-42.81834,-5.05366],[-42.81635,-5.0537]]]}},{"type":"Feature","id":1500250281,"properties":{"h3":"8980055483bffff","bairro":"Vila Risoleta Neves","copa":2.1,"verde":2.1,"construido":97.9,"temp":47.2,"urbano":true,"classe":"critica","prioridade":85},"geometry":{"type":"Polygon","coordinates":[[[-42.81036,-5.05382],[-42.80933,-5.05212],[-42.81029,-5.05038],[-42.81229,-5.05034],[-42.81332,-5.05204],[-42.81236,-5.05378],[-42.81036,-5.05382]]]}},{"type":"Feature","id":1867776169,"properties":{"h3":"89800555e23ffff","bairro":"Loteamento Esplanada do Uruguai","copa":40.9,"verde":50.8,"construido":48.4,"temp":45.3,"urbano":true,"classe":"arborizada","prioridade":18},"geometry":{"type":"Polygon","coordinates":[[[-42.72949,-5.05374],[-42.72846,-5.05204],[-42.72942,-5.0503],[-42.73141,-5.05026],[-42.73245,-5.05196],[-42.73148,-5.0537],[-42.72949,-5.05374]]]}},{"type":"Feature","id":1503920297,"properties":{"h3":"89800554873ffff","bairro":"Vila Terra de Abraão (Invasão)","copa":20.8,"verde":93.5,"construido":3.3,"temp":45.1,"urbano":false,"classe":"moderada","prioridade":0},"geometry":{"type":"Polygon","coordinates":[[[-42.80437,-5.05395],[-42.80334,-5.05224],[-42.8043,-5.0505],[-42.8063,-5.05046],[-42.80733,-5.05216],[-42.80637,-5.05391],[-42.80437,-5.05395]]]}},{"type":"Feature","id":1873281193,"properties":{"h3":"89800555e77ffff","bairro":"Novo Uruguai","copa":81.0,"verde":87.3,"construido":11.0,"temp":41.7,"urbano":false,"classe":"arborizada","prioridade":0},"geometry":{"type":"Polygon","coordinates":[[[-42.7235,-5.05387],[-42.72247,-5.05216],[-42.72343,-5.05042],[-42.72543,-5.05038],[-42.72646,-5.05208],[-42.7255,-5.05383],[-42.7235,-5.05387]]]}},{"type":"Feature","id":1501561001,"properties":{"h3":"8980055484fffff","bairro":"Vila Terra de Abraão (Invasão)","copa":42.2,"verde":64.5,"construido":35.5,"temp":43.3,"urbano":true,"classe":"arborizada","prioridade":5},"geometry":{"type":"Polygon","coordinates":[[[-42.79839,-5.05407],[-42.79735,-5.05237],[-42.79832,-5.05062],[-42.80031,-5.05058],[-42.80134,-5.05229],[-42.80038,-5.05403],[-42.79839,-5.05407]]]}},{"type":"Feature","id":1538785449,"properties":{"h3":"89800554a87ffff","bairro":"Ininga","copa":8.0,"verde":12.9,"construido":87.1,"temp":43.0,"urbano":true,"classe":"pouca","prioridade":50},"geometry":{"type":"Polygon","coordinates":[[[-42.7924,-5.05419],[-42.79136,-5.05249],[-42.79233,-5.05075],[-42.79432,-5.05071],[-42.79536,-5.05241],[-42.79439,-5.05415],[-42.7924,-5.05419]]]}},{"type":"Feature","id":1539047593,"properties":{"h3":"89800554a8bffff","bairro":"Vila Ininga","copa":22.9,"verde":27.7,"construido":72.3,"temp":44.9,"urbano":true,"classe":"moderada","prioridade":30},"geometry":{"type":"Polygon","coordinates":[[[-42.78641,-5.05431],[-42.78538,-5.05261],[-42.78634,-5.05087],[-42.78834,-5.05083],[-42.78937,-5.05253],[-42.78841,-5.05427],[-42.78641,-5.05431]]]}},{"type":"Feature","id":1052770471,"properties":{"h3":"89800542d8fffff","bairro":"Novo Uruguai","copa":81.1,"verde":92.2,"construido":7.8,"temp":41.4,"urbano":false,"classe":"arborizada","prioridade":0},"geometry":{"type":"Polygon","coordinates":[[[-42.70554,-5.05423],[-42.7045,-5.05253],[-42.70547,-5.05079],[-42.70746,-5.05074],[-42.7085,-5.05245],[-42.70753,-5.05419],[-42.70554,-5.05423]]]}},{"type":"Feature","id":1542717609,"properties":{"h3":"89800554ac3ffff","bairro":"Planalto","copa":34.3,"verde":48.4,"construido":49.2,"temp":44.0,"urbano":true,"classe":"arborizada","prioridade":11},"geometry":{"type":"Polygon","coordinates":[[[-42.78042,-5.05443],[-42.77939,-5.05273],[-42.78035,-5.05099],[-42.78235,-5.05095],[-42.78338,-5.05265],[-42.78242,-5.05439],[-42.78042,-5.05443]]]}},{"type":"Feature","id":1852309673,"properties":{"h3":"89800555d37ffff","bairro":"Planalto","copa":50.4,"verde":88.0,"construido":12.0,"temp":40.5,"urbano":false,"classe":"arborizada","prioridade":0},"geometry":{"type":"Polygon","coordinates":[[[-42.77443,-5.05456],[-42.7734,-5.05285],[-42.77436,-5.05111],[-42.77636,-5.05107],[-42.77739,-5.05277],[-42.77643,-5.05451],[-42.77443,-5.05456]]]}},{"type":"Feature","id":1852571817,"properties":{"h3":"89800555d3bffff","bairro":"Parque Universitário","copa":39.7,"verde":79.6,"construido":16.3,"temp":42.6,"urbano":false,"classe":"arborizada","prioridade":0},"geometry":{"type":"Polygon","coordinates":[[[-42.76845,-5.05468],[-42.76741,-5.05298],[-42.76838,-5.05123],[-42.77037,-5.05119],[-42.7714,-5.05289],[-42.77044,-5.05464],[-42.76845,-5.05468]]]}},{"type":"Feature","id":1856241833,"properties":{"h3":"89800555d73ffff","bairro":"Parque Universitário","copa":0.3,"verde":9.8,"construido":89.9,"temp":46.5,"urbano":true,"classe":"critica","prioridade":85},"geometry":{"type":"Polygon","coordinates":[[[-42.76246,-5.0548],[-42.76142,-5.0531],[-42.76239,-5.05135],[-42.76438,-5.05131],[-42.76542,-5.05302],[-42.76445,-5.05476],[-42.76246,-5.0548]]]}},{"type":"Feature","id":1132200096,"properties":{"h3":"8980050b24bffff","bairro":"Vila Apolônia","copa":45.0,"verde":48.8,"construido":51.2,"temp":43.4,"urbano":true,"classe":"arborizada","prioridade":8},"geometry":{"type":"Polygon","coordinates":[[[-42.83734,-5.055],[-42.83631,-5.0533],[-42.83727,-5.05155],[-42.83927,-5.05151],[-42.8403,-5.05321],[-42.83934,-5.05496],[-42.83734,-5.055]]]}},{"type":"Feature","id":1853882537,"properties":{"h3":"89800555d4fffff","bairro":"Lot. Cidade Verde","copa":22.1,"verde":23.1,"construido":76.9,"temp":45.4,"urbano":true,"classe":"moderada","prioridade":35},"geometry":{"type":"Polygon","coordinates":[[[-42.75647,-5.05492],[-42.75544,-5.05322],[-42.7564,-5.05148],[-42.7584,-5.05144],[-42.75943,-5.05314],[-42.75847,-5.05488],[-42.75647,-5.05492]]]}},{"type":"Feature","id":1521746089,"properties":{"h3":"89800554983ffff","bairro":"Res. Zilda Arns","copa":17.9,"verde":22.1,"construido":77.6,"temp":43.2,"urbano":true,"classe":"moderada","prioridade":31},"geometry":{"type":"Polygon","coordinates":[[[-42.83135,-5.05512],[-42.83032,-5.05342],[-42.83128,-5.05167],[-42.83328,-5.05163],[-42.83431,-5.05334],[-42.83335,-5.05508],[-42.83135,-5.05512]]]}},{"type":"Feature","id":1773666473,"properties":{"h3":"89800555887ffff","bairro":"Vila Bandeirante","copa":18.2,"verde":18.2,"construido":81.8,"temp":45.7,"urbano":true,"classe":"moderada","prioridade":45},"geometry":{"type":"Polygon","coordinates":[[[-42.75048,-5.05504],[-42.74945,-5.05334],[-42.75041,-5.0516],[-42.75241,-5.05156],[-42.75344,-5.05326],[-42.75248,-5.055],[-42.75048,-5.05504]]]}},{"type":"Feature","id":1773928617,"properties":{"h3":"8980055588bffff","bairro":"Parque Mão Santa","copa":5.4,"verde":8.0,"construido":90.6,"temp":47.9,"urbano":true,"classe":"pouca","prioridade":82},"geometry":{"type":"Polygon","coordinates":[[[-42.74449,-5.05516],[-42.74346,-5.05346],[-42.74442,-5.05172],[-42.74642,-5.05168],[-42.74745,-5.05338],[-42.74649,-5.05512],[-42.74449,-5.05516]]]}},{"type":"Feature","id":1527251113,"properties":{"h3":"898005549d7ffff","bairro":"Nova Brasilia","copa":19.8,"verde":54.7,"construido":45.3,"temp":45.8,"urbano":true,"classe":"moderada","prioridade":38},"geometry":{"type":"Polygon","coordinates":[[[-42.82537,-5.05524],[-42.82433,-5.05354],[-42.8253,-5.0518],[-42.82729,-5.05176],[-42.82832,-5.05346],[-42.82736,-5.0552],[-42.82537,-5.05524]]]}},{"type":"Feature","id":1777598633,"properties":{"h3":"898005558c3ffff","bairro":"Planalto Uruguai","copa":0.3,"verde":0.3,"construido":99.7,"temp":47.8,"urbano":true,"classe":"critica","prioridade":92},"geometry":{"type":"Polygon","coordinates":[[[-42.73851,-5.05528],[-42.73747,-5.05358],[-42.73844,-5.05184],[-42.74043,-5.0518],[-42.74146,-5.0535],[-42.7405,-5.05524],[-42.73851,-5.05528]]]}},{"type":"Feature","id":1527513257,"properties":{"h3":"898005549dbffff","bairro":"Real Compagre","copa":7.4,"verde":13.5,"construido":86.5,"temp":46.1,"urbano":true,"classe":"pouca","prioridade":68},"geometry":{"type":"Polygon","coordinates":[[[-42.81938,-5.05536],[-42.81834,-5.05366],[-42.81931,-5.05192],[-42.8213,-5.05188],[-42.82234,-5.05358],[-42.82137,-5.05532],[-42.81938,-5.05536]]]}},{"type":"Feature","id":1499725993,"properties":{"h3":"89800554833ffff","bairro":"Vila Nazaré","copa":1.6,"verde":4.8,"construido":95.2,"temp":45.6,"urbano":true,"classe":"critica","prioridade":77},"geometry":{"type":"Polygon","coordinates":[[[-42.81339,-5.05549],[-42.81236,-5.05378],[-42.81332,-5.05204],[-42.81532,-5.052],[-42.81635,-5.0537],[-42.81539,-5.05544],[-42.81339,-5.05549]]]}},{"type":"Feature","id":1869086889,"properties":{"h3":"89800555e37ffff","bairro":"Loteamento Esplanada do Uruguai","copa":3.2,"verde":41.5,"construido":49.9,"temp":47.1,"urbano":true,"classe":"critica","prioridade":82},"geometry":{"type":"Polygon","coordinates":[[[-42.73252,-5.05541],[-42.73148,-5.0537],[-42.73245,-5.05196],[-42.73444,-5.05192],[-42.73548,-5.05362],[-42.73451,-5.05537],[-42.73252,-5.05541]]]}},{"type":"Feature","id":1497366697,"properties":{"h3":"8980055480fffff","bairro":"Vila Risoleta Neves","copa":57.7,"verde":71.3,"construido":28.7,"temp":38.1,"urbano":true,"classe":"arborizada","prioridade":0},"geometry":{"type":"Polygon","coordinates":[[[-42.8074,-5.05561],[-42.80637,-5.05391],[-42.80733,-5.05216],[-42.80933,-5.05212],[-42.81036,-5.05382],[-42.8094,-5.05557],[-42.8074,-5.05561]]]}},{"type":"Feature","id":1873019049,"properties":{"h3":"89800555e73ffff","bairro":"Novo Uruguai","copa":17.0,"verde":48.4,"construido":38.8,"temp":42.5,"urbano":true,"classe":"moderada","prioridade":22},"geometry":{"type":"Polygon","coordinates":[[[-42.72054,-5.05565],[-42.71951,-5.05395],[-42.72047,-5.0522],[-42.72247,-5.05216],[-42.7235,-5.05387],[-42.72254,-5.05561],[-42.72054,-5.05565]]]}},{"type":"Feature","id":1501036713,"properties":{"h3":"89800554847ffff","bairro":"Vila Terra de Abraão (Invasão)","copa":72.0,"verde":91.6,"construido":8.4,"temp":38.9,"urbano":false,"classe":"arborizada","prioridade":0},"geometry":{"type":"Polygon","coordinates":[[[-42.80141,-5.05573],[-42.80038,-5.05403],[-42.80134,-5.05229],[-42.80334,-5.05224],[-42.80437,-5.05395],[-42.80341,-5.05569],[-42.80141,-5.05573]]]}},{"type":"Feature","id":1501298857,"properties":{"h3":"8980055484bffff","bairro":"Ininga","copa":15.5,"verde":22.6,"construido":77.1,"temp":44.5,"urbano":true,"classe":"moderada","prioridade":43},"geometry":{"type":"Polygon","coordinates":[[[-42.79543,-5.05585],[-42.79439,-5.05415],[-42.79536,-5.05241],[-42.79735,-5.05237],[-42.79839,-5.05407],[-42.79742,-5.05581],[-42.79543,-5.05585]]]}},{"type":"Feature","id":1538523305,"properties":{"h3":"89800554a83ffff","bairro":"Ininga","copa":7.7,"verde":24.9,"construido":74.8,"temp":48.3,"urbano":true,"classe":"pouca","prioridade":80},"geometry":{"type":"Polygon","coordinates":[[[-42.78944,-5.05597],[-42.78841,-5.05427],[-42.78937,-5.05253],[-42.79136,-5.05249],[-42.7924,-5.05419],[-42.79143,-5.05593],[-42.78944,-5.05597]]]}},{"type":"Feature","id":1544028329,"properties":{"h3":"89800554ad7ffff","bairro":"Planalto","copa":31.2,"verde":33.6,"construido":65.9,"temp":43.9,"urbano":true,"classe":"arborizada","prioridade":10},"geometry":{"type":"Polygon","coordinates":[[[-42.78345,-5.05609],[-42.78242,-5.05439],[-42.78338,-5.05265],[-42.78538,-5.05261],[-42.78641,-5.05431],[-42.78545,-5.05605],[-42.78345,-5.05609]]]}},{"type":"Feature","id":1544290473,"properties":{"h3":"89800554adbffff","bairro":"Planalto","copa":15.0,"verde":22.4,"construido":76.5,"temp":44.4,"urbano":true,"classe":"moderada","prioridade":43},"geometry":{"type":"Polygon","coordinates":[[[-42.77746,-5.05622],[-42.77643,-5.05451],[-42.77739,-5.05277],[-42.77939,-5.05273],[-42.78042,-5.05443],[-42.77946,-5.05618],[-42.77746,-5.05622]]]}},{"type":"Feature","id":1852047529,"properties":{"h3":"89800555d33ffff","bairro":"Planalto","copa":21.4,"verde":78.9,"construido":14.9,"temp":43.4,"urbano":false,"classe":"moderada","prioridade":0},"geometry":{"type":"Polygon","coordinates":[[[-42.77147,-5.05634],[-42.77044,-5.05464],[-42.7714,-5.05289],[-42.7734,-5.05285],[-42.77443,-5.05456],[-42.77347,-5.0563],[-42.77147,-5.05634]]]}},{"type":"Feature","id":1849688233,"properties":{"h3":"89800555d0fffff","bairro":"Parque Universitário","copa":0.8,"verde":11.2,"construido":83.7,"temp":47.2,"urbano":true,"classe":"critica","prioridade":88},"geometry":{"type":"Polygon","coordinates":[[[-42.76549,-5.05646],[-42.76445,-5.05476],[-42.76542,-5.05302],[-42.76741,-5.05298],[-42.76845,-5.05468],[-42.76748,-5.05642],[-42.76549,-5.05646]]]}},{"type":"Feature","id":1034158247,"properties":{"h3":"89800542c73ffff","bairro":"Res. Santa Teresinha","copa":61.7,"verde":88.5,"construido":11.5,"temp":40.5,"urbano":false,"classe":"arborizada","prioridade":0},"geometry":{"type":"Polygon","coordinates":[[[-42.67862,-5.0565],[-42.67759,-5.05479],[-42.67855,-5.05305],[-42.68055,-5.05301],[-42.68158,-5.05471],[-42.68062,-5.05645],[-42.67862,-5.0565]]]}},{"type":"Feature","id":1853358249,"properties":{"h3":"89800555d47ffff","bairro":"Samapi","copa":4.0,"verde":5.3,"construido":94.1,"temp":46.3,"urbano":true,"classe":"critica","prioridade":76},"geometry":{"type":"Polygon","coordinates":[[[-42.7595,-5.05658],[-42.75847,-5.05488],[-42.75943,-5.05314],[-42.76142,-5.0531],[-42.76246,-5.0548],[-42.76149,-5.05654],[-42.7595,-5.05658]]]}},{"type":"Feature","id":1523056809,"properties":{"h3":"89800554997ffff","bairro":"São Joaquim","copa":7.5,"verde":14.7,"construido":85.3,"temp":46.4,"urbano":true,"classe":"pouca","prioridade":70},"geometry":{"type":"Polygon","coordinates":[[[-42.83438,-5.05678],[-42.83335,-5.05508],[-42.83431,-5.05334],[-42.83631,-5.0533],[-42.83734,-5.055],[-42.83638,-5.05674],[-42.83438,-5.05678]]]}},{"type":"Feature","id":1853620393,"properties":{"h3":"89800555d4bffff","bairro":"Lot. Cidade Verde","copa":26.9,"verde":33.2,"construido":66.2,"temp":42.8,"urbano":true,"classe":"arborizada","prioridade":11},"geometry":{"type":"Polygon","coordinates":[[[-42.75351,-5.0567],[-42.75248,-5.055],[-42.75344,-5.05326],[-42.75544,-5.05322],[-42.75647,-5.05492],[-42.75551,-5.05666],[-42.75351,-5.0567]]]}},{"type":"Feature","id":1773404329,"properties":{"h3":"89800555883ffff","bairro":"Parque Mão Santa","copa":12.0,"verde":20.6,"construido":79.4,"temp":45.6,"urbano":true,"classe":"moderada","prioridade":56},"geometry":{"type":"Polygon","coordinates":[[[-42.74752,-5.05682],[-42.74649,-5.05512],[-42.74745,-5.05338],[-42.74945,-5.05334],[-42.75048,-5.05504],[-42.74952,-5.05678],[-42.74752,-5.05682]]]}},{"type":"Feature","id":1523318953,"properties":{"h3":"8980055499bffff","bairro":"Res. Zilda Arns","copa":6.7,"verde":15.3,"construido":84.7,"temp":45.4,"urbano":true,"classe":"pouca","prioridade":66},"geometry":{"type":"Polygon","coordinates":[[[-42.82839,-5.0569],[-42.82736,-5.0552],[-42.82832,-5.05346],[-42.83032,-5.05342],[-42.83135,-5.05512],[-42.83039,-5.05686],[-42.82839,-5.0569]]]}},{"type":"Feature","id":1526988969,"properties":{"h3":"898005549d3ffff","bairro":"Nova Brasilia","copa":0.0,"verde":57.3,"construido":42.7,"temp":51.3,"urbano":true,"classe":"critica","prioridade":85},"geometry":{"type":"Polygon","coordinates":[[[-42.82241,-5.05702],[-42.82137,-5.05532],[-42.82234,-5.05358],[-42.82433,-5.05354],[-42.82537,-5.05524],[-42.8244,-5.05698],[-42.82241,-5.05702]]]}},{"type":"Feature","id":1778909353,"properties":{"h3":"898005558d7ffff","bairro":"Parque Mão Santa","copa":4.3,"verde":4.5,"construido":95.5,"temp":47.8,"urbano":true,"classe":"critica","prioridade":84},"geometry":{"type":"Polygon","coordinates":[[[-42.74153,-5.05695],[-42.7405,-5.05524],[-42.74146,-5.0535],[-42.74346,-5.05346],[-42.74449,-5.05516],[-42.74353,-5.05691],[-42.74153,-5.05695]]]}},{"type":"Feature","id":1507852457,"properties":{"h3":"898005548afffff","bairro":"Real Compagre","copa":11.2,"verde":26.1,"construido":73.9,"temp":45.9,"urbano":true,"classe":"pouca","prioridade":59},"geometry":{"type":"Polygon","coordinates":[[[-42.81642,-5.05715],[-42.81539,-5.05544],[-42.81635,-5.0537],[-42.81834,-5.05366],[-42.81938,-5.05536],[-42.81841,-5.05711],[-42.81642,-5.05715]]]}},{"type":"Feature","id":1779171497,"properties":{"h3":"898005558dbffff","bairro":"Vila Mirante do Uruguai","copa":0.8,"verde":1.9,"construido":97.8,"temp":48.0,"urbano":true,"classe":"critica","prioridade":92},"geometry":{"type":"Polygon","coordinates":[[[-42.73555,-5.05707],[-42.73451,-5.05537],[-42.73548,-5.05362],[-42.73747,-5.05358],[-42.73851,-5.05528],[-42.73754,-5.05703],[-42.73555,-5.05707]]]}},{"type":"Feature","id":1868824745,"properties":{"h3":"89800555e33ffff","bairro":"Residencial Dom Avelar","copa":20.3,"verde":25.2,"construido":74.8,"temp":46.3,"urbano":true,"classe":"moderada","prioridade":44},"geometry":{"type":"Polygon","coordinates":[[[-42.72956,-5.05719],[-42.72853,-5.05549],[-42.72949,-5.05374],[-42.73148,-5.0537],[-42.73252,-5.05541],[-42.73155,-5.05715],[-42.72956,-5.05719]]]}},{"type":"Feature","id":1496842409,"properties":{"h3":"89800554807ffff","bairro":"Vila Israel","copa":61.2,"verde":64.7,"construido":35.3,"temp":41.5,"urbano":true,"classe":"arborizada","prioridade":0},"geometry":{"type":"Polygon","coordinates":[[[-42.81043,-5.05727],[-42.8094,-5.05557],[-42.81036,-5.05382],[-42.81236,-5.05378],[-42.81339,-5.05549],[-42.81243,-5.05723],[-42.81043,-5.05727]]]}},{"type":"Feature","id":1866465449,"properties":{"h3":"89800555e0fffff","bairro":"Novo Uruguai","copa":71.5,"verde":90.9,"construido":8.3,"temp":44.4,"urbano":false,"classe":"arborizada","prioridade":0},"geometry":{"type":"Polygon","coordinates":[[[-42.72357,-5.05731],[-42.72254,-5.05561],[-42.7235,-5.05387],[-42.7255,-5.05383],[-42.72653,-5.05553],[-42.72557,-5.05727],[-42.72357,-5.05731]]]}},{"type":"Feature","id":1497104553,"properties":{"h3":"8980055480bffff","bairro":"Vila Risoleta Neves","copa":13.6,"verde":81.8,"construido":17.1,"temp":46.4,"urbano":false,"classe":"moderada","prioridade":0},"geometry":{"type":"Polygon","coordinates":[[[-42.80444,-5.05739],[-42.80341,-5.05569],[-42.80437,-5.05395],[-42.80637,-5.05391],[-42.8074,-5.05561],[-42.80644,-5.05735],[-42.80444,-5.05739]]]}},{"type":"Feature","id":1500774569,"properties":{"h3":"89800554843ffff","bairro":"Ininga","copa":2.4,"verde":49.2,"construido":50.3,"temp":46.8,"urbano":true,"classe":"critica","prioridade":82},"geometry":{"type":"Polygon","coordinates":[[[-42.79846,-5.05751],[-42.79742,-5.05581],[-42.79839,-5.05407],[-42.80038,-5.05403],[-42.80141,-5.05573],[-42.80045,-5.05747],[-42.79846,-5.05751]]]}},{"type":"Feature","id":1539834025,"properties":{"h3":"89800554a97ffff","bairro":"Ininga","copa":30.9,"verde":43.2,"construido":56.8,"temp":42.9,"urbano":true,"classe":"arborizada","prioridade":5},"geometry":{"type":"Polygon","coordinates":[[[-42.79247,-5.05763],[-42.79143,-5.05593],[-42.7924,-5.05419],[-42.79439,-5.05415],[-42.79543,-5.05585],[-42.79446,-5.05759],[-42.79247,-5.05763]]]}},{"type":"Feature","id":1051984039,"properties":{"h3":"89800542d83ffff","bairro":"Novo Uruguai","copa":67.6,"verde":95.7,"construido":4.3,"temp":42.9,"urbano":false,"classe":"arborizada","prioridade":0},"geometry":{"type":"Polygon","coordinates":[[[-42.70561,-5.05767],[-42.70457,-5.05597],[-42.70554,-5.05423],[-42.70753,-5.05419],[-42.70857,-5.05589],[-42.7076,-5.05763],[-42.70561,-5.05767]]]}},{"type":"Feature","id":1540096169,"properties":{"h3":"89800554a9bffff","bairro":"Ininga","copa":5.6,"verde":14.4,"construido":85.4,"temp":44.6,"urbano":true,"classe":"pouca","prioridade":64},"geometry":{"type":"Polygon","coordinates":[[[-42.78648,-5.05776],[-42.78545,-5.05605],[-42.78641,-5.05431],[-42.78841,-5.05427],[-42.78944,-5.05597],[-42.78848,-5.05772],[-42.78648,-5.05776]]]}},{"type":"Feature","id":1543766185,"properties":{"h3":"89800554ad3ffff","bairro":"Planalto","copa":19.2,"verde":26.4,"construido":73.6,"temp":44.0,"urbano":true,"classe":"moderada","prioridade":32},"geometry":{"type":"Polygon","coordinates":[[[-42.78049,-5.05788],[-42.77946,-5.05618],[-42.78042,-5.05443],[-42.78242,-5.05439],[-42.78345,-5.05609],[-42.78249,-5.05784],[-42.78049,-5.05788]]]}},{"type":"Feature","id":1860173993,"properties":{"h3":"89800555dafffff","bairro":"Planalto","copa":20.2,"verde":22.1,"construido":77.9,"temp":44.0,"urbano":true,"classe":"moderada","prioridade":31},"geometry":{"type":"Polygon","coordinates":[[[-42.7745,-5.058],[-42.77347,-5.0563],[-42.77443,-5.05456],[-42.77643,-5.05451],[-42.77746,-5.05622],[-42.7765,-5.05796],[-42.7745,-5.058]]]}},{"type":"Feature","id":1849163945,"properties":{"h3":"89800555d07ffff","bairro":"Parque Universitário","copa":25.9,"verde":45.6,"construido":49.6,"temp":45.2,"urbano":true,"classe":"arborizada","prioridade":26},"geometry":{"type":"Polygon","coordinates":[[[-42.76852,-5.05812],[-42.76748,-5.05642],[-42.76845,-5.05468],[-42.77044,-5.05464],[-42.77147,-5.05634],[-42.77051,-5.05808],[-42.76852,-5.05812]]]}},{"type":"Feature","id":1029963943,"properties":{"h3":"89800542c33ffff","bairro":"Res. Santa Teresinha","copa":83.8,"verde":92.3,"construido":7.7,"temp":39.5,"urbano":false,"classe":"arborizada","prioridade":0},"geometry":{"type":"Polygon","coordinates":[[[-42.68764,-5.05804],[-42.68661,-5.05633],[-42.68757,-5.05459],[-42.68957,-5.05455],[-42.6906,-5.05625],[-42.68964,-5.058],[-42.68764,-5.05804]]]}},{"type":"Feature","id":1027604647,"properties":{"h3":"89800542c0fffff","bairro":"Res. Santa Teresinha","copa":70.2,"verde":83.4,"construido":16.6,"temp":44.8,"urbano":false,"classe":"arborizada","prioridade":0},"geometry":{"type":"Polygon","coordinates":[[[-42.68165,-5.05816],[-42.68062,-5.05645],[-42.68158,-5.05471],[-42.68358,-5.05467],[-42.68461,-5.05637],[-42.68365,-5.05812],[-42.68165,-5.05816]]]}},{"type":"Feature","id":1849426089,"properties":{"h3":"89800555d0bffff","bairro":"Piçarreira","copa":2.1,"verde":2.7,"construido":97.1,"temp":46.4,"urbano":true,"classe":"critica","prioridade":80},"geometry":{"type":"Polygon","coordinates":[[[-42.76253,-5.05824],[-42.76149,-5.05654],[-42.76246,-5.0548],[-42.76445,-5.05476],[-42.76549,-5.05646],[-42.76452,-5.0582],[-42.76253,-5.05824]]]}},{"type":"Feature","id":1031274663,"properties":{"h3":"89800542c47ffff","bairro":"Res. Santa Teresinha","copa":49.3,"verde":87.2,"construido":12.0,"temp":43.8,"urbano":false,"classe":"arborizada","prioridade":0},"geometry":{"type":"Polygon","coordinates":[[[-42.67567,-5.05828],[-42.67463,-5.05658],[-42.6756,-5.05483],[-42.67759,-5.05479],[-42.67862,-5.0565],[-42.67766,-5.05824],[-42.67567,-5.05828]]]}},{"type":"Feature","id":1133248672,"properties":{"h3":"8980050b25bffff","bairro":"Vila Padre Eduardo","copa":44.1,"verde":67.6,"construido":32.1,"temp":42.2,"urbano":true,"classe":"arborizada","prioridade":0},"geometry":{"type":"Polygon","coordinates":[[[-42.83741,-5.05844],[-42.83638,-5.05674],[-42.83734,-5.055],[-42.83934,-5.05496],[-42.84037,-5.05666],[-42.83941,-5.0584],[-42.83741,-5.05844]]]}},{"type":"Feature","id":1853096105,"properties":{"h3":"89800555d43ffff","bairro":"Vila Madre Teresa de Calcutá","copa":0.0,"verde":0.0,"construido":100.0,"temp":46.0,"urbano":true,"classe":"critica","prioridade":83},"geometry":{"type":"Polygon","coordinates":[[[-42.75654,-5.05836],[-42.75551,-5.05666],[-42.75647,-5.05492],[-42.75847,-5.05488],[-42.7595,-5.05658],[-42.75854,-5.05832],[-42.75654,-5.05836]]]}},{"type":"Feature","id":1774715049,"properties":{"h3":"89800555897ffff","bairro":"Vila Padre Cícero","copa":7.5,"verde":22.1,"construido":76.0,"temp":46.6,"urbano":true,"classe":"pouca","prioridade":71},"geometry":{"type":"Polygon","coordinates":[[[-42.75055,-5.05849],[-42.74952,-5.05678],[-42.75048,-5.05504],[-42.75248,-5.055],[-42.75351,-5.0567],[-42.75255,-5.05844],[-42.75055,-5.05849]]]}},{"type":"Feature","id":1031536807,"properties":{"h3":"89800542c4bffff","bairro":"Pq. Bumerangue","copa":62.6,"verde":86.4,"construido":13.6,"temp":43.7,"urbano":false,"classe":"arborizada","prioridade":0},"geometry":{"type":"Polygon","coordinates":[[[-42.66968,-5.0584],[-42.66864,-5.0567],[-42.66961,-5.05495],[-42.6716,-5.05491],[-42.67264,-5.05662],[-42.67167,-5.05836],[-42.66968,-5.0584]]]}},{"type":"Feature","id":1522794665,"properties":{"h3":"89800554993ffff","bairro":"São Joaquim","copa":1.9,"verde":14.9,"construido":84.9,"temp":46.0,"urbano":true,"classe":"critica","prioridade":78},"geometry":{"type":"Polygon","coordinates":[[[-42.83142,-5.05856],[-42.83039,-5.05686],[-42.83135,-5.05512],[-42.83335,-5.05508],[-42.83438,-5.05678],[-42.83342,-5.05852],[-42.83142,-5.05856]]]}},{"type":"Feature","id":1587544233,"properties":{"h3":"89800554d6fffff","bairro":"Parque Alvorada","copa":12.6,"verde":34.2,"construido":65.8,"temp":47.0,"urbano":true,"classe":"moderada","prioridade":63},"geometry":{"type":"Polygon","coordinates":[[[-42.82544,-5.05868],[-42.8244,-5.05698],[-42.82537,-5.05524],[-42.82736,-5.0552],[-42.82839,-5.0569],[-42.82743,-5.05864],[-42.82544,-5.05868]]]}},{"type":"Feature","id":1774977193,"properties":{"h3":"8980055589bffff","bairro":"Parque Mão Santa","copa":69.9,"verde":72.3,"construido":27.7,"temp":41.5,"urbano":true,"classe":"arborizada","prioridade":0},"geometry":{"type":"Polygon","coordinates":[[[-42.74456,-5.05861],[-42.74353,-5.05691],[-42.74449,-5.05516],[-42.74649,-5.05512],[-42.74752,-5.05682],[-42.74656,-5.05857],[-42.74456,-5.05861]]]}},{"type":"Feature","id":1507328169,"properties":{"h3":"898005548a7ffff","bairro":"Real Compagre","copa":5.6,"verde":10.9,"construido":89.1,"temp":45.6,"urbano":true,"classe":"pouca","prioridade":69},"geometry":{"type":"Polygon","coordinates":[[[-42.81945,-5.05881],[-42.81841,-5.05711],[-42.81938,-5.05536],[-42.82137,-5.05532],[-42.82241,-5.05702],[-42.82144,-5.05877],[-42.81945,-5.05881]]]}},{"type":"Feature","id":1778647209,"properties":{"h3":"898005558d3ffff","bairro":"Conjunto Ogmar Monteiro","copa":1.4,"verde":2.7,"construido":93.5,"temp":46.5,"urbano":true,"classe":"critica","prioridade":82},"geometry":{"type":"Polygon","coordinates":[[[-42.73858,-5.05873],[-42.73754,-5.05703],[-42.73851,-5.05528],[-42.7405,-5.05524],[-42.74153,-5.05695],[-42.74057,-5.05869],[-42.73858,-5.05873]]]}},{"type":"Feature","id":1876951209,"properties":{"h3":"89800555eafffff","bairro":"Vila Mirante do Uruguai","copa":23.8,"verde":43.4,"construido":56.6,"temp":45.7,"urbano":true,"classe":"moderada","prioridade":33},"geometry":{"type":"Polygon","coordinates":[[[-42.73259,-5.05885],[-42.73155,-5.05715],[-42.73252,-5.05541],[-42.73451,-5.05537],[-42.73555,-5.05707],[-42.73458,-5.05881],[-42.73259,-5.05885]]]}},{"type":"Feature","id":1507590313,"properties":{"h3":"898005548abffff","bairro":"Vila Israel","copa":17.8,"verde":25.5,"construido":74.5,"temp":45.4,"urbano":true,"classe":"moderada","prioridade":44},"geometry":{"type":"Polygon","coordinates":[[[-42.81346,-5.05893],[-42.81243,-5.05723],[-42.81339,-5.05549],[-42.81539,-5.05544],[-42.81642,-5.05715],[-42.81546,-5.05889],[-42.81346,-5.05893]]]}},{"type":"Feature","id":1502085289,"properties":{"h3":"89800554857ffff","bairro":"Vila Terra de Abraão (Invasão)","copa":79.3,"verde":86.1,"construido":13.3,"temp":37.5,"urbano":false,"classe":"arborizada","prioridade":0},"geometry":{"type":"Polygon","coordinates":[[[-42.80148,-5.05917],[-42.80045,-5.05747],[-42.80141,-5.05573],[-42.80341,-5.05569],[-42.80444,-5.05739],[-42.80348,-5.05913],[-42.80148,-5.05917]]]}},{"type":"Feature","id":1866203305,"properties":{"h3":"89800555e0bffff","bairro":"Novo Uruguai","copa":59.8,"verde":88.8,"construido":11.2,"temp":45.5,"urbano":false,"classe":"arborizada","prioridade":0},"geometry":{"type":"Polygon","coordinates":[[[-42.72061,-5.05909],[-42.71958,-5.05739],[-42.72054,-5.05565],[-42.72254,-5.05561],[-42.72357,-5.05731],[-42.72261,-5.05905],[-42.72061,-5.05909]]]}},{"type":"Feature","id":1502347433,"properties":{"h3":"8980055485bffff","bairro":"Ininga","copa":19.7,"verde":58.2,"construido":41.8,"temp":45.6,"urbano":true,"classe":"moderada","prioridade":34},"geometry":{"type":"Polygon","coordinates":[[[-42.7955,-5.05929],[-42.79446,-5.05759],[-42.79543,-5.05585],[-42.79742,-5.05581],[-42.79846,-5.05751],[-42.79749,-5.05925],[-42.7955,-5.05929]]]}},{"type":"Feature","id":1539571881,"properties":{"h3":"89800554a93ffff","bairro":"Ininga","copa":12.2,"verde":28.7,"construido":70.5,"temp":45.1,"urbano":true,"classe":"moderada","prioridade":53},"geometry":{"type":"Polygon","coordinates":[[[-42.78951,-5.05942],[-42.78848,-5.05772],[-42.78944,-5.05597],[-42.79143,-5.05593],[-42.79247,-5.05763],[-42.7915,-5.05938],[-42.78951,-5.05942]]]}},{"type":"Feature","id":1604321449,"properties":{"h3":"89800554e6fffff","bairro":"Planalto","copa":2.5,"verde":5.0,"construido":95.0,"temp":44.7,"urbano":true,"classe":"critica","prioridade":70},"geometry":{"type":"Polygon","coordinates":[[[-42.78352,-5.05954],[-42.78249,-5.05784],[-42.78345,-5.05609],[-42.78545,-5.05605],[-42.78648,-5.05776],[-42.78552,-5.0595],[-42.78352,-5.05954]]]}},{"type":"Feature","id":1859649705,"properties":{"h3":"89800555da7ffff","bairro":"Planalto","copa":19.4,"verde":23.7,"construido":76.1,"temp":43.9,"urbano":true,"classe":"moderada","prioridade":32},"geometry":{"type":"Polygon","coordinates":[[[-42.77753,-5.05966],[-42.7765,-5.05796],[-42.77746,-5.05622],[-42.77946,-5.05618],[-42.78049,-5.05788],[-42.77953,-5.05962],[-42.77753,-5.05966]]]}},{"type":"Feature","id":1859911849,"properties":{"h3":"89800555dabffff","bairro":"Planalto","copa":31.3,"verde":48.1,"construido":50.8,"temp":43.2,"urbano":true,"classe":"arborizada","prioridade":7},"geometry":{"type":"Polygon","coordinates":[[[-42.77154,-5.05978],[-42.77051,-5.05808],[-42.77147,-5.05634],[-42.77347,-5.0563],[-42.7745,-5.058],[-42.77354,-5.05974],[-42.77154,-5.05978]]]}},{"type":"Feature","id":1038090407,"properties":{"h3":"89800542cafffff","bairro":"Res. Santa Teresinha","copa":67.5,"verde":81.8,"construido":16.8,"temp":41.4,"urbano":false,"classe":"arborizada","prioridade":0},"geometry":{"type":"Polygon","coordinates":[[[-42.69067,-5.0597],[-42.68964,-5.058],[-42.6906,-5.05625],[-42.6926,-5.05621],[-42.69363,-5.05791],[-42.69267,-5.05966],[-42.69067,-5.0597]]]}},{"type":"Feature","id":1027080359,"properties":{"h3":"89800542c07ffff","bairro":"Res. Santa Teresinha","copa":83.8,"verde":88.3,"construido":11.4,"temp":40.1,"urbano":false,"classe":"arborizada","prioridade":0},"geometry":{"type":"Polygon","coordinates":[[[-42.68468,-5.05982],[-42.68365,-5.05812],[-42.68461,-5.05637],[-42.68661,-5.05633],[-42.68764,-5.05804],[-42.68668,-5.05978],[-42.68468,-5.05982]]]}},{"type":"Feature","id":1848901801,"properties":{"h3":"89800555d03ffff","bairro":"Piçarreira","copa":13.4,"verde":36.2,"construido":63.3,"temp":48.3,"urbano":true,"classe":"moderada","prioridade":69},"geometry":{"type":"Polygon","coordinates":[[[-42.76556,-5.0599],[-42.76452,-5.0582],[-42.76549,-5.05646],[-42.76748,-5.05642],[-42.76852,-5.05812],[-42.76755,-5.05986],[-42.76556,-5.0599]]]}},{"type":"Feature","id":1854406825,"properties":{"h3":"89800555d57ffff","bairro":"Vila Madre Teresa de Calcutá","copa":4.4,"verde":6.0,"construido":91.8,"temp":45.9,"urbano":true,"classe":"critica","prioridade":73},"geometry":{"type":"Polygon","coordinates":[[[-42.75957,-5.06003],[-42.75854,-5.05832],[-42.7595,-5.05658],[-42.76149,-5.05654],[-42.76253,-5.05824],[-42.76156,-5.05998],[-42.75957,-5.06003]]]}},{"type":"Feature","id":1027342503,"properties":{"h3":"89800542c0bffff","bairro":"Res. Santa Teresinha","copa":82.4,"verde":90.7,"construido":9.0,"temp":43.4,"urbano":false,"classe":"arborizada","prioridade":0},"geometry":{"type":"Polygon","coordinates":[[[-42.67869,-5.05994],[-42.67766,-5.05824],[-42.67862,-5.0565],[-42.68062,-5.05645],[-42.68165,-5.05816],[-42.68069,-5.0599],[-42.67869,-5.05994]]]}},{"type":"Feature","id":1854668969,"properties":{"h3":"89800555d5bffff","bairro":"Lot. Sol Nascente - Leste","copa":10.4,"verde":22.3,"construido":76.3,"temp":45.5,"urbano":true,"classe":"pouca","prioridade":59},"geometry":{"type":"Polygon","coordinates":[[[-42.75358,-5.06015],[-42.75255,-5.05844],[-42.75351,-5.0567],[-42.75551,-5.05666],[-42.75654,-5.05836],[-42.75558,-5.06011],[-42.75358,-5.06015]]]}},{"type":"Feature","id":1031012519,"properties":{"h3":"89800542c43ffff","bairro":"Pq. Bumerangue","copa":62.6,"verde":81.8,"construido":17.3,"temp":40.5,"urbano":false,"classe":"arborizada","prioridade":0},"geometry":{"type":"Polygon","coordinates":[[[-42.67271,-5.06006],[-42.67167,-5.05836],[-42.67264,-5.05662],[-42.67463,-5.05658],[-42.67567,-5.05828],[-42.6747,-5.06002],[-42.67271,-5.06006]]]}},{"type":"Feature","id":1070071975,"properties":{"h3":"89800542e97ffff","bairro":"Pq. Bumerangue","copa":67.8,"verde":88.5,"construido":11.5,"temp":42.3,"urbano":false,"classe":"arborizada","prioridade":0},"geometry":{"type":"Polygon","coordinates":[[[-42.66672,-5.06018],[-42.66568,-5.05848],[-42.66665,-5.05674],[-42.66864,-5.0567],[-42.66968,-5.0584],[-42.66871,-5.06014],[-42.66672,-5.06018]]]}},{"type":"Feature","id":1583349929,"properties":{"h3":"89800554d2fffff","bairro":"Vila Carlos Feitosa","copa":1.1,"verde":10.1,"construido":89.9,"temp":46.9,"urbano":true,"classe":"critica","prioridade":85},"geometry":{"type":"Polygon","coordinates":[[[-42.83445,-5.06022],[-42.83342,-5.05852],[-42.83438,-5.05678],[-42.83638,-5.05674],[-42.83741,-5.05844],[-42.83645,-5.06018],[-42.83445,-5.06022]]]}},{"type":"Feature","id":1587019945,"properties":{"h3":"89800554d67ffff","bairro":"Parque Alvorada","copa":1.6,"verde":2.5,"construido":97.5,"temp":46.0,"urbano":true,"classe":"critica","prioridade":79},"geometry":{"type":"Polygon","coordinates":[[[-42.82847,-5.06035],[-42.82743,-5.05864],[-42.82839,-5.0569],[-42.83039,-5.05686],[-42.83142,-5.05856],[-42.83046,-5.0603],[-42.82847,-5.06035]]]}},{"type":"Feature","id":1774452905,"properties":{"h3":"89800555893ffff","bairro":"Vila Padre Cícero","copa":38.1,"verde":42.9,"construido":57.1,"temp":45.3,"urbano":true,"classe":"arborizada","prioridade":18},"geometry":{"type":"Polygon","coordinates":[[[-42.74759,-5.06027],[-42.74656,-5.05857],[-42.74752,-5.05682],[-42.74952,-5.05678],[-42.75055,-5.05849],[-42.74959,-5.06023],[-42.74759,-5.06027]]]}},{"type":"Feature","id":1070334119,"properties":{"h3":"89800542e9bffff","bairro":"Jardim das Palmeiras","copa":73.6,"verde":96.5,"construido":3.5,"temp":42.4,"urbano":false,"classe":"arborizada","prioridade":0},"geometry":{"type":"Polygon","coordinates":[[[-42.66073,-5.0603],[-42.6597,-5.0586],[-42.66066,-5.05686],[-42.66266,-5.05682],[-42.66369,-5.05852],[-42.66273,-5.06026],[-42.66073,-5.0603]]]}},{"type":"Feature","id":1587282089,"properties":{"h3":"89800554d6bffff","bairro":"Parque Alvorada","copa":0.0,"verde":72.1,"construido":27.9,"temp":49.8,"urbano":true,"classe":"critica","prioridade":56},"geometry":{"type":"Polygon","coordinates":[[[-42.82248,-5.06047],[-42.82144,-5.05877],[-42.82241,-5.05702],[-42.8244,-5.05698],[-42.82544,-5.05868],[-42.82447,-5.06043],[-42.82248,-5.06047]]]}},{"type":"Feature","id":1839202473,"properties":{"h3":"89800555c6fffff","bairro":"Conjunto Ogmar Monteiro","copa":36.8,"verde":69.2,"construido":30.0,"temp":null,"urbano":true,"classe":"arborizada","prioridade":12},"geometry":{"type":"Polygon","coordinates":[[[-42.7416,-5.06039],[-42.74057,-5.05869],[-42.74153,-5.05695],[-42.74353,-5.05691],[-42.74456,-5.05861],[-42.7436,-5.06035],[-42.7416,-5.06039]]]}},{"type":"Feature","id":1876426921,"properties":{"h3":"89800555ea7ffff","bairro":"Vila Mirante do Uruguai","copa":48.6,"verde":68.5,"construido":27.7,"temp":44.8,"urbano":true,"classe":"arborizada","prioridade":9},"geometry":{"type":"Polygon","coordinates":[[[-42.73562,-5.06051],[-42.73458,-5.05881],[-42.73555,-5.05707],[-42.73754,-5.05703],[-42.73858,-5.05873],[-42.73761,-5.06047],[-42.73562,-5.06051]]]}},{"type":"Feature","id":1507066025,"properties":{"h3":"898005548a3ffff","bairro":"Vila Rosa Luxemburgo","copa":3.5,"verde":4.5,"construido":92.0,"temp":45.2,"urbano":true,"classe":"critica","prioridade":71},"geometry":{"type":"Polygon","coordinates":[[[-42.81649,-5.06059],[-42.81546,-5.05889],[-42.81642,-5.05715],[-42.81841,-5.05711],[-42.81945,-5.05881],[-42.81849,-5.06055],[-42.81649,-5.06059]]]}},{"type":"Feature","id":1876689065,"properties":{"h3":"89800555eabffff","bairro":"Residencial Dom Avelar","copa":30.3,"verde":40.7,"construido":56.1,"temp":46.0,"urbano":true,"classe":"arborizada","prioridade":23},"geometry":{"type":"Polygon","coordinates":[[[-42.72963,-5.06063],[-42.7286,-5.05893],[-42.72956,-5.05719],[-42.73155,-5.05715],[-42.73259,-5.05885],[-42.73162,-5.06059],[-42.72963,-5.06063]]]}},{"type":"Feature","id":1497890985,"properties":{"h3":"89800554817ffff","bairro":"Vila Santa Helena","copa":14.6,"verde":36.9,"construido":62.5,"temp":45.2,"urbano":true,"classe":"moderada","prioridade":49},"geometry":{"type":"Polygon","coordinates":[[[-42.8105,-5.06071],[-42.80947,-5.05901],[-42.81043,-5.05727],[-42.81243,-5.05723],[-42.81346,-5.05893],[-42.8125,-5.06067],[-42.8105,-5.06071]]]}},{"type":"Feature","id":1498153129,"properties":{"h3":"8980055481bffff","bairro":"Primavera","copa":50.9,"verde":77.9,"construido":15.1,"temp":42.8,"urbano":false,"classe":"arborizada","prioridade":0},"geometry":{"type":"Polygon","coordinates":[[[-42.80451,-5.06083],[-42.80348,-5.05913],[-42.80444,-5.05739],[-42.80644,-5.05735],[-42.80747,-5.05905],[-42.80651,-5.06079],[-42.80451,-5.06083]]]}},{"type":"Feature","id":1501823145,"properties":{"h3":"89800554853ffff","bairro":"Ininga","copa":52.9,"verde":77.1,"construido":22.9,"temp":37.9,"urbano":false,"classe":"arborizada","prioridade":0},"geometry":{"type":"Polygon","coordinates":[[[-42.79853,-5.06096],[-42.79749,-5.05925],[-42.79846,-5.05751],[-42.80045,-5.05747],[-42.80148,-5.05917],[-42.80052,-5.06092],[-42.79853,-5.06096]]]}},{"type":"Feature","id":1600127145,"properties":{"h3":"89800554e2fffff","bairro":"Ininga","copa":11.8,"verde":36.4,"construido":63.4,"temp":47.3,"urbano":true,"classe":"pouca","prioridade":66},"geometry":{"type":"Polygon","coordinates":[[[-42.79254,-5.06108],[-42.7915,-5.05938],[-42.79247,-5.05763],[-42.79446,-5.05759],[-42.7955,-5.05929],[-42.79453,-5.06104],[-42.79254,-5.06108]]]}},{"type":"Feature","id":1053032615,"properties":{"h3":"89800542d93ffff","bairro":"Novo Uruguai","copa":85.8,"verde":88.5,"construido":11.5,"temp":38.5,"urbano":false,"classe":"arborizada","prioridade":0},"geometry":{"type":"Polygon","coordinates":[[[-42.70568,-5.06112],[-42.70464,-5.05941],[-42.70561,-5.05767],[-42.7076,-5.05763],[-42.70864,-5.05933],[-42.70767,-5.06108],[-42.70568,-5.06112]]]}},{"type":"Feature","id":1603797161,"properties":{"h3":"89800554e67ffff","bairro":"Ininga","copa":3.8,"verde":4.9,"construido":94.5,"temp":44.7,"urbano":true,"classe":"critica","prioridade":67},"geometry":{"type":"Polygon","coordinates":[[[-42.78655,-5.0612],[-42.78552,-5.0595],[-42.78648,-5.05776],[-42.78848,-5.05772],[-42.78951,-5.05942],[-42.78855,-5.06116],[-42.78655,-5.0612]]]}},{"type":"Feature","id":1604059305,"properties":{"h3":"89800554e6bffff","bairro":"Planalto","copa":13.8,"verde":18.4,"construido":81.6,"temp":45.6,"urbano":true,"classe":"moderada","prioridade":53},"geometry":{"type":"Polygon","coordinates":[[[-42.78056,-5.06132],[-42.77953,-5.05962],[-42.78049,-5.05788],[-42.78249,-5.05784],[-42.78352,-5.05954],[-42.78256,-5.06128],[-42.78056,-5.06132]]]}},{"type":"Feature","id":1688207529,"properties":{"h3":"8980055536fffff","bairro":"Res. Santa Teresinha","copa":46.9,"verde":87.1,"construido":4.9,"temp":44.7,"urbano":false,"classe":"arborizada","prioridade":0},"geometry":{"type":"Polygon","coordinates":[[[-42.69969,-5.06124],[-42.69865,-5.05954],[-42.69962,-5.05779],[-42.70161,-5.05775],[-42.70265,-5.05946],[-42.70168,-5.0612],[-42.69969,-5.06124]]]}},{"type":"Feature","id":1037566119,"properties":{"h3":"89800542ca7ffff","bairro":"Res. Santa Teresinha","copa":43.7,"verde":82.4,"construido":17.3,"temp":43.0,"urbano":false,"classe":"arborizada","prioridade":0},"geometry":{"type":"Polygon","coordinates":[[[-42.6937,-5.06136],[-42.69267,-5.05966],[-42.69363,-5.05791],[-42.69563,-5.05787],[-42.69666,-5.05958],[-42.6957,-5.06132],[-42.6937,-5.06136]]]}},{"type":"Feature","id":1859387561,"properties":{"h3":"89800555da3ffff","bairro":"Planalto","copa":22.4,"verde":22.4,"construido":77.1,"temp":44.6,"urbano":true,"classe":"moderada","prioridade":30},"geometry":{"type":"Polygon","coordinates":[[[-42.77457,-5.06144],[-42.77354,-5.05974],[-42.7745,-5.058],[-42.7765,-5.05796],[-42.77753,-5.05966],[-42.77657,-5.0614],[-42.77457,-5.06144]]]}},{"type":"Feature","id":1037828263,"properties":{"h3":"89800542cabffff","bairro":"Res. Santa Teresinha","copa":59.8,"verde":89.6,"construido":10.1,"temp":39.8,"urbano":false,"classe":"arborizada","prioridade":0},"geometry":{"type":"Polygon","coordinates":[[[-42.68771,-5.06148],[-42.68668,-5.05978],[-42.68764,-5.05804],[-42.68964,-5.058],[-42.69067,-5.0597],[-42.68971,-5.06144],[-42.68771,-5.06148]]]}},{"type":"Feature","id":1850212521,"properties":{"h3":"89800555d17ffff","bairro":"Piçarreira","copa":18.6,"verde":20.5,"construido":79.5,"temp":44.2,"urbano":true,"classe":"moderada","prioridade":35},"geometry":{"type":"Polygon","coordinates":[[[-42.76859,-5.06156],[-42.76755,-5.05986],[-42.76852,-5.05812],[-42.77051,-5.05808],[-42.77154,-5.05978],[-42.77058,-5.06152],[-42.76859,-5.06156]]]}},{"type":"Feature","id":1850474665,"properties":{"h3":"89800555d1bffff","bairro":"Piçarreira","copa":17.5,"verde":21.9,"construido":77.6,"temp":45.2,"urbano":true,"classe":"moderada","prioridade":43},"geometry":{"type":"Polygon","coordinates":[[[-42.7626,-5.06169],[-42.76156,-5.05998],[-42.76253,-5.05824],[-42.76452,-5.0582],[-42.76556,-5.0599],[-42.76459,-5.06165],[-42.7626,-5.06169]]]}},{"type":"Feature","id":1854144681,"properties":{"h3":"89800555d53ffff","bairro":"Vila Madre Teresa de Calcutá","copa":29.0,"verde":37.0,"construido":61.7,"temp":43.0,"urbano":true,"classe":"arborizada","prioridade":7},"geometry":{"type":"Polygon","coordinates":[[[-42.75661,-5.06181],[-42.75558,-5.06011],[-42.75654,-5.05836],[-42.75854,-5.05832],[-42.75957,-5.06003],[-42.75861,-5.06177],[-42.75661,-5.06181]]]}},{"type":"Feature","id":1032323239,"properties":{"h3":"89800542c57ffff","bairro":"Res. Santa Teresinha","copa":63.5,"verde":96.7,"construido":3.3,"temp":41.9,"urbano":false,"classe":"arborizada","prioridade":0},"geometry":{"type":"Polygon","coordinates":[[[-42.67573,-5.06172],[-42.6747,-5.06002],[-42.67567,-5.05828],[-42.67766,-5.05824],[-42.67869,-5.05994],[-42.67773,-5.06168],[-42.67573,-5.06172]]]}},{"type":"Feature","id":1582825641,"properties":{"h3":"89800554d27ffff","bairro":"Vila Carlos Feitosa","copa":58.8,"verde":84.0,"construido":16.0,"temp":41.3,"urbano":false,"classe":"arborizada","prioridade":0},"geometry":{"type":"Polygon","coordinates":[[[-42.83748,-5.06188],[-42.83645,-5.06018],[-42.83741,-5.05844],[-42.83941,-5.0584],[-42.84044,-5.0601],[-42.83948,-5.06184],[-42.83748,-5.06188]]]}},{"type":"Feature","id":1583087785,"properties":{"h3":"89800554d2bffff","bairro":"Vila Carlos Feitosa","copa":0.0,"verde":0.0,"construido":100.0,"temp":47.9,"urbano":true,"classe":"critica","prioridade":93},"geometry":{"type":"Polygon","coordinates":[[[-42.83149,-5.06201],[-42.83046,-5.0603],[-42.83142,-5.05856],[-42.83342,-5.05852],[-42.83445,-5.06022],[-42.83349,-5.06197],[-42.83149,-5.06201]]]}},{"type":"Feature","id":1835008169,"properties":{"h3":"89800555c2fffff","bairro":"Vila Amazônia","copa":5.1,"verde":6.4,"construido":93.6,"temp":46.6,"urbano":true,"classe":"pouca","prioridade":75},"geometry":{"type":"Polygon","coordinates":[[[-42.75062,-5.06193],[-42.74959,-5.06023],[-42.75055,-5.05849],[-42.75255,-5.05844],[-42.75358,-5.06015],[-42.75262,-5.06189],[-42.75062,-5.06193]]]}},{"type":"Feature","id":1586757801,"properties":{"h3":"89800554d63ffff","bairro":"Parque Alvorada","copa":0.8,"verde":11.7,"construido":87.5,"temp":47.2,"urbano":true,"classe":"critica","prioridade":88},"geometry":{"type":"Polygon","coordinates":[[[-42.82551,-5.06213],[-42.82447,-5.06043],[-42.82544,-5.05868],[-42.82743,-5.05864],[-42.82847,-5.06035],[-42.8275,-5.06209],[-42.82551,-5.06213]]]}},{"type":"Feature","id":1838678185,"properties":{"h3":"89800555c67ffff","bairro":"Vila Padre Cícero","copa":50.8,"verde":90.4,"construido":6.0,"temp":42.6,"urbano":false,"classe":"arborizada","prioridade":0},"geometry":{"type":"Polygon","coordinates":[[[-42.74463,-5.06205],[-42.7436,-5.06035],[-42.74456,-5.05861],[-42.74656,-5.05857],[-42.74759,-5.06027],[-42.74663,-5.06201],[-42.74463,-5.06205]]]}},{"type":"Feature","id":1838940329,"properties":{"h3":"89800555c6bffff","bairro":"Conjunto Ogmar Monteiro","copa":77.2,"verde":90.5,"construido":9.2,"temp":41.0,"urbano":false,"classe":"arborizada","prioridade":0},"geometry":{"type":"Polygon","coordinates":[[[-42.73865,-5.06217],[-42.73761,-5.06047],[-42.73858,-5.05873],[-42.74057,-5.05869],[-42.7416,-5.06039],[-42.74064,-5.06213],[-42.73865,-5.06217]]]}},{"type":"Feature","id":1508376745,"properties":{"h3":"898005548b7ffff","bairro":"Vila Rosa Luxemburgo","copa":2.9,"verde":13.3,"construido":86.7,"temp":46.4,"urbano":true,"classe":"critica","prioridade":79},"geometry":{"type":"Polygon","coordinates":[[[-42.81952,-5.06225],[-42.81849,-5.06055],[-42.81945,-5.05881],[-42.82144,-5.05877],[-42.82248,-5.06047],[-42.82151,-5.06221],[-42.81952,-5.06225]]]}},{"type":"Feature","id":1876164777,"properties":{"h3":"89800555ea3ffff","bairro":"Loteamento Green Village","copa":0.0,"verde":67.4,"construido":13.6,"temp":51.4,"urbano":false,"classe":"critica","prioridade":0},"geometry":{"type":"Polygon","coordinates":[[[-42.73266,-5.06229],[-42.73162,-5.06059],[-42.73259,-5.05885],[-42.73458,-5.05881],[-42.73562,-5.06051],[-42.73465,-5.06225],[-42.73266,-5.06229]]]}},{"type":"Feature","id":1508638889,"properties":{"h3":"898005548bbffff","bairro":"Vila Santa Helena","copa":1.6,"verde":4.1,"construido":95.9,"temp":46.7,"urbano":true,"classe":"critica","prioridade":83},"geometry":{"type":"Polygon","coordinates":[[[-42.81353,-5.06237],[-42.8125,-5.06067],[-42.81346,-5.05893],[-42.81546,-5.05889],[-42.81649,-5.06059],[-42.81553,-5.06233],[-42.81353,-5.06237]]]}},{"type":"Feature","id":1497628841,"properties":{"h3":"89800554813ffff","bairro":"Primavera","copa":77.6,"verde":80.0,"construido":20.0,"temp":36.1,"urbano":false,"classe":"arborizada","prioridade":0},"geometry":{"type":"Polygon","coordinates":[[[-42.80754,-5.06249],[-42.80651,-5.06079],[-42.80747,-5.05905],[-42.80947,-5.05901],[-42.8105,-5.06071],[-42.80954,-5.06245],[-42.80754,-5.06249]]]}},{"type":"Feature","id":1509949609,"properties":{"h3":"898005548cfffff","bairro":"Ininga","copa":68.3,"verde":75.2,"construido":24.5,"temp":37.9,"urbano":false,"classe":"arborizada","prioridade":0},"geometry":{"type":"Polygon","coordinates":[[[-42.80155,-5.06262],[-42.80052,-5.06092],[-42.80148,-5.05917],[-42.80348,-5.05913],[-42.80451,-5.06083],[-42.80355,-5.06258],[-42.80155,-5.06262]]]}},{"type":"Feature","id":1867251881,"properties":{"h3":"89800555e1bffff","bairro":"Novo Uruguai","copa":48.1,"verde":92.0,"construido":7.7,"temp":47.3,"urbano":false,"classe":"arborizada","prioridade":0},"geometry":{"type":"Polygon","coordinates":[[[-42.72068,-5.06254],[-42.71965,-5.06083],[-42.72061,-5.05909],[-42.72261,-5.05905],[-42.72364,-5.06075],[-42.72268,-5.0625],[-42.72068,-5.06254]]]}},{"type":"Feature","id":1870921897,"properties":{"h3":"89800555e53ffff","bairro":"Novo Uruguai","copa":81.6,"verde":90.9,"construido":9.1,"temp":41.0,"urbano":false,"classe":"arborizada","prioridade":0},"geometry":{"type":"Polygon","coordinates":[[[-42.71469,-5.06266],[-42.71366,-5.06096],[-42.71462,-5.05921],[-42.71662,-5.05917],[-42.71765,-5.06087],[-42.71669,-5.06262],[-42.71469,-5.06266]]]}},{"type":"Feature","id":1599602857,"properties":{"h3":"89800554e27ffff","bairro":"Ininga","copa":9.4,"verde":43.3,"construido":55.9,"temp":null,"urbano":true,"classe":"pouca","prioridade":61},"geometry":{"type":"Polygon","coordinates":[[[-42.79557,-5.06274],[-42.79453,-5.06104],[-42.7955,-5.05929],[-42.79749,-5.05925],[-42.79853,-5.06096],[-42.79756,-5.0627],[-42.79557,-5.06274]]]}},{"type":"Feature","id":1684013225,"properties":{"h3":"8980055532fffff","bairro":"Novo Uruguai","copa":58.1,"verde":74.7,"construido":25.3,"temp":41.4,"urbano":true,"classe":"arborizada","prioridade":0},"geometry":{"type":"Polygon","coordinates":[[[-42.7087,-5.06278],[-42.70767,-5.06108],[-42.70864,-5.05933],[-42.71063,-5.05929],[-42.71166,-5.061],[-42.7107,-5.06274],[-42.7087,-5.06278]]]}},{"type":"Feature","id":1599865001,"properties":{"h3":"89800554e2bffff","bairro":"Ininga","copa":9.1,"verde":11.0,"construido":88.7,"temp":44.9,"urbano":true,"classe":"pouca","prioridade":58},"geometry":{"type":"Polygon","coordinates":[[[-42.78958,-5.06286],[-42.78855,-5.06116],[-42.78951,-5.05942],[-42.7915,-5.05938],[-42.79254,-5.06108],[-42.79157,-5.06282],[-42.78958,-5.06286]]]}},{"type":"Feature","id":1603535017,"properties":{"h3":"89800554e63ffff","bairro":"Horto","copa":0.8,"verde":2.1,"construido":97.3,"temp":44.7,"urbano":true,"classe":"critica","prioridade":74},"geometry":{"type":"Polygon","coordinates":[[[-42.78359,-5.06298],[-42.78256,-5.06128],[-42.78352,-5.05954],[-42.78552,-5.0595],[-42.78655,-5.0612],[-42.78559,-5.06294],[-42.78359,-5.06298]]]}},{"type":"Feature","id":1687683241,"properties":{"h3":"89800555367ffff","bairro":"Novo Uruguai","copa":60.2,"verde":82.3,"construido":14.2,"temp":42.1,"urbano":false,"classe":"arborizada","prioridade":0},"geometry":{"type":"Polygon","coordinates":[[[-42.70272,-5.0629],[-42.70168,-5.0612],[-42.70265,-5.05946],[-42.70464,-5.05941],[-42.70568,-5.06112],[-42.70471,-5.06286],[-42.70272,-5.0629]]]}},{"type":"Feature","id":1687945385,"properties":{"h3":"8980055536bffff","bairro":"Res. Santa Teresinha","copa":35.0,"verde":68.0,"construido":30.6,"temp":45.1,"urbano":true,"classe":"arborizada","prioridade":11},"geometry":{"type":"Polygon","coordinates":[[[-42.69673,-5.06302],[-42.6957,-5.06132],[-42.69666,-5.05958],[-42.69865,-5.05954],[-42.69969,-5.06124],[-42.69872,-5.06298],[-42.69673,-5.06302]]]}},{"type":"Feature","id":1860698281,"properties":{"h3":"89800555db7ffff","bairro":"Planalto","copa":18.9,"verde":21.1,"construido":78.9,"temp":42.9,"urbano":true,"classe":"moderada","prioridade":27},"geometry":{"type":"Polygon","coordinates":[[[-42.7776,-5.0631],[-42.77657,-5.0614],[-42.77753,-5.05966],[-42.77953,-5.05962],[-42.78056,-5.06132],[-42.7796,-5.06306],[-42.7776,-5.0631]]]}},{"type":"Feature","id":1037303975,"properties":{"h3":"89800542ca3ffff","bairro":"Res. Santa Teresinha","copa":29.3,"verde":78.7,"construido":4.8,"temp":39.6,"urbano":false,"classe":"arborizada","prioridade":0},"geometry":{"type":"Polygon","coordinates":[[[-42.69074,-5.06314],[-42.68971,-5.06144],[-42.69067,-5.0597],[-42.69267,-5.05966],[-42.6937,-5.06136],[-42.69274,-5.0631],[-42.69074,-5.06314]]]}},{"type":"Feature","id":1860960425,"properties":{"h3":"89800555dbbffff","bairro":"Planalto","copa":22.0,"verde":23.0,"construido":76.4,"temp":44.2,"urbano":true,"classe":"moderada","prioridade":28},"geometry":{"type":"Polygon","coordinates":[[[-42.77161,-5.06323],[-42.77058,-5.06152],[-42.77154,-5.05978],[-42.77354,-5.05974],[-42.77457,-5.06144],[-42.77361,-5.06319],[-42.77161,-5.06323]]]}},{"type":"Feature","id":1849950377,"properties":{"h3":"89800555d13ffff","bairro":"Piçarreira","copa":27.6,"verde":39.1,"construido":59.6,"temp":43.4,"urbano":true,"classe":"arborizada","prioridade":12},"geometry":{"type":"Polygon","coordinates":[[[-42.76563,-5.06335],[-42.76459,-5.06165],[-42.76556,-5.0599],[-42.76755,-5.05986],[-42.76859,-5.06156],[-42.76762,-5.06331],[-42.76563,-5.06335]]]}},{"type":"Feature","id":1862271145,"properties":{"h3":"89800555dcfffff","bairro":"Piçarreira","copa":3.7,"verde":3.7,"construido":96.3,"temp":46.3,"urbano":true,"classe":"critica","prioridade":77},"geometry":{"type":"Polygon","coordinates":[[[-42.75964,-5.06347],[-42.75861,-5.06177],[-42.75957,-5.06003],[-42.76156,-5.05998],[-42.7626,-5.06169],[-42.76163,-5.06343],[-42.75964,-5.06347]]]}},{"type":"Feature","id":1582563497,"properties":{"h3":"89800554d23ffff","bairro":"Vila Carlos Feitosa","copa":15.9,"verde":44.9,"construido":51.8,"temp":41.4,"urbano":true,"classe":"moderada","prioridade":28},"geometry":{"type":"Polygon","coordinates":[[[-42.83452,-5.06367],[-42.83349,-5.06197],[-42.83445,-5.06022],[-42.83645,-5.06018],[-42.83748,-5.06188],[-42.83652,-5.06363],[-42.83452,-5.06367]]]}},{"type":"Feature","id":1834483881,"properties":{"h3":"89800555c27ffff","bairro":"Santa Lia","copa":10.9,"verde":31.9,"construido":56.9,"temp":44.7,"urbano":true,"classe":"pouca","prioridade":54},"geometry":{"type":"Polygon","coordinates":[[[-42.75365,-5.06359],[-42.75262,-5.06189],[-42.75358,-5.06015],[-42.75558,-5.06011],[-42.75661,-5.06181],[-42.75565,-5.06355],[-42.75365,-5.06359]]]}},{"type":"Feature","id":1588068521,"properties":{"h3":"89800554d77ffff","bairro":"Parque Alvorada","copa":2.4,"verde":4.8,"construido":95.2,"temp":46.7,"urbano":true,"classe":"critica","prioridade":82},"geometry":{"type":"Polygon","coordinates":[[[-42.82854,-5.06379],[-42.8275,-5.06209],[-42.82847,-5.06035],[-42.83046,-5.0603],[-42.83149,-5.06201],[-42.83053,-5.06375],[-42.82854,-5.06379]]]}},{"type":"Feature","id":1834746025,"properties":{"h3":"89800555c2bffff","bairro":"Vila Amazônia","copa":34.6,"verde":45.3,"construido":53.0,"temp":null,"urbano":true,"classe":"arborizada","prioridade":20},"geometry":{"type":"Polygon","coordinates":[[[-42.74766,-5.06371],[-42.74663,-5.06201],[-42.74759,-5.06027],[-42.74959,-5.06023],[-42.75062,-5.06193],[-42.74966,-5.06367],[-42.74766,-5.06371]]]}},{"type":"Feature","id":1838416041,"properties":{"h3":"89800555c63ffff","bairro":"Uruguai","copa":68.9,"verde":80.3,"construido":17.8,"temp":42.3,"urbano":false,"classe":"arborizada","prioridade":0},"geometry":{"type":"Polygon","coordinates":[[[-42.74167,-5.06383],[-42.74064,-5.06213],[-42.7416,-5.06039],[-42.7436,-5.06035],[-42.74463,-5.06205],[-42.74367,-5.06379],[-42.74167,-5.06383]]]}},{"type":"Feature","id":1588330665,"properties":{"h3":"89800554d7bffff","bairro":"Parque Alvorada","copa":0.0,"verde":76.3,"construido":23.7,"temp":53.1,"urbano":false,"classe":"critica","prioridade":0},"geometry":{"type":"Polygon","coordinates":[[[-42.82255,-5.06391],[-42.82151,-5.06221],[-42.82248,-5.06047],[-42.82447,-5.06043],[-42.82551,-5.06213],[-42.82454,-5.06387],[-42.82255,-5.06391]]]}},{"type":"Feature","id":1508114601,"properties":{"h3":"898005548b3ffff","bairro":"Vila Rosa Luxemburgo","copa":1.1,"verde":1.4,"construido":98.6,"temp":47.2,"urbano":true,"classe":"critica","prioridade":87},"geometry":{"type":"Polygon","coordinates":[[[-42.81656,-5.06403],[-42.81553,-5.06233],[-42.81649,-5.06059],[-42.81849,-5.06055],[-42.81952,-5.06225],[-42.81856,-5.06399],[-42.81656,-5.06403]]]}},{"type":"Feature","id":1505755305,"properties":{"h3":"8980055488fffff","bairro":"Primavera","copa":9.6,"verde":17.1,"construido":82.4,"temp":48.6,"urbano":true,"classe":"pouca","prioridade":78},"geometry":{"type":"Polygon","coordinates":[[[-42.81057,-5.06416],[-42.80954,-5.06245],[-42.8105,-5.06071],[-42.8125,-5.06067],[-42.81353,-5.06237],[-42.81257,-5.06411],[-42.81057,-5.06416]]]}},{"type":"Feature","id":1877737641,"properties":{"h3":"89800555ebbffff","bairro":"Loteamento Green Village","copa":46.1,"verde":92.8,"construido":7.2,"temp":41.6,"urbano":false,"classe":"arborizada","prioridade":0},"geometry":{"type":"Polygon","coordinates":[[[-42.7297,-5.06408],[-42.72867,-5.06237],[-42.72963,-5.06063],[-42.73162,-5.06059],[-42.73266,-5.06229],[-42.73169,-5.06404],[-42.7297,-5.06408]]]}},{"type":"Feature","id":1509425321,"properties":{"h3":"898005548c7ffff","bairro":"Primavera","copa":52.3,"verde":64.0,"construido":34.8,"temp":42.6,"urbano":true,"classe":"arborizada","prioridade":2},"geometry":{"type":"Polygon","coordinates":[[[-42.80458,-5.06428],[-42.80355,-5.06258],[-42.80451,-5.06083],[-42.80651,-5.06079],[-42.80754,-5.06249],[-42.80658,-5.06424],[-42.80458,-5.06428]]]}},{"type":"Feature","id":1866727593,"properties":{"h3":"89800555e13ffff","bairro":"Novo Uruguai","copa":79.9,"verde":89.8,"construido":7.4,"temp":39.5,"urbano":false,"classe":"arborizada","prioridade":0},"geometry":{"type":"Polygon","coordinates":[[[-42.72371,-5.0642],[-42.72268,-5.0625],[-42.72364,-5.06075],[-42.72564,-5.06071],[-42.72667,-5.06241],[-42.72571,-5.06416],[-42.72371,-5.0642]]]}},{"type":"Feature","id":1879048361,"properties":{"h3":"89800555ecfffff","bairro":"Novo Uruguai","copa":81.4,"verde":85.6,"construido":14.4,"temp":41.2,"urbano":false,"classe":"arborizada","prioridade":0},"geometry":{"type":"Polygon","coordinates":[[[-42.71772,-5.06432],[-42.71669,-5.06262],[-42.71765,-5.06087],[-42.71965,-5.06083],[-42.72068,-5.06254],[-42.71972,-5.06428],[-42.71772,-5.06432]]]}},{"type":"Feature","id":1509687465,"properties":{"h3":"898005548cbffff","bairro":"Fátima","copa":17.3,"verde":37.5,"construido":62.3,"temp":45.9,"urbano":true,"classe":"moderada","prioridade":48},"geometry":{"type":"Polygon","coordinates":[[[-42.7986,-5.0644],[-42.79756,-5.0627],[-42.79853,-5.06096],[-42.80052,-5.06092],[-42.80155,-5.06262],[-42.80059,-5.06436],[-42.7986,-5.0644]]]}},{"type":"Feature","id":1599340713,"properties":{"h3":"89800554e23ffff","bairro":"Fátima","copa":1.9,"verde":3.6,"construido":95.3,"temp":45.6,"urbano":true,"classe":"critica","prioridade":77},"geometry":{"type":"Polygon","coordinates":[[[-42.79261,-5.06452],[-42.79157,-5.06282],[-42.79254,-5.06108],[-42.79453,-5.06104],[-42.79557,-5.06274],[-42.7946,-5.06448],[-42.79261,-5.06452]]]}},{"type":"Feature","id":1683488937,"properties":{"h3":"89800555327ffff","bairro":"Novo Uruguai","copa":15.7,"verde":79.0,"construido":19.4,"temp":48.3,"urbano":false,"classe":"moderada","prioridade":0},"geometry":{"type":"Polygon","coordinates":[[[-42.71173,-5.06444],[-42.7107,-5.06274],[-42.71166,-5.061],[-42.71366,-5.06096],[-42.71469,-5.06266],[-42.71373,-5.0644],[-42.71173,-5.06444]]]}},{"type":"Feature","id":1604845737,"properties":{"h3":"89800554e77ffff","bairro":"Fátima","copa":4.2,"verde":4.2,"construido":95.8,"temp":45.3,"urbano":true,"classe":"critica","prioridade":70},"geometry":{"type":"Polygon","coordinates":[[[-42.78662,-5.06464],[-42.78559,-5.06294],[-42.78655,-5.0612],[-42.78855,-5.06116],[-42.78958,-5.06286],[-42.78862,-5.0646],[-42.78662,-5.06464]]]}},{"type":"Feature","id":1683751081,"properties":{"h3":"8980055532bffff","bairro":"Novo Uruguai","copa":75.0,"verde":78.3,"construido":21.5,"temp":44.4,"urbano":false,"classe":"arborizada","prioridade":0},"geometry":{"type":"Polygon","coordinates":[[[-42.70575,-5.06456],[-42.70471,-5.06286],[-42.70568,-5.06112],[-42.70767,-5.06108],[-42.7087,-5.06278],[-42.70774,-5.06452],[-42.70575,-5.06456]]]}},{"type":"Feature","id":1687421097,"properties":{"h3":"89800555363ffff","bairro":"Res. Santa Teresinha","copa":50.8,"verde":70.5,"construido":28.1,"temp":43.4,"urbano":true,"classe":"arborizada","prioridade":4},"geometry":{"type":"Polygon","coordinates":[[[-42.69976,-5.06468],[-42.69872,-5.06298],[-42.69969,-5.06124],[-42.70168,-5.0612],[-42.70272,-5.0629],[-42.70175,-5.06464],[-42.69976,-5.06468]]]}},{"type":"Feature","id":1605107881,"properties":{"h3":"89800554e7bffff","bairro":"Horto","copa":0.8,"verde":8.3,"construido":88.8,"temp":45.6,"urbano":true,"classe":"critica","prioridade":78},"geometry":{"type":"Polygon","coordinates":[[[-42.78063,-5.06477],[-42.7796,-5.06306],[-42.78056,-5.06132],[-42.78256,-5.06128],[-42.78359,-5.06298],[-42.78263,-5.06472],[-42.78063,-5.06477]]]}},{"type":"Feature","id":1038614695,"properties":{"h3":"89800542cb7ffff","bairro":"Res. Santa Teresinha","copa":83.8,"verde":89.9,"construido":10.1,"temp":41.3,"urbano":false,"classe":"arborizada","prioridade":0},"geometry":{"type":"Polygon","coordinates":[[[-42.69377,-5.0648],[-42.69274,-5.0631],[-42.6937,-5.06136],[-42.6957,-5.06132],[-42.69673,-5.06302],[-42.69577,-5.06476],[-42.69377,-5.0648]]]}},{"type":"Feature","id":1860436137,"properties":{"h3":"89800555db3ffff","bairro":"Horto","copa":13.1,"verde":22.4,"construido":77.6,"temp":43.4,"urbano":true,"classe":"moderada","prioridade":42},"geometry":{"type":"Polygon","coordinates":[[[-42.77464,-5.06489],[-42.77361,-5.06319],[-42.77457,-5.06144],[-42.77657,-5.0614],[-42.7776,-5.0631],[-42.77664,-5.06485],[-42.77464,-5.06489]]]}},{"type":"Feature","id":1858076841,"properties":{"h3":"89800555d8fffff","bairro":"Piçarreira","copa":25.7,"verde":31.7,"construido":68.0,"temp":45.6,"urbano":true,"classe":"arborizada","prioridade":29},"geometry":{"type":"Polygon","coordinates":[[[-42.76866,-5.06501],[-42.76762,-5.06331],[-42.76859,-5.06156],[-42.77058,-5.06152],[-42.77161,-5.06323],[-42.77065,-5.06497],[-42.76866,-5.06501]]]}},{"type":"Feature","id":1861746857,"properties":{"h3":"89800555dc7ffff","bairro":"Piçarreira","copa":4.0,"verde":4.3,"construido":95.2,"temp":44.7,"urbano":true,"classe":"critica","prioridade":67},"geometry":{"type":"Polygon","coordinates":[[[-42.76267,-5.06513],[-42.76163,-5.06343],[-42.7626,-5.06169],[-42.76459,-5.06165],[-42.76563,-5.06335],[-42.76466,-5.06509],[-42.76267,-5.06513]]]}},{"type":"Feature","id":1040187559,"properties":{"h3":"89800542ccfffff","bairro":"Pq. Bumerangue","copa":73.2,"verde":81.1,"construido":18.9,"temp":42.7,"urbano":false,"classe":"arborizada","prioridade":0},"geometry":{"type":"Polygon","coordinates":[[[-42.6758,-5.06517],[-42.67477,-5.06346],[-42.67573,-5.06172],[-42.67773,-5.06168],[-42.67876,-5.06338],[-42.6778,-5.06512],[-42.6758,-5.06517]]]}},{"type":"Feature","id":1862009001,"properties":{"h3":"89800555dcbffff","bairro":"Vila Samaritana","copa":36.5,"verde":46.4,"construido":52.3,"temp":43.9,"urbano":true,"classe":"arborizada","prioridade":11},"geometry":{"type":"Polygon","coordinates":[[[-42.75668,-5.06525],[-42.75565,-5.06355],[-42.75661,-5.06181],[-42.75861,-5.06177],[-42.75964,-5.06347],[-42.75868,-5.06521],[-42.75668,-5.06525]]]}},{"type":"Feature","id":1584136361,"properties":{"h3":"89800554d3bffff","bairro":"Vila Bom Jesus - Norte","copa":5.9,"verde":19.2,"construido":80.3,"temp":46.9,"urbano":true,"classe":"pouca","prioridade":76},"geometry":{"type":"Polygon","coordinates":[[[-42.83156,-5.06545],[-42.83053,-5.06375],[-42.83149,-5.06201],[-42.83349,-5.06197],[-42.83452,-5.06367],[-42.83356,-5.06541],[-42.83156,-5.06545]]]}},{"type":"Feature","id":1834221737,"properties":{"h3":"89800555c23ffff","bairro":"Santa Lia","copa":19.8,"verde":55.1,"construido":29.2,"temp":null,"urbano":true,"classe":"moderada","prioridade":24},"geometry":{"type":"Polygon","coordinates":[[[-42.75069,-5.06537],[-42.74966,-5.06367],[-42.75062,-5.06193],[-42.75262,-5.06189],[-42.75365,-5.06359],[-42.75269,-5.06533],[-42.75069,-5.06537]]]}},{"type":"Feature","id":1839726761,"properties":{"h3":"89800555c77ffff","bairro":"Conjunto O Sonho Não Acabou","copa":59.7,"verde":81.7,"construido":18.3,"temp":41.9,"urbano":false,"classe":"arborizada","prioridade":0},"geometry":{"type":"Polygon","coordinates":[[[-42.7447,-5.06549],[-42.74367,-5.06379],[-42.74463,-5.06205],[-42.74663,-5.06201],[-42.74766,-5.06371],[-42.7467,-5.06545],[-42.7447,-5.06549]]]}},{"type":"Feature","id":1587806377,"properties":{"h3":"89800554d73ffff","bairro":"Parque Alvorada","copa":7.3,"verde":59.9,"construido":40.1,"temp":49.3,"urbano":true,"classe":"pouca","prioridade":68},"geometry":{"type":"Polygon","coordinates":[[[-42.82558,-5.06557],[-42.82454,-5.06387],[-42.82551,-5.06213],[-42.8275,-5.06209],[-42.82854,-5.06379],[-42.82757,-5.06553],[-42.82558,-5.06557]]]}},{"type":"Feature","id":1585447081,"properties":{"h3":"89800554d4fffff","bairro":"Vila Rosa Luxemburgo","copa":1.9,"verde":20.1,"construido":71.1,"temp":48.3,"urbano":true,"classe":"critica","prioridade":92},"geometry":{"type":"Polygon","coordinates":[[[-42.81959,-5.06569],[-42.81856,-5.06399],[-42.81952,-5.06225],[-42.82151,-5.06221],[-42.82255,-5.06391],[-42.82158,-5.06565],[-42.81959,-5.06569]]]}},{"type":"Feature","id":1505231017,"properties":{"h3":"89800554887ffff","bairro":"Primavera","copa":15.7,"verde":18.4,"construido":81.6,"temp":46.1,"urbano":true,"classe":"moderada","prioridade":51},"geometry":{"type":"Polygon","coordinates":[[[-42.8136,-5.06582],[-42.81257,-5.06411],[-42.81353,-5.06237],[-42.81553,-5.06233],[-42.81656,-5.06403],[-42.8156,-5.06578],[-42.8136,-5.06582]]]}},{"type":"Feature","id":1877213353,"properties":{"h3":"89800555eb3ffff","bairro":"Loteamento Green Village","copa":86.3,"verde":93.8,"construido":6.2,"temp":41.6,"urbano":false,"classe":"arborizada","prioridade":0},"geometry":{"type":"Polygon","coordinates":[[[-42.73273,-5.06574],[-42.73169,-5.06404],[-42.73266,-5.06229],[-42.73465,-5.06225],[-42.73569,-5.06395],[-42.73472,-5.0657],[-42.73273,-5.06574]]]}},{"type":"Feature","id":1505493161,"properties":{"h3":"8980055488bffff","bairro":"Primavera","copa":22.2,"verde":27.1,"construido":72.3,"temp":44.3,"urbano":true,"classe":"moderada","prioridade":29},"geometry":{"type":"Polygon","coordinates":[[[-42.80761,-5.06594],[-42.80658,-5.06424],[-42.80754,-5.06249],[-42.80954,-5.06245],[-42.81057,-5.06416],[-42.80961,-5.0659],[-42.80761,-5.06594]]]}},{"type":"Feature","id":1874854057,"properties":{"h3":"89800555e8fffff","bairro":"Loteamento Green Village","copa":80.8,"verde":87.1,"construido":12.9,"temp":40.5,"urbano":false,"classe":"arborizada","prioridade":0},"geometry":{"type":"Polygon","coordinates":[[[-42.72674,-5.06586],[-42.72571,-5.06416],[-42.72667,-5.06241],[-42.72867,-5.06237],[-42.7297,-5.06408],[-42.72874,-5.06582],[-42.72674,-5.06586]]]}},{"type":"Feature","id":1878524073,"properties":{"h3":"89800555ec7ffff","bairro":"Novo Uruguai","copa":72.8,"verde":84.3,"construido":15.7,"temp":38.0,"urbano":false,"classe":"arborizada","prioridade":0},"geometry":{"type":"Polygon","coordinates":[[[-42.72075,-5.06598],[-42.71972,-5.06428],[-42.72068,-5.06254],[-42.72268,-5.0625],[-42.72371,-5.0642],[-42.72275,-5.06594],[-42.72075,-5.06598]]]}},{"type":"Feature","id":1509163177,"properties":{"h3":"898005548c3ffff","bairro":"Morro da Esperança","copa":32.2,"verde":51.4,"construido":48.1,"temp":39.2,"urbano":true,"classe":"arborizada","prioridade":0},"geometry":{"type":"Polygon","coordinates":[[[-42.80162,-5.06606],[-42.80059,-5.06436],[-42.80155,-5.06262],[-42.80355,-5.06258],[-42.80458,-5.06428],[-42.80362,-5.06602],[-42.80162,-5.06606]]]}},{"type":"Feature","id":1600651433,"properties":{"h3":"89800554e37ffff","bairro":"Fátima","copa":1.9,"verde":3.0,"construido":97.0,"temp":45.9,"urbano":true,"classe":"critica","prioridade":78},"geometry":{"type":"Polygon","coordinates":[[[-42.79564,-5.06618],[-42.7946,-5.06448],[-42.79557,-5.06274],[-42.79756,-5.0627],[-42.7986,-5.0644],[-42.79763,-5.06614],[-42.79564,-5.06618]]]}},{"type":"Feature","id":1600913577,"properties":{"h3":"89800554e3bffff","bairro":"Fátima","copa":4.8,"verde":4.8,"construido":95.2,"temp":45.8,"urbano":true,"classe":"critica","prioridade":72},"geometry":{"type":"Polygon","coordinates":[[[-42.78965,-5.0663],[-42.78862,-5.0646],[-42.78958,-5.06286],[-42.79157,-5.06282],[-42.79261,-5.06452],[-42.79165,-5.06626],[-42.78965,-5.0663]]]}},{"type":"Feature","id":1683226793,"properties":{"h3":"89800555323ffff","bairro":"Novo Uruguai","copa":47.8,"verde":82.2,"construido":5.2,"temp":45.1,"urbano":false,"classe":"arborizada","prioridade":0},"geometry":{"type":"Polygon","coordinates":[[[-42.70877,-5.06622],[-42.70774,-5.06452],[-42.7087,-5.06278],[-42.7107,-5.06274],[-42.71173,-5.06444],[-42.71077,-5.06618],[-42.70877,-5.06622]]]}},{"type":"Feature","id":1688731817,"properties":{"h3":"89800555377ffff","bairro":"Res. Santa Teresinha","copa":77.0,"verde":95.1,"construido":4.9,"temp":44.4,"urbano":false,"classe":"arborizada","prioridade":0},"geometry":{"type":"Polygon","coordinates":[[[-42.70279,-5.06634],[-42.70175,-5.06464],[-42.70272,-5.0629],[-42.70471,-5.06286],[-42.70575,-5.06456],[-42.70478,-5.0663],[-42.70279,-5.06634]]]}},{"type":"Feature","id":1604583593,"properties":{"h3":"89800554e73ffff","bairro":"Horto","copa":11.8,"verde":12.0,"construido":88.0,"temp":43.8,"urbano":true,"classe":"pouca","prioridade":47},"geometry":{"type":"Polygon","coordinates":[[[-42.78366,-5.06643],[-42.78263,-5.06472],[-42.78359,-5.06298],[-42.78559,-5.06294],[-42.78662,-5.06464],[-42.78566,-5.06639],[-42.78366,-5.06643]]]}},{"type":"Feature","id":1602224297,"properties":{"h3":"89800554e4fffff","bairro":"Horto","copa":2.7,"verde":4.1,"construido":95.3,"temp":45.0,"urbano":true,"classe":"critica","prioridade":71},"geometry":{"type":"Polygon","coordinates":[[[-42.77767,-5.06655],[-42.77664,-5.06485],[-42.7776,-5.0631],[-42.7796,-5.06306],[-42.78063,-5.06477],[-42.77967,-5.06651],[-42.77767,-5.06655]]]}},{"type":"Feature","id":1857552553,"properties":{"h3":"89800555d87ffff","bairro":"Horto","copa":12.5,"verde":29.5,"construido":68.0,"temp":44.5,"urbano":true,"classe":"moderada","prioridade":49},"geometry":{"type":"Polygon","coordinates":[[[-42.77168,-5.06667],[-42.77065,-5.06497],[-42.77161,-5.06323],[-42.77361,-5.06319],[-42.77464,-5.06489],[-42.77368,-5.06663],[-42.77168,-5.06667]]]}},{"type":"Feature","id":1038352551,"properties":{"h3":"89800542cb3ffff","bairro":"Res. Santa Teresinha","copa":58.5,"verde":88.0,"construido":8.8,"temp":41.0,"urbano":false,"classe":"arborizada","prioridade":0},"geometry":{"type":"Polygon","coordinates":[[[-42.69081,-5.06659],[-42.68978,-5.06488],[-42.69074,-5.06314],[-42.69274,-5.0631],[-42.69377,-5.0648],[-42.69281,-5.06654],[-42.69081,-5.06659]]]}},{"type":"Feature","id":1857814697,"properties":{"h3":"89800555d8bffff","bairro":"Morada do Sol","copa":3.7,"verde":4.5,"construido":95.5,"temp":46.4,"urbano":true,"classe":"critica","prioridade":77},"geometry":{"type":"Polygon","coordinates":[[[-42.7657,-5.06679],[-42.76466,-5.06509],[-42.76563,-5.06335],[-42.76762,-5.06331],[-42.76866,-5.06501],[-42.76769,-5.06675],[-42.7657,-5.06679]]]}},{"type":"Feature","id":1861484713,"properties":{"h3":"89800555dc3ffff","bairro":"Piçarreira","copa":10.1,"verde":10.1,"construido":89.9,"temp":46.4,"urbano":true,"classe":"pouca","prioridade":64},"geometry":{"type":"Polygon","coordinates":[[[-42.75971,-5.06691],[-42.75868,-5.06521],[-42.75964,-5.06347],[-42.76163,-5.06343],[-42.76267,-5.06513],[-42.7617,-5.06687],[-42.75971,-5.06691]]]}},{"type":"Feature","id":1039925415,"properties":{"h3":"89800542ccbffff","bairro":"Pq. Bumerangue","copa":91.7,"verde":96.3,"construido":3.7,"temp":38.2,"urbano":false,"classe":"arborizada","prioridade":0},"geometry":{"type":"Polygon","coordinates":[[[-42.67285,-5.06695],[-42.67181,-5.06525],[-42.67278,-5.0635],[-42.67477,-5.06346],[-42.6758,-5.06517],[-42.67484,-5.06691],[-42.67285,-5.06695]]]}},{"type":"Feature","id":1583612073,"properties":{"h3":"89800554d33ffff","bairro":"Matadouro","copa":32.3,"verde":61.9,"construido":37.6,"temp":41.6,"urbano":true,"classe":"arborizada","prioridade":0},"geometry":{"type":"Polygon","coordinates":[[[-42.83459,-5.06711],[-42.83356,-5.06541],[-42.83452,-5.06367],[-42.83652,-5.06363],[-42.83755,-5.06533],[-42.83659,-5.06707],[-42.83459,-5.06711]]]}},{"type":"Feature","id":1835532457,"properties":{"h3":"89800555c37ffff","bairro":"Vila Samaritana","copa":9.9,"verde":18.1,"construido":80.2,"temp":46.0,"urbano":true,"classe":"pouca","prioridade":62},"geometry":{"type":"Polygon","coordinates":[[[-42.75372,-5.06703],[-42.75269,-5.06533],[-42.75365,-5.06359],[-42.75565,-5.06355],[-42.75668,-5.06525],[-42.75572,-5.06699],[-42.75372,-5.06703]]]}},{"type":"Feature","id":1835794601,"properties":{"h3":"89800555c3bffff","bairro":"Vila Santa Maria de Jesus","copa":14.5,"verde":42.5,"construido":53.8,"temp":45.9,"urbano":true,"classe":"moderada","prioridade":53},"geometry":{"type":"Polygon","coordinates":[[[-42.74773,-5.06716],[-42.7467,-5.06545],[-42.74766,-5.06371],[-42.74966,-5.06367],[-42.75069,-5.06537],[-42.74973,-5.06712],[-42.74773,-5.06716]]]}},{"type":"Feature","id":1581252777,"properties":{"h3":"89800554d0fffff","bairro":"Vila Bom Jesus - Norte","copa":3.2,"verde":6.2,"construido":93.8,"temp":46.9,"urbano":true,"classe":"critica","prioridade":81},"geometry":{"type":"Polygon","coordinates":[[[-42.82861,-5.06723],[-42.82757,-5.06553],[-42.82854,-5.06379],[-42.83053,-5.06375],[-42.83156,-5.06545],[-42.8306,-5.06719],[-42.82861,-5.06723]]]}},{"type":"Feature","id":1584922793,"properties":{"h3":"89800554d47ffff","bairro":"Aeroporto","copa":0.0,"verde":75.6,"construido":24.4,"temp":52.5,"urbano":false,"classe":"critica","prioridade":0},"geometry":{"type":"Polygon","coordinates":[[[-42.82262,-5.06736],[-42.82158,-5.06565],[-42.82255,-5.06391],[-42.82454,-5.06387],[-42.82558,-5.06557],[-42.82461,-5.06731],[-42.82262,-5.06736]]]}},{"type":"Feature","id":1839464617,"properties":{"h3":"89800555c73ffff","bairro":"Conjunto O Sonho Não Acabou","copa":58.1,"verde":75.5,"construido":24.5,"temp":42.1,"urbano":false,"classe":"arborizada","prioridade":0},"geometry":{"type":"Polygon","coordinates":[[[-42.74174,-5.06728],[-42.74071,-5.06558],[-42.74167,-5.06383],[-42.74367,-5.06379],[-42.7447,-5.06549],[-42.74374,-5.06724],[-42.74174,-5.06728]]]}},{"type":"Feature","id":1585184937,"properties":{"h3":"89800554d4bffff","bairro":"Aeroporto","copa":7.5,"verde":17.6,"construido":82.4,"temp":46.9,"urbano":true,"classe":"pouca","prioridade":73},"geometry":{"type":"Polygon","coordinates":[[[-42.81663,-5.06748],[-42.8156,-5.06578],[-42.81656,-5.06403],[-42.81856,-5.06399],[-42.81959,-5.06569],[-42.81863,-5.06744],[-42.81663,-5.06748]]]}},{"type":"Feature","id":1874329769,"properties":{"h3":"89800555e87ffff","bairro":"Loteamento Green Village","copa":69.0,"verde":87.4,"construido":12.6,"temp":39.1,"urbano":false,"classe":"arborizada","prioridade":0},"geometry":{"type":"Polygon","coordinates":[[[-42.72977,-5.06752],[-42.72874,-5.06582],[-42.7297,-5.06408],[-42.73169,-5.06404],[-42.73273,-5.06574],[-42.73176,-5.06748],[-42.72977,-5.06752]]]}},{"type":"Feature","id":1504968873,"properties":{"h3":"89800554883ffff","bairro":"Primavera","copa":12.2,"verde":17.3,"construido":82.7,"temp":47.8,"urbano":true,"classe":"moderada","prioridade":68},"geometry":{"type":"Polygon","coordinates":[[[-42.81064,-5.0676],[-42.80961,-5.0659],[-42.81057,-5.06416],[-42.81257,-5.06411],[-42.8136,-5.06582],[-42.81264,-5.06756],[-42.81064,-5.0676]]]}},{"type":"Feature","id":1874591913,"properties":{"h3":"89800555e8bffff","bairro":"Novo Uruguai","copa":68.4,"verde":81.1,"construido":18.6,"temp":40.3,"urbano":false,"classe":"arborizada","prioridade":0},"geometry":{"type":"Polygon","coordinates":[[[-42.72378,-5.06764],[-42.72275,-5.06594],[-42.72371,-5.0642],[-42.72571,-5.06416],[-42.72674,-5.06586],[-42.72578,-5.0676],[-42.72378,-5.06764]]]}},{"type":"Feature","id":1510473897,"properties":{"h3":"898005548d7ffff","bairro":"Morro da Esperança","copa":73.8,"verde":77.6,"construido":20.7,"temp":35.7,"urbano":false,"classe":"arborizada","prioridade":0},"geometry":{"type":"Polygon","coordinates":[[[-42.80465,-5.06772],[-42.80362,-5.06602],[-42.80458,-5.06428],[-42.80658,-5.06424],[-42.80761,-5.06594],[-42.80665,-5.06768],[-42.80465,-5.06772]]]}},{"type":"Feature","id":1510736041,"properties":{"h3":"898005548dbffff","bairro":"Fátima","copa":4.6,"verde":6.5,"construido":93.5,"temp":45.8,"urbano":true,"classe":"critica","prioridade":72},"geometry":{"type":"Polygon","coordinates":[[[-42.79867,-5.06784],[-42.79763,-5.06614],[-42.7986,-5.0644],[-42.80059,-5.06436],[-42.80162,-5.06606],[-42.80066,-5.0678],[-42.79867,-5.06784]]]}},{"type":"Feature","id":1600389289,"properties":{"h3":"89800554e33ffff","bairro":"Fátima","copa":0.8,"verde":1.1,"construido":98.9,"temp":45.9,"urbano":true,"classe":"critica","prioridade":80},"geometry":{"type":"Polygon","coordinates":[[[-42.79268,-5.06797],[-42.79165,-5.06626],[-42.79261,-5.06452],[-42.7946,-5.06448],[-42.79564,-5.06618],[-42.79467,-5.06792],[-42.79268,-5.06797]]]}},{"type":"Feature","id":1684537513,"properties":{"h3":"89800555337ffff","bairro":"Novo Uruguai","copa":14.5,"verde":85.5,"construido":9.0,"temp":48.4,"urbano":false,"classe":"moderada","prioridade":0},"geometry":{"type":"Polygon","coordinates":[[[-42.7118,-5.06788],[-42.71077,-5.06618],[-42.71173,-5.06444],[-42.71373,-5.0644],[-42.71476,-5.0661],[-42.7138,-5.06784],[-42.7118,-5.06788]]]}},{"type":"Feature","id":1598029993,"properties":{"h3":"89800554e0fffff","bairro":"Fátima","copa":2.1,"verde":2.7,"construido":97.3,"temp":43.5,"urbano":true,"classe":"critica","prioridade":64},"geometry":{"type":"Polygon","coordinates":[[[-42.78669,-5.06809],[-42.78566,-5.06639],[-42.78662,-5.06464],[-42.78862,-5.0646],[-42.78965,-5.0663],[-42.78869,-5.06805],[-42.78669,-5.06809]]]}},{"type":"Feature","id":1601700009,"properties":{"h3":"89800554e47ffff","bairro":"Horto","copa":24.8,"verde":28.9,"construido":70.2,"temp":43.6,"urbano":true,"classe":"moderada","prioridade":19},"geometry":{"type":"Polygon","coordinates":[[[-42.7807,-5.06821],[-42.77967,-5.06651],[-42.78063,-5.06477],[-42.78263,-5.06472],[-42.78366,-5.06643],[-42.7827,-5.06817],[-42.7807,-5.06821]]]}},{"type":"Feature","id":1601962153,"properties":{"h3":"89800554e4bffff","bairro":"Horto","copa":17.2,"verde":23.4,"construido":74.5,"temp":44.3,"urbano":true,"classe":"moderada","prioridade":39},"geometry":{"type":"Polygon","coordinates":[[[-42.77471,-5.06833],[-42.77368,-5.06663],[-42.77464,-5.06489],[-42.77664,-5.06485],[-42.77767,-5.06655],[-42.77671,-5.06829],[-42.77471,-5.06833]]]}},{"type":"Feature","id":1857290409,"properties":{"h3":"89800555d83ffff","bairro":"Morada do Sol","copa":6.1,"verde":8.5,"construido":89.1,"temp":45.6,"urbano":true,"classe":"pouca","prioridade":68},"geometry":{"type":"Polygon","coordinates":[[[-42.76873,-5.06845],[-42.76769,-5.06675],[-42.76866,-5.06501],[-42.77065,-5.06497],[-42.77168,-5.06667],[-42.77072,-5.06841],[-42.76873,-5.06845]]]}},{"type":"Feature","id":1862795433,"properties":{"h3":"89800555dd7ffff","bairro":"Morada do Sol","copa":4.0,"verde":9.6,"construido":90.1,"temp":45.2,"urbano":true,"classe":"critica","prioridade":70},"geometry":{"type":"Polygon","coordinates":[[[-42.76274,-5.06857],[-42.7617,-5.06687],[-42.76267,-5.06513],[-42.76466,-5.06509],[-42.7657,-5.06679],[-42.76473,-5.06853],[-42.76274,-5.06857]]]}},{"type":"Feature","id":1863057577,"properties":{"h3":"89800555ddbffff","bairro":"Campestre","copa":36.5,"verde":40.1,"construido":59.9,"temp":46.2,"urbano":true,"classe":"arborizada","prioridade":23},"geometry":{"type":"Polygon","coordinates":[[[-42.75675,-5.0687],[-42.75572,-5.06699],[-42.75668,-5.06525],[-42.75868,-5.06521],[-42.75971,-5.06691],[-42.75875,-5.06865],[-42.75675,-5.0687]]]}},{"type":"Feature","id":1835270313,"properties":{"h3":"89800555c33ffff","bairro":"Vila Santa Maria de Jesus","copa":0.5,"verde":0.8,"construido":97.9,"temp":47.8,"urbano":true,"classe":"critica","prioridade":92},"geometry":{"type":"Polygon","coordinates":[[[-42.75076,-5.06882],[-42.74973,-5.06712],[-42.75069,-5.06537],[-42.75269,-5.06533],[-42.75372,-5.06703],[-42.75276,-5.06878],[-42.75076,-5.06882]]]}},{"type":"Feature","id":1580728489,"properties":{"h3":"89800554d07ffff","bairro":"Matadouro","copa":9.1,"verde":17.1,"construido":82.9,"temp":44.8,"urbano":true,"classe":"pouca","prioridade":58},"geometry":{"type":"Polygon","coordinates":[[[-42.83163,-5.06889],[-42.8306,-5.06719],[-42.83156,-5.06545],[-42.83356,-5.06541],[-42.83459,-5.06711],[-42.83363,-5.06885],[-42.83163,-5.06889]]]}},{"type":"Feature","id":1580990633,"properties":{"h3":"89800554d0bffff","bairro":"Acarape","copa":0.0,"verde":63.6,"construido":35.6,"temp":51.8,"urbano":true,"classe":"critica","prioridade":71},"geometry":{"type":"Polygon","coordinates":[[[-42.82565,-5.06902],[-42.82461,-5.06731],[-42.82558,-5.06557],[-42.82757,-5.06553],[-42.82861,-5.06723],[-42.82764,-5.06898],[-42.82565,-5.06902]]]}},{"type":"Feature","id":1832911017,"properties":{"h3":"89800555c0fffff","bairro":"Vila Uruguai","copa":16.5,"verde":31.5,"construido":60.0,"temp":44.7,"urbano":true,"classe":"moderada","prioridade":42},"geometry":{"type":"Polygon","coordinates":[[[-42.74477,-5.06894],[-42.74374,-5.06724],[-42.7447,-5.06549],[-42.7467,-5.06545],[-42.74773,-5.06716],[-42.74677,-5.0689],[-42.74477,-5.06894]]]}},{"type":"Feature","id":1584660649,"properties":{"h3":"89800554d43ffff","bairro":"Aeroporto","copa":2.1,"verde":66.1,"construido":31.7,"temp":51.1,"urbano":true,"classe":"critica","prioridade":61},"geometry":{"type":"Polygon","coordinates":[[[-42.81966,-5.06914],[-42.81863,-5.06744],[-42.81959,-5.06569],[-42.82158,-5.06565],[-42.82262,-5.06736],[-42.82166,-5.0691],[-42.81966,-5.06914]]]}},{"type":"Feature","id":1836581033,"properties":{"h3":"89800555c47ffff","bairro":"Conjunto O Sonho Não Acabou","copa":50.1,"verde":77.0,"construido":16.8,"temp":41.4,"urbano":false,"classe":"arborizada","prioridade":0},"geometry":{"type":"Polygon","coordinates":[[[-42.73879,-5.06906],[-42.73775,-5.06736],[-42.73872,-5.06562],[-42.74071,-5.06558],[-42.74174,-5.06728],[-42.74078,-5.06902],[-42.73879,-5.06906]]]}},{"type":"Feature","id":1836843177,"properties":{"h3":"89800555c4bffff","bairro":"Loteamento Green Village","copa":68.6,"verde":87.2,"construido":10.1,"temp":40.8,"urbano":false,"classe":"arborizada","prioridade":0},"geometry":{"type":"Polygon","coordinates":[[[-42.7328,-5.06918],[-42.73176,-5.06748],[-42.73273,-5.06574],[-42.73472,-5.0657],[-42.73576,-5.0674],[-42.73479,-5.06914],[-42.7328,-5.06918]]]}},{"type":"Feature","id":1506279593,"properties":{"h3":"89800554897ffff","bairro":"Aeroporto","copa":4.3,"verde":9.1,"construido":90.9,"temp":46.3,"urbano":true,"classe":"critica","prioridade":76},"geometry":{"type":"Polygon","coordinates":[[[-42.81367,-5.06926],[-42.81264,-5.06756],[-42.8136,-5.06582],[-42.8156,-5.06578],[-42.81663,-5.06748],[-42.81567,-5.06922],[-42.81367,-5.06926]]]}},{"type":"Feature","id":1874067625,"properties":{"h3":"89800555e83ffff","bairro":"Loteamento Green Village","copa":49.5,"verde":69.7,"construido":27.9,"temp":41.7,"urbano":true,"classe":"arborizada","prioridade":0},"geometry":{"type":"Polygon","coordinates":[[[-42.72681,-5.0693],[-42.72578,-5.0676],[-42.72674,-5.06586],[-42.72874,-5.06582],[-42.72977,-5.06752],[-42.72881,-5.06926],[-42.72681,-5.0693]]]}},{"type":"Feature","id":1506541737,"properties":{"h3":"8980055489bffff","bairro":"Morro da Esperança","copa":0.8,"verde":1.1,"construido":98.9,"temp":47.4,"urbano":true,"classe":"critica","prioridade":88},"geometry":{"type":"Polygon","coordinates":[[[-42.80768,-5.06938],[-42.80665,-5.06768],[-42.80761,-5.06594],[-42.80961,-5.0659],[-42.81064,-5.0676],[-42.80968,-5.06934],[-42.80768,-5.06938]]]}},{"type":"Feature","id":1510211753,"properties":{"h3":"898005548d3ffff","bairro":"Morro da Esperança","copa":39.1,"verde":69.7,"construido":29.7,"temp":44.6,"urbano":true,"classe":"arborizada","prioridade":9},"geometry":{"type":"Polygon","coordinates":[[[-42.8017,-5.0695],[-42.80066,-5.0678],[-42.80162,-5.06606],[-42.80362,-5.06602],[-42.80465,-5.06772],[-42.80369,-5.06946],[-42.8017,-5.0695]]]}},{"type":"Feature","id":1608515753,"properties":{"h3":"89800554eafffff","bairro":"Fátima","copa":11.4,"verde":12.2,"construido":87.8,"temp":44.3,"urbano":true,"classe":"pouca","prioridade":50},"geometry":{"type":"Polygon","coordinates":[[[-42.79571,-5.06963],[-42.79467,-5.06792],[-42.79564,-5.06618],[-42.79763,-5.06614],[-42.79867,-5.06784],[-42.7977,-5.06959],[-42.79571,-5.06963]]]}},{"type":"Feature","id":1597505705,"properties":{"h3":"89800554e07ffff","bairro":"Fátima","copa":0.8,"verde":1.6,"construido":98.4,"temp":43.1,"urbano":true,"classe":"critica","prioridade":64},"geometry":{"type":"Polygon","coordinates":[[[-42.78972,-5.06975],[-42.78869,-5.06805],[-42.78965,-5.0663],[-42.79165,-5.06626],[-42.79268,-5.06797],[-42.79172,-5.06971],[-42.78972,-5.06975]]]}},{"type":"Feature","id":1597767849,"properties":{"h3":"89800554e0bffff","bairro":"Horto","copa":20.4,"verde":21.2,"construido":78.8,"temp":43.9,"urbano":true,"classe":"moderada","prioridade":30},"geometry":{"type":"Polygon","coordinates":[[[-42.78373,-5.06987],[-42.7827,-5.06817],[-42.78366,-5.06643],[-42.78566,-5.06639],[-42.78669,-5.06809],[-42.78573,-5.06983],[-42.78373,-5.06987]]]}},{"type":"Feature","id":1601437865,"properties":{"h3":"89800554e43ffff","bairro":"Horto","copa":6.2,"verde":6.7,"construido":93.3,"temp":44.8,"urbano":true,"classe":"pouca","prioridade":63},"geometry":{"type":"Polygon","coordinates":[[[-42.77774,-5.06999],[-42.77671,-5.06829],[-42.77767,-5.06655],[-42.77967,-5.06651],[-42.7807,-5.06821],[-42.77974,-5.06995],[-42.77774,-5.06999]]]}},{"type":"Feature","id":1685586089,"properties":{"h3":"89800555347ffff","bairro":"Res. Santa Teresinha","copa":48.5,"verde":85.5,"construido":10.7,"temp":42.8,"urbano":false,"classe":"arborizada","prioridade":0},"geometry":{"type":"Polygon","coordinates":[[[-42.69687,-5.06991],[-42.69583,-5.06821],[-42.6968,-5.06646],[-42.69879,-5.06642],[-42.69983,-5.06813],[-42.69886,-5.06987],[-42.69687,-5.06991]]]}},{"type":"Feature","id":1858601129,"properties":{"h3":"89800555d97ffff","bairro":"Horto","copa":8.3,"verde":9.9,"construido":89.1,"temp":43.8,"urbano":true,"classe":"pouca","prioridade":53},"geometry":{"type":"Polygon","coordinates":[[[-42.77176,-5.07011],[-42.77072,-5.06841],[-42.77168,-5.06667],[-42.77368,-5.06663],[-42.77471,-5.06833],[-42.77375,-5.07007],[-42.77176,-5.07011]]]}},{"type":"Feature","id":1858863273,"properties":{"h3":"89800555d9bffff","bairro":"Morada do Sol","copa":2.7,"verde":10.2,"construido":89.5,"temp":45.5,"urbano":true,"classe":"critica","prioridade":74},"geometry":{"type":"Polygon","coordinates":[[[-42.76577,-5.07023],[-42.76473,-5.06853],[-42.7657,-5.06679],[-42.76769,-5.06675],[-42.76873,-5.06845],[-42.76776,-5.07019],[-42.76577,-5.07023]]]}},{"type":"Feature","id":1862533289,"properties":{"h3":"89800555dd3ffff","bairro":"Morada do Sol","copa":11.2,"verde":15.1,"construido":84.9,"temp":45.5,"urbano":true,"classe":"pouca","prioridade":57},"geometry":{"type":"Polygon","coordinates":[[[-42.75978,-5.07036],[-42.75875,-5.06865],[-42.75971,-5.06691],[-42.7617,-5.06687],[-42.76274,-5.06857],[-42.76177,-5.07032],[-42.75978,-5.07036]]]}},{"type":"Feature","id":1843396777,"properties":{"h3":"89800555cafffff","bairro":"Campestre","copa":25.9,"verde":37.1,"construido":57.9,"temp":44.3,"urbano":true,"classe":"arborizada","prioridade":21},"geometry":{"type":"Polygon","coordinates":[[[-42.75379,-5.07048],[-42.75276,-5.06878],[-42.75372,-5.06703],[-42.75572,-5.06699],[-42.75675,-5.0687],[-42.75579,-5.07044],[-42.75379,-5.07048]]]}},{"type":"Feature","id":1591476393,"properties":{"h3":"89800554dabffff","bairro":"Matadouro","copa":21.8,"verde":24.8,"construido":75.2,"temp":44.1,"urbano":true,"classe":"moderada","prioridade":28},"geometry":{"type":"Polygon","coordinates":[[[-42.83466,-5.07055],[-42.83363,-5.06885],[-42.83459,-5.06711],[-42.83659,-5.06707],[-42.83762,-5.06877],[-42.83666,-5.07051],[-42.83466,-5.07055]]]}},{"type":"Feature","id":1580466345,"properties":{"h3":"89800554d03ffff","bairro":"Acarape","copa":0.5,"verde":0.5,"construido":99.5,"temp":46.4,"urbano":true,"classe":"critica","prioridade":83},"geometry":{"type":"Polygon","coordinates":[[[-42.82868,-5.07068],[-42.82764,-5.06898],[-42.82861,-5.06723],[-42.8306,-5.06719],[-42.83163,-5.06889],[-42.83067,-5.07064],[-42.82868,-5.07068]]]}},{"type":"Feature","id":1832386729,"properties":{"h3":"89800555c07ffff","bairro":"Vila Santa Maria de Jesus","copa":14.7,"verde":33.3,"construido":63.2,"temp":44.1,"urbano":true,"classe":"moderada","prioridade":42},"geometry":{"type":"Polygon","coordinates":[[[-42.7478,-5.0706],[-42.74677,-5.0689],[-42.74773,-5.06716],[-42.74973,-5.06712],[-42.75076,-5.06882],[-42.7498,-5.07056],[-42.7478,-5.0706]]]}},{"type":"Feature","id":1585971369,"properties":{"h3":"89800554d57ffff","bairro":"Aeroporto","copa":0.5,"verde":65.6,"construido":34.4,"temp":53.6,"urbano":true,"classe":"critica","prioridade":68},"geometry":{"type":"Polygon","coordinates":[[[-42.82269,-5.0708],[-42.82166,-5.0691],[-42.82262,-5.06736],[-42.82461,-5.06731],[-42.82565,-5.06902],[-42.82468,-5.07076],[-42.82269,-5.0708]]]}},{"type":"Feature","id":1832648873,"properties":{"h3":"89800555c0bffff","bairro":"Vila Uruguai","copa":36.3,"verde":41.5,"construido":55.5,"temp":46.3,"urbano":true,"classe":"arborizada","prioridade":24},"geometry":{"type":"Polygon","coordinates":[[[-42.74181,-5.07072],[-42.74078,-5.06902],[-42.74174,-5.06728],[-42.74374,-5.06724],[-42.74477,-5.06894],[-42.74381,-5.07068],[-42.74181,-5.07072]]]}},{"type":"Feature","id":1586233513,"properties":{"h3":"89800554d5bffff","bairro":"Aeroporto","copa":0.3,"verde":1.3,"construido":98.7,"temp":46.8,"urbano":true,"classe":"critica","prioridade":87},"geometry":{"type":"Polygon","coordinates":[[[-42.8167,-5.07092],[-42.81567,-5.06922],[-42.81663,-5.06748],[-42.81863,-5.06744],[-42.81966,-5.06914],[-42.8187,-5.07088],[-42.8167,-5.07092]]]}},{"type":"Feature","id":1875378345,"properties":{"h3":"89800555e97ffff","bairro":"Loteamento Green Village","copa":91.7,"verde":93.9,"construido":6.1,"temp":37.9,"urbano":false,"classe":"arborizada","prioridade":0},"geometry":{"type":"Polygon","coordinates":[[[-42.72984,-5.07096],[-42.72881,-5.06926],[-42.72977,-5.06752],[-42.73176,-5.06748],[-42.7328,-5.06918],[-42.73183,-5.07092],[-42.72984,-5.07096]]]}},{"type":"Feature","id":1506017449,"properties":{"h3":"89800554893ffff","bairro":"Marquês","copa":7.4,"verde":9.1,"construido":90.9,"temp":46.2,"urbano":true,"classe":"pouca","prioridade":69},"geometry":{"type":"Polygon","coordinates":[[[-42.81071,-5.07104],[-42.80968,-5.06934],[-42.81064,-5.0676],[-42.81264,-5.06756],[-42.81367,-5.06926],[-42.81271,-5.071],[-42.81071,-5.07104]]]}},{"type":"Feature","id":1570767017,"properties":{"h3":"89800554c6fffff","bairro":"Morro da Esperança","copa":23.0,"verde":24.5,"construido":75.5,"temp":45.1,"urbano":true,"classe":"moderada","prioridade":31},"geometry":{"type":"Polygon","coordinates":[[[-42.80472,-5.07117],[-42.80369,-5.06946],[-42.80465,-5.06772],[-42.80665,-5.06768],[-42.80768,-5.06938],[-42.80672,-5.07112],[-42.80472,-5.07117]]]}},{"type":"Feature","id":1875640489,"properties":{"h3":"89800555e9bffff","bairro":"Loteamento Green Village","copa":59.2,"verde":77.3,"construido":20.8,"temp":40.5,"urbano":false,"classe":"arborizada","prioridade":0},"geometry":{"type":"Polygon","coordinates":[[[-42.72385,-5.07108],[-42.72282,-5.06938],[-42.72378,-5.06764],[-42.72578,-5.0676],[-42.72681,-5.0693],[-42.72585,-5.07104],[-42.72385,-5.07108]]]}},{"type":"Feature","id":1607991465,"properties":{"h3":"89800554ea7ffff","bairro":"Fátima","copa":28.8,"verde":31.5,"construido":68.3,"temp":44.1,"urbano":true,"classe":"arborizada","prioridade":14},"geometry":{"type":"Polygon","coordinates":[[[-42.79874,-5.07129],[-42.7977,-5.06959],[-42.79867,-5.06784],[-42.80066,-5.0678],[-42.8017,-5.0695],[-42.80073,-5.07125],[-42.79874,-5.07129]]]}},{"type":"Feature","id":1692401833,"properties":{"h3":"898005553afffff","bairro":"Novo Uruguai","copa":0.5,"verde":64.1,"construido":15.0,"temp":50.1,"urbano":false,"classe":"critica","prioridade":0},"geometry":{"type":"Polygon","coordinates":[[[-42.71187,-5.07133],[-42.71084,-5.06963],[-42.7118,-5.06788],[-42.7138,-5.06784],[-42.71483,-5.06954],[-42.71387,-5.07129],[-42.71187,-5.07133]]]}},{"type":"Feature","id":1608253609,"properties":{"h3":"89800554eabffff","bairro":"Fátima","copa":1.3,"verde":2.9,"construido":97.1,"temp":45.6,"urbano":true,"classe":"critica","prioridade":77},"geometry":{"type":"Polygon","coordinates":[[[-42.79275,-5.07141],[-42.79172,-5.06971],[-42.79268,-5.06797],[-42.79467,-5.06792],[-42.79571,-5.06963],[-42.79474,-5.07137],[-42.79275,-5.07141]]]}},{"type":"Feature","id":1597243561,"properties":{"h3":"89800554e03ffff","bairro":"Fátima","copa":4.7,"verde":5.2,"construido":94.5,"temp":45.3,"urbano":true,"classe":"critica","prioridade":69},"geometry":{"type":"Polygon","coordinates":[[[-42.78676,-5.07153],[-42.78573,-5.06983],[-42.78669,-5.06809],[-42.78869,-5.06805],[-42.78972,-5.06975],[-42.78876,-5.07149],[-42.78676,-5.07153]]]}},{"type":"Feature","id":1602748585,"properties":{"h3":"89800554e57ffff","bairro":"Horto","copa":2.7,"verde":2.7,"construido":97.1,"temp":45.6,"urbano":true,"classe":"critica","prioridade":75},"geometry":{"type":"Polygon","coordinates":[[[-42.78077,-5.07165],[-42.77974,-5.06995],[-42.7807,-5.06821],[-42.7827,-5.06817],[-42.78373,-5.06987],[-42.78277,-5.07161],[-42.78077,-5.07165]]]}},{"type":"Feature","id":1681653929,"properties":{"h3":"8980055530bffff","bairro":"Res. Santa Teresinha","copa":30.9,"verde":63.7,"construido":25.0,"temp":46.5,"urbano":true,"classe":"arborizada","prioridade":13},"geometry":{"type":"Polygon","coordinates":[[[-42.6999,-5.07157],[-42.69886,-5.06987],[-42.69983,-5.06813],[-42.70182,-5.06809],[-42.70286,-5.06979],[-42.70189,-5.07153],[-42.6999,-5.07157]]]}},{"type":"Feature","id":1603010729,"properties":{"h3":"89800554e5bffff","bairro":"Horto","copa":14.4,"verde":17.6,"construido":82.4,"temp":45.8,"urbano":true,"classe":"moderada","prioridade":53},"geometry":{"type":"Polygon","coordinates":[[[-42.77478,-5.07177],[-42.77375,-5.07007],[-42.77471,-5.06833],[-42.77671,-5.06829],[-42.77774,-5.06999],[-42.77678,-5.07173],[-42.77478,-5.07177]]]}},{"type":"Feature","id":1858338985,"properties":{"h3":"89800555d93ffff","bairro":"Morada do Sol","copa":11.6,"verde":16.7,"construido":83.3,"temp":45.5,"urbano":true,"classe":"pouca","prioridade":57},"geometry":{"type":"Polygon","coordinates":[[[-42.7688,-5.0719],[-42.76776,-5.07019],[-42.76873,-5.06845],[-42.77072,-5.06841],[-42.77176,-5.07011],[-42.77079,-5.07186],[-42.7688,-5.0719]]]}},{"type":"Feature","id":1419772073,"properties":{"h3":"8980055436fffff","bairro":"Morada do Sol","copa":5.2,"verde":5.8,"construido":94.2,"temp":47.2,"urbano":true,"classe":"pouca","prioridade":79},"geometry":{"type":"Polygon","coordinates":[[[-42.76281,-5.07202],[-42.76177,-5.07032],[-42.76274,-5.06857],[-42.76473,-5.06853],[-42.76577,-5.07023],[-42.7648,-5.07198],[-42.76281,-5.07202]]]}},{"type":"Feature","id":1842872489,"properties":{"h3":"89800555ca7ffff","bairro":"Campestre","copa":3.2,"verde":18.4,"construido":80.5,"temp":48.3,"urbano":true,"classe":"critica","prioridade":89},"geometry":{"type":"Polygon","coordinates":[[[-42.75682,-5.07214],[-42.75579,-5.07044],[-42.75675,-5.0687],[-42.75875,-5.06865],[-42.75978,-5.07036],[-42.75882,-5.0721],[-42.75682,-5.07214]]]}},{"type":"Feature","id":1581777065,"properties":{"h3":"89800554d17ffff","bairro":"Acarape","copa":11.4,"verde":11.9,"construido":88.1,"temp":44.9,"urbano":true,"classe":"pouca","prioridade":53},"geometry":{"type":"Polygon","coordinates":[[[-42.83171,-5.07234],[-42.83067,-5.07064],[-42.83163,-5.06889],[-42.83363,-5.06885],[-42.83466,-5.07055],[-42.8337,-5.0723],[-42.83171,-5.07234]]]}},{"type":"Feature","id":1843134633,"properties":{"h3":"89800555cabffff","bairro":"Vila Santa Maria de Jesus","copa":0.0,"verde":3.2,"construido":95.2,"temp":47.0,"urbano":true,"classe":"critica","prioridade":88},"geometry":{"type":"Polygon","coordinates":[[[-42.75083,-5.07226],[-42.7498,-5.07056],[-42.75076,-5.06882],[-42.75276,-5.06878],[-42.75379,-5.07048],[-42.75283,-5.07222],[-42.75083,-5.07226]]]}},{"type":"Feature","id":1582039209,"properties":{"h3":"89800554d1bffff","bairro":"Acarape","copa":13.1,"verde":18.2,"construido":81.3,"temp":44.9,"urbano":true,"classe":"moderada","prioridade":50},"geometry":{"type":"Polygon","coordinates":[[[-42.82572,-5.07246],[-42.82468,-5.07076],[-42.82565,-5.06902],[-42.82764,-5.06898],[-42.82868,-5.07068],[-42.82771,-5.07242],[-42.82572,-5.07246]]]}},{"type":"Feature","id":1832124585,"properties":{"h3":"89800555c03ffff","bairro":"Vila Santa Joana Darc","copa":7.9,"verde":9.6,"construido":89.6,"temp":44.8,"urbano":true,"classe":"pouca","prioridade":60},"geometry":{"type":"Polygon","coordinates":[[[-42.74484,-5.07238],[-42.74381,-5.07068],[-42.74477,-5.06894],[-42.74677,-5.0689],[-42.7478,-5.0706],[-42.74684,-5.07234],[-42.74484,-5.07238]]]}},{"type":"Feature","id":1837629609,"properties":{"h3":"89800555c57ffff","bairro":"Vila Uruguai","copa":41.7,"verde":53.9,"construido":37.1,"temp":41.4,"urbano":true,"classe":"arborizada","prioridade":0},"geometry":{"type":"Polygon","coordinates":[[[-42.73886,-5.0725],[-42.73782,-5.0708],[-42.73879,-5.06906],[-42.74078,-5.06902],[-42.74181,-5.07072],[-42.74085,-5.07246],[-42.73886,-5.0725]]]}},{"type":"Feature","id":1585709225,"properties":{"h3":"89800554d53ffff","bairro":"Aeroporto","copa":0.5,"verde":36.3,"construido":63.7,"temp":46.3,"urbano":true,"classe":"critica","prioridade":83},"geometry":{"type":"Polygon","coordinates":[[[-42.81973,-5.07258],[-42.8187,-5.07088],[-42.81966,-5.06914],[-42.82166,-5.0691],[-42.82269,-5.0708],[-42.82173,-5.07254],[-42.81973,-5.07258]]]}},{"type":"Feature","id":1837891753,"properties":{"h3":"89800555c5bffff","bairro":"Conjunto O Sonho Não Acabou","copa":63.0,"verde":79.3,"construido":14.9,"temp":41.2,"urbano":false,"classe":"arborizada","prioridade":0},"geometry":{"type":"Polygon","coordinates":[[[-42.73287,-5.07262],[-42.73183,-5.07092],[-42.7328,-5.06918],[-42.73479,-5.06914],[-42.73583,-5.07084],[-42.73486,-5.07258],[-42.73287,-5.07262]]]}},{"type":"Feature","id":1566572713,"properties":{"h3":"89800554c2fffff","bairro":"Marquês","copa":3.0,"verde":6.3,"construido":93.7,"temp":46.6,"urbano":true,"classe":"critica","prioridade":80},"geometry":{"type":"Polygon","coordinates":[[[-42.81374,-5.0727],[-42.81271,-5.071],[-42.81367,-5.06926],[-42.81567,-5.06922],[-42.8167,-5.07092],[-42.81574,-5.07266],[-42.81374,-5.0727]]]}},{"type":"Feature","id":1570242729,"properties":{"h3":"89800554c67ffff","bairro":"Morro da Esperança","copa":3.7,"verde":7.2,"construido":92.8,"temp":47.1,"urbano":true,"classe":"critica","prioridade":81},"geometry":{"type":"Polygon","coordinates":[[[-42.80775,-5.07283],[-42.80672,-5.07112],[-42.80768,-5.06938],[-42.80968,-5.06934],[-42.81071,-5.07104],[-42.80975,-5.07279],[-42.80775,-5.07283]]]}},{"type":"Feature","id":1875116201,"properties":{"h3":"89800555e93ffff","bairro":"Loteamento Green Village","copa":28.5,"verde":51.9,"construido":36.7,"temp":43.0,"urbano":true,"classe":"arborizada","prioridade":6},"geometry":{"type":"Polygon","coordinates":[[[-42.72688,-5.07275],[-42.72585,-5.07104],[-42.72681,-5.0693],[-42.72881,-5.06926],[-42.72984,-5.07096],[-42.72888,-5.07271],[-42.72688,-5.07275]]]}},{"type":"Feature","id":1570504873,"properties":{"h3":"89800554c6bffff","bairro":"Morro da Esperança","copa":63.5,"verde":63.5,"construido":36.1,"temp":36.3,"urbano":true,"classe":"arborizada","prioridade":0},"geometry":{"type":"Polygon","coordinates":[[[-42.80177,-5.07295],[-42.80073,-5.07125],[-42.8017,-5.0695],[-42.80369,-5.06946],[-42.80472,-5.07117],[-42.80376,-5.07291],[-42.80177,-5.07295]]]}},{"type":"Feature","id":1654653097,"properties":{"h3":"8980055516fffff","bairro":"Vila Ananias Carvalho","copa":61.6,"verde":74.6,"construido":22.1,"temp":42.3,"urbano":false,"classe":"arborizada","prioridade":0},"geometry":{"type":"Polygon","coordinates":[[[-42.72089,-5.07287],[-42.71986,-5.07117],[-42.72082,-5.06942],[-42.72282,-5.06938],[-42.72385,-5.07108],[-42.72289,-5.07283],[-42.72089,-5.07287]]]}},{"type":"Feature","id":1607729321,"properties":{"h3":"89800554ea3ffff","bairro":"Fátima","copa":3.2,"verde":3.8,"construido":96.2,"temp":44.8,"urbano":true,"classe":"critica","prioridade":69},"geometry":{"type":"Polygon","coordinates":[[[-42.79578,-5.07307],[-42.79474,-5.07137],[-42.79571,-5.06963],[-42.7977,-5.06959],[-42.79874,-5.07129],[-42.79777,-5.07303],[-42.79578,-5.07307]]]}},{"type":"Feature","id":1692139689,"properties":{"h3":"898005553abffff","bairro":"Vila Ananias Carvalho","copa":50.3,"verde":85.6,"construido":5.9,"temp":43.9,"urbano":false,"classe":"arborizada","prioridade":0},"geometry":{"type":"Polygon","coordinates":[[[-42.70891,-5.07311],[-42.70788,-5.07141],[-42.70884,-5.06967],[-42.71084,-5.06963],[-42.71187,-5.07133],[-42.71091,-5.07307],[-42.70891,-5.07311]]]}},{"type":"Feature","id":1598554281,"properties":{"h3":"89800554e17ffff","bairro":"Fátima","copa":0.0,"verde":0.8,"construido":98.9,"temp":46.1,"urbano":true,"classe":"critica","prioridade":83},"geometry":{"type":"Polygon","coordinates":[[[-42.78979,-5.07319],[-42.78876,-5.07149],[-42.78972,-5.06975],[-42.79172,-5.06971],[-42.79275,-5.07141],[-42.79179,-5.07315],[-42.78979,-5.07319]]]}},{"type":"Feature","id":1598816425,"properties":{"h3":"89800554e1bffff","bairro":"Jóquei","copa":6.1,"verde":6.4,"construido":93.1,"temp":45.0,"urbano":true,"classe":"pouca","prioridade":65},"geometry":{"type":"Polygon","coordinates":[[[-42.7838,-5.07331],[-42.78277,-5.07161],[-42.78373,-5.06987],[-42.78573,-5.06983],[-42.78676,-5.07153],[-42.7858,-5.07327],[-42.7838,-5.07331]]]}},{"type":"Feature","id":1602486441,"properties":{"h3":"89800554e53ffff","bairro":"Horto","copa":1.6,"verde":2.9,"construido":96.5,"temp":44.7,"urbano":true,"classe":"critica","prioridade":72},"geometry":{"type":"Polygon","coordinates":[[[-42.77781,-5.07344],[-42.77678,-5.07173],[-42.77774,-5.06999],[-42.77974,-5.06995],[-42.78077,-5.07165],[-42.77981,-5.07339],[-42.77781,-5.07344]]]}},{"type":"Feature","id":1415577769,"properties":{"h3":"8980055432fffff","bairro":"São Cristovão","copa":2.2,"verde":2.5,"construido":94.6,"temp":48.0,"urbano":true,"classe":"critica","prioridade":89},"geometry":{"type":"Polygon","coordinates":[[[-42.77183,-5.07356],[-42.77079,-5.07186],[-42.77176,-5.07011],[-42.77375,-5.07007],[-42.77478,-5.07177],[-42.77382,-5.07352],[-42.77183,-5.07356]]]}},{"type":"Feature","id":1419247785,"properties":{"h3":"89800554367ffff","bairro":"Morada do Sol","copa":0.0,"verde":0.3,"construido":99.7,"temp":46.5,"urbano":true,"classe":"critica","prioridade":85},"geometry":{"type":"Polygon","coordinates":[[[-42.76584,-5.07368],[-42.7648,-5.07198],[-42.76577,-5.07023],[-42.76776,-5.07019],[-42.7688,-5.0719],[-42.76783,-5.07364],[-42.76584,-5.07368]]]}},{"type":"Feature","id":1419509929,"properties":{"h3":"8980055436bffff","bairro":"Santa Isabel","copa":1.1,"verde":3.7,"construido":96.3,"temp":47.4,"urbano":true,"classe":"critica","prioridade":89},"geometry":{"type":"Polygon","coordinates":[[[-42.75985,-5.0738],[-42.75882,-5.0721],[-42.75978,-5.07036],[-42.76177,-5.07032],[-42.76281,-5.07202],[-42.76184,-5.07376],[-42.75985,-5.0738]]]}},{"type":"Feature","id":853016743,"properties":{"h3":"898005421a7ffff","bairro":"Pq. Bumerangue","copa":59.2,"verde":94.3,"construido":4.6,"temp":44.0,"urbano":false,"classe":"arborizada","prioridade":0},"geometry":{"type":"Polygon","coordinates":[[[-42.67298,-5.07384],[-42.67195,-5.07213],[-42.67291,-5.07039],[-42.67491,-5.07035],[-42.67594,-5.07205],[-42.67498,-5.0738],[-42.67298,-5.07384]]]}},{"type":"Feature","id":1842610345,"properties":{"h3":"89800555ca3ffff","bairro":"Campestre","copa":1.9,"verde":2.4,"construido":93.3,"temp":46.3,"urbano":true,"classe":"critica","prioridade":80},"geometry":{"type":"Polygon","coordinates":[[[-42.75386,-5.07392],[-42.75283,-5.07222],[-42.75379,-5.07048],[-42.75579,-5.07044],[-42.75682,-5.07214],[-42.75586,-5.07388],[-42.75386,-5.07392]]]}},{"type":"Feature","id":1581514921,"properties":{"h3":"89800554d13ffff","bairro":"Acarape","copa":18.4,"verde":23.9,"construido":75.8,"temp":45.8,"urbano":true,"classe":"moderada","prioridade":45},"geometry":{"type":"Polygon","coordinates":[[[-42.82875,-5.07412],[-42.82771,-5.07242],[-42.82868,-5.07068],[-42.83067,-5.07064],[-42.83171,-5.07234],[-42.83074,-5.07408],[-42.82875,-5.07412]]]}},{"type":"Feature","id":1833435305,"properties":{"h3":"89800555c17ffff","bairro":"Vila Santa Joana Darc","copa":5.5,"verde":17.1,"construido":80.4,"temp":47.5,"urbano":true,"classe":"pouca","prioridade":80},"geometry":{"type":"Polygon","coordinates":[[[-42.74787,-5.07404],[-42.74684,-5.07234],[-42.7478,-5.0706],[-42.7498,-5.07056],[-42.75083,-5.07226],[-42.74987,-5.074],[-42.74787,-5.07404]]]}},{"type":"Feature","id":1833697449,"properties":{"h3":"89800555c1bffff","bairro":"Vila Uruguai","copa":8.6,"verde":23.1,"construido":61.7,"temp":44.4,"urbano":true,"classe":"pouca","prioridade":56},"geometry":{"type":"Polygon","coordinates":[[[-42.74188,-5.07416],[-42.74085,-5.07246],[-42.74181,-5.07072],[-42.74381,-5.07068],[-42.74484,-5.07238],[-42.74388,-5.07412],[-42.74188,-5.07416]]]}},{"type":"Feature","id":1593835689,"properties":{"h3":"89800554dcfffff","bairro":"Pirajá","copa":0.3,"verde":1.6,"construido":98.4,"temp":46.6,"urbano":true,"classe":"critica","prioridade":86},"geometry":{"type":"Polygon","coordinates":[[[-42.82276,-5.07424],[-42.82173,-5.07254],[-42.82269,-5.0708],[-42.82468,-5.07076],[-42.82572,-5.07246],[-42.82475,-5.0742],[-42.82276,-5.07424]]]}},{"type":"Feature","id":1837367465,"properties":{"h3":"89800555c53ffff","bairro":"Conjunto O Sonho Não Acabou","copa":62.2,"verde":71.5,"construido":27.1,"temp":40.3,"urbano":true,"classe":"arborizada","prioridade":0},"geometry":{"type":"Polygon","coordinates":[[[-42.7359,-5.07429],[-42.73486,-5.07258],[-42.73583,-5.07084],[-42.73782,-5.0708],[-42.73886,-5.0725],[-42.73789,-5.07425],[-42.7359,-5.07429]]]}},{"type":"Feature","id":1566048425,"properties":{"h3":"89800554c27ffff","bairro":"Vila Operária","copa":2.5,"verde":5.0,"construido":94.8,"temp":47.3,"urbano":true,"classe":"critica","prioridade":85},"geometry":{"type":"Polygon","coordinates":[[[-42.81677,-5.07436],[-42.81574,-5.07266],[-42.8167,-5.07092],[-42.8187,-5.07088],[-42.81973,-5.07258],[-42.81877,-5.07432],[-42.81677,-5.07436]]]}},{"type":"Feature","id":1566310569,"properties":{"h3":"89800554c2bffff","bairro":"Marquês","copa":3.5,"verde":5.3,"construido":94.7,"temp":46.5,"urbano":true,"classe":"critica","prioridade":78},"geometry":{"type":"Polygon","coordinates":[[[-42.81078,-5.07449],[-42.80975,-5.07279],[-42.81071,-5.07104],[-42.81271,-5.071],[-42.81374,-5.0727],[-42.81278,-5.07445],[-42.81078,-5.07449]]]}},{"type":"Feature","id":1569980585,"properties":{"h3":"89800554c63ffff","bairro":"Morro da Esperança","copa":12.2,"verde":14.6,"construido":85.4,"temp":46.4,"urbano":true,"classe":"moderada","prioridade":60},"geometry":{"type":"Polygon","coordinates":[[[-42.80479,-5.07461],[-42.80376,-5.07291],[-42.80472,-5.07117],[-42.80672,-5.07112],[-42.80775,-5.07283],[-42.80679,-5.07457],[-42.80479,-5.07461]]]}},{"type":"Feature","id":1654128809,"properties":{"h3":"89800555167ffff","bairro":"Vila Ananias Carvalho","copa":31.6,"verde":53.0,"construido":41.2,"temp":43.0,"urbano":true,"classe":"arborizada","prioridade":4},"geometry":{"type":"Polygon","coordinates":[[[-42.72392,-5.07453],[-42.72289,-5.07283],[-42.72385,-5.07108],[-42.72585,-5.07104],[-42.72688,-5.07275],[-42.72592,-5.07449],[-42.72392,-5.07453]]]}},{"type":"Feature","id":1609040041,"properties":{"h3":"89800554eb7ffff","bairro":"Porenquanto","copa":61.8,"verde":73.3,"construido":26.0,"temp":40.6,"urbano":true,"classe":"arborizada","prioridade":0},"geometry":{"type":"Polygon","coordinates":[[[-42.79881,-5.07473],[-42.79777,-5.07303],[-42.79874,-5.07129],[-42.80073,-5.07125],[-42.80177,-5.07295],[-42.8008,-5.07469],[-42.79881,-5.07473]]]}},{"type":"Feature","id":1609302185,"properties":{"h3":"89800554ebbffff","bairro":"Fátima","copa":6.6,"verde":7.1,"construido":92.9,"temp":43.1,"urbano":true,"classe":"pouca","prioridade":53},"geometry":{"type":"Polygon","coordinates":[[[-42.79282,-5.07485],[-42.79179,-5.07315],[-42.79275,-5.07141],[-42.79474,-5.07137],[-42.79578,-5.07307],[-42.79481,-5.07481],[-42.79282,-5.07485]]]}},{"type":"Feature","id":1691615401,"properties":{"h3":"898005553a3ffff","bairro":"Vila Ananias Carvalho","copa":4.8,"verde":63.2,"construido":5.1,"temp":48.4,"urbano":false,"classe":"critica","prioridade":0},"geometry":{"type":"Polygon","coordinates":[[[-42.71194,-5.07477],[-42.71091,-5.07307],[-42.71187,-5.07133],[-42.71387,-5.07129],[-42.7149,-5.07299],[-42.71394,-5.07473],[-42.71194,-5.07477]]]}},{"type":"Feature","id":1598292137,"properties":{"h3":"89800554e13ffff","bairro":"Jóquei","copa":7.2,"verde":9.6,"construido":89.8,"temp":42.9,"urbano":true,"classe":"pouca","prioridade":50},"geometry":{"type":"Polygon","coordinates":[[[-42.78683,-5.07497],[-42.7858,-5.07327],[-42.78676,-5.07153],[-42.78876,-5.07149],[-42.78979,-5.07319],[-42.78883,-5.07493],[-42.78683,-5.07497]]]}},{"type":"Feature","id":1682702505,"properties":{"h3":"8980055531bffff","bairro":"Res. Santa Teresinha","copa":46.5,"verde":77.2,"construido":4.3,"temp":45.5,"urbano":false,"classe":"arborizada","prioridade":0},"geometry":{"type":"Polygon","coordinates":[[[-42.69997,-5.07501],[-42.69893,-5.07331],[-42.6999,-5.07157],[-42.70189,-5.07153],[-42.70293,-5.07323],[-42.70196,-5.07497],[-42.69997,-5.07501]]]}},{"type":"Feature","id":1610612905,"properties":{"h3":"89800554ecfffff","bairro":"Jóquei","copa":4.0,"verde":6.1,"construido":93.9,"temp":45.5,"urbano":true,"classe":"critica","prioridade":72},"geometry":{"type":"Polygon","coordinates":[[[-42.78084,-5.0751],[-42.77981,-5.07339],[-42.78077,-5.07165],[-42.78277,-5.07161],[-42.7838,-5.07331],[-42.78284,-5.07506],[-42.78084,-5.0751]]]}},{"type":"Feature","id":1415053481,"properties":{"h3":"89800554327ffff","bairro":"São Cristovão","copa":2.5,"verde":3.5,"construido":96.2,"temp":45.2,"urbano":true,"classe":"critica","prioridade":73},"geometry":{"type":"Polygon","coordinates":[[[-42.77485,-5.07522],[-42.77382,-5.07352],[-42.77478,-5.07177],[-42.77678,-5.07173],[-42.77781,-5.07344],[-42.77685,-5.07518],[-42.77485,-5.07522]]]}},{"type":"Feature","id":1415315625,"properties":{"h3":"8980055432bffff","bairro":"São Cristovão","copa":18.1,"verde":27.3,"construido":72.7,"temp":44.8,"urbano":true,"classe":"moderada","prioridade":40},"geometry":{"type":"Polygon","coordinates":[[[-42.76887,-5.07534],[-42.76783,-5.07364],[-42.7688,-5.0719],[-42.77079,-5.07186],[-42.77183,-5.07356],[-42.77086,-5.0753],[-42.76887,-5.07534]]]}},{"type":"Feature","id":1418985641,"properties":{"h3":"89800554363ffff","bairro":"Morada do Sol","copa":1.3,"verde":2.9,"construido":96.3,"temp":46.3,"urbano":true,"classe":"critica","prioridade":82},"geometry":{"type":"Polygon","coordinates":[[[-42.76288,-5.07546],[-42.76184,-5.07376],[-42.76281,-5.07202],[-42.7648,-5.07198],[-42.76584,-5.07368],[-42.76487,-5.07542],[-42.76288,-5.07546]]]}},{"type":"Feature","id":1671168169,"properties":{"h3":"8980055526bffff","bairro":"Pq. Bumerangue","copa":76.3,"verde":95.4,"construido":4.6,"temp":42.0,"urbano":false,"classe":"arborizada","prioridade":0},"geometry":{"type":"Polygon","coordinates":[[[-42.67601,-5.0755],[-42.67498,-5.0738],[-42.67594,-5.07205],[-42.67794,-5.07201],[-42.67897,-5.07371],[-42.67801,-5.07546],[-42.67601,-5.0755]]]}},{"type":"Feature","id":1843921065,"properties":{"h3":"89800555cb7ffff","bairro":"Santa Isabel","copa":2.9,"verde":3.5,"construido":96.3,"temp":47.5,"urbano":true,"classe":"critica","prioridade":85},"geometry":{"type":"Polygon","coordinates":[[[-42.75689,-5.07558],[-42.75586,-5.07388],[-42.75682,-5.07214],[-42.75882,-5.0721],[-42.75985,-5.0738],[-42.75889,-5.07554],[-42.75689,-5.07558]]]}},{"type":"Feature","id":1589641385,"properties":{"h3":"89800554d8fffff","bairro":"Acarape","copa":46.1,"verde":46.6,"construido":53.4,"temp":37.5,"urbano":true,"classe":"arborizada","prioridade":0},"geometry":{"type":"Polygon","coordinates":[[[-42.83178,-5.07578],[-42.83074,-5.07408],[-42.83171,-5.07234],[-42.8337,-5.0723],[-42.83473,-5.074],[-42.83377,-5.07574],[-42.83178,-5.07578]]]}},{"type":"Feature","id":1844183209,"properties":{"h3":"89800555cbbffff","bairro":"Vila Santa Joana Darc","copa":1.1,"verde":9.9,"construido":89.3,"temp":45.9,"urbano":true,"classe":"critica","prioridade":79},"geometry":{"type":"Polygon","coordinates":[[[-42.7509,-5.0757],[-42.74987,-5.074],[-42.75083,-5.07226],[-42.75283,-5.07222],[-42.75386,-5.07392],[-42.7529,-5.07566],[-42.7509,-5.0757]]]}},{"type":"Feature","id":1833173161,"properties":{"h3":"89800555c13ffff","bairro":"Vila Santa Joana Darc","copa":32.7,"verde":50.9,"construido":47.5,"temp":43.7,"urbano":true,"classe":"arborizada","prioridade":9},"geometry":{"type":"Polygon","coordinates":[[[-42.74491,-5.07583],[-42.74388,-5.07412],[-42.74484,-5.07238],[-42.74684,-5.07234],[-42.74787,-5.07404],[-42.74691,-5.07579],[-42.74491,-5.07583]]]}},{"type":"Feature","id":1593311401,"properties":{"h3":"89800554dc7ffff","bairro":"Pirajá","copa":21.0,"verde":28.5,"construido":71.5,"temp":44.2,"urbano":true,"classe":"moderada","prioridade":31},"geometry":{"type":"Polygon","coordinates":[[[-42.82579,-5.0759],[-42.82475,-5.0742],[-42.82572,-5.07246],[-42.82771,-5.07242],[-42.82875,-5.07412],[-42.82778,-5.07586],[-42.82579,-5.0759]]]}},{"type":"Feature","id":1845493929,"properties":{"h3":"89800555ccfffff","bairro":"Lot. Parque dos Caneleiros","copa":60.0,"verde":70.9,"construido":29.1,"temp":41.7,"urbano":true,"classe":"arborizada","prioridade":0},"geometry":{"type":"Polygon","coordinates":[[[-42.73893,-5.07595],[-42.73789,-5.07425],[-42.73886,-5.0725],[-42.74085,-5.07246],[-42.74188,-5.07416],[-42.74092,-5.07591],[-42.73893,-5.07595]]]}},{"type":"Feature","id":1593573545,"properties":{"h3":"89800554dcbffff","bairro":"Vila Operária","copa":0.5,"verde":1.6,"construido":98.4,"temp":46.8,"urbano":true,"classe":"critica","prioridade":86},"geometry":{"type":"Polygon","coordinates":[[[-42.8198,-5.07603],[-42.81877,-5.07432],[-42.81973,-5.07258],[-42.82173,-5.07254],[-42.82276,-5.07424],[-42.8218,-5.07599],[-42.8198,-5.07603]]]}},{"type":"Feature","id":1565786281,"properties":{"h3":"89800554c23ffff","bairro":"Marquês","copa":1.1,"verde":2.1,"construido":97.6,"temp":47.8,"urbano":true,"classe":"critica","prioridade":90},"geometry":{"type":"Polygon","coordinates":[[[-42.81381,-5.07615],[-42.81278,-5.07445],[-42.81374,-5.0727],[-42.81574,-5.07266],[-42.81677,-5.07436],[-42.81581,-5.07611],[-42.81381,-5.07615]]]}},{"type":"Feature","id":1649934505,"properties":{"h3":"89800555127ffff","bairro":"Lot. Parque dos Caneleiros","copa":79.6,"verde":90.3,"construido":9.7,"temp":37.4,"urbano":false,"classe":"arborizada","prioridade":0},"geometry":{"type":"Polygon","coordinates":[[[-42.73294,-5.07607],[-42.7319,-5.07437],[-42.73287,-5.07262],[-42.73486,-5.07258],[-42.7359,-5.07429],[-42.73493,-5.07603],[-42.73294,-5.07607]]]}},{"type":"Feature","id":1650196649,"properties":{"h3":"8980055512bffff","bairro":"Vila Ananias Carvalho","copa":91.0,"verde":94.0,"construido":5.5,"temp":38.1,"urbano":false,"classe":"arborizada","prioridade":0},"geometry":{"type":"Polygon","coordinates":[[[-42.72695,-5.07619],[-42.72592,-5.07449],[-42.72688,-5.07275],[-42.72888,-5.07271],[-42.72991,-5.07441],[-42.72894,-5.07615],[-42.72695,-5.07619]]]}},{"type":"Feature","id":1571291305,"properties":{"h3":"89800554c77ffff","bairro":"Morro da Esperança","copa":1.1,"verde":8.5,"construido":90.4,"temp":46.5,"urbano":true,"classe":"critica","prioridade":83},"geometry":{"type":"Polygon","coordinates":[[[-42.80782,-5.07627],[-42.80679,-5.07457],[-42.80775,-5.07283],[-42.80975,-5.07279],[-42.81078,-5.07449],[-42.80982,-5.07623],[-42.80782,-5.07627]]]}},{"type":"Feature","id":1653866665,"properties":{"h3":"89800555163ffff","bairro":"Vila Ananias Carvalho","copa":75.4,"verde":85.3,"construido":12.6,"temp":38.7,"urbano":false,"classe":"arborizada","prioridade":0},"geometry":{"type":"Polygon","coordinates":[[[-42.72096,-5.07631],[-42.71993,-5.07461],[-42.72089,-5.07287],[-42.72289,-5.07283],[-42.72392,-5.07453],[-42.72296,-5.07627],[-42.72096,-5.07631]]]}},{"type":"Feature","id":1571553449,"properties":{"h3":"89800554c7bffff","bairro":"Porenquanto","copa":45.8,"verde":64.9,"construido":34.6,"temp":42.6,"urbano":true,"classe":"arborizada","prioridade":2},"geometry":{"type":"Polygon","coordinates":[[[-42.80184,-5.07639],[-42.8008,-5.07469],[-42.80177,-5.07295],[-42.80376,-5.07291],[-42.80479,-5.07461],[-42.80383,-5.07635],[-42.80184,-5.07639]]]}},{"type":"Feature","id":1608777897,"properties":{"h3":"89800554eb3ffff","bairro":"Jóquei","copa":26.8,"verde":56.0,"construido":42.1,"temp":42.1,"urbano":true,"classe":"arborizada","prioridade":6},"geometry":{"type":"Polygon","coordinates":[[[-42.79585,-5.07651],[-42.79481,-5.07481],[-42.79578,-5.07307],[-42.79777,-5.07303],[-42.79881,-5.07473],[-42.79784,-5.07647],[-42.79585,-5.07651]]]}},{"type":"Feature","id":1606418601,"properties":{"h3":"89800554e8fffff","bairro":"Jóquei","copa":2.1,"verde":2.7,"construido":96.0,"temp":46.1,"urbano":true,"classe":"critica","prioridade":79},"geometry":{"type":"Polygon","coordinates":[[[-42.78986,-5.07664],[-42.78883,-5.07493],[-42.78979,-5.07319],[-42.79179,-5.07315],[-42.79282,-5.07485],[-42.79186,-5.0766],[-42.78986,-5.07664]]]}},{"type":"Feature","id":1610088617,"properties":{"h3":"89800554ec7ffff","bairro":"Jóquei","copa":9.3,"verde":10.1,"construido":89.7,"temp":45.2,"urbano":true,"classe":"pouca","prioridade":59},"geometry":{"type":"Polygon","coordinates":[[[-42.78387,-5.07676],[-42.78284,-5.07506],[-42.7838,-5.07331],[-42.7858,-5.07327],[-42.78683,-5.07497],[-42.78587,-5.07672],[-42.78387,-5.07676]]]}},{"type":"Feature","id":1610350761,"properties":{"h3":"89800554ecbffff","bairro":"Horto","copa":12.1,"verde":19.8,"construido":79.4,"temp":43.9,"urbano":true,"classe":"moderada","prioridade":46},"geometry":{"type":"Polygon","coordinates":[[[-42.77788,-5.07688],[-42.77685,-5.07518],[-42.77781,-5.07344],[-42.77981,-5.07339],[-42.78084,-5.0751],[-42.77988,-5.07684],[-42.77788,-5.07688]]]}},{"type":"Feature","id":1414791337,"properties":{"h3":"89800554323ffff","bairro":"São Cristovão","copa":11.9,"verde":13.2,"construido":86.8,"temp":44.8,"urbano":true,"classe":"pouca","prioridade":52},"geometry":{"type":"Polygon","coordinates":[[[-42.7719,-5.077],[-42.77086,-5.0753],[-42.77183,-5.07356],[-42.77382,-5.07352],[-42.77485,-5.07522],[-42.77389,-5.07696],[-42.7719,-5.077]]]}},{"type":"Feature","id":1420296361,"properties":{"h3":"89800554377ffff","bairro":"São Cristovão","copa":2.9,"verde":3.5,"construido":96.3,"temp":44.5,"urbano":true,"classe":"critica","prioridade":68},"geometry":{"type":"Polygon","coordinates":[[[-42.76591,-5.07712],[-42.76487,-5.07542],[-42.76584,-5.07368],[-42.76783,-5.07364],[-42.76887,-5.07534],[-42.7679,-5.07708],[-42.76591,-5.07712]]]}},{"type":"Feature","id":1420558505,"properties":{"h3":"8980055437bffff","bairro":"Santa Isabel","copa":10.2,"verde":16.8,"construido":81.6,"temp":44.8,"urbano":true,"classe":"pouca","prioridade":55},"geometry":{"type":"Polygon","coordinates":[[[-42.75992,-5.07724],[-42.75889,-5.07554],[-42.75985,-5.0738],[-42.76184,-5.07376],[-42.76288,-5.07546],[-42.76192,-5.0772],[-42.75992,-5.07724]]]}},{"type":"Feature","id":1843658921,"properties":{"h3":"89800555cb3ffff","bairro":"Santa Isabel","copa":15.2,"verde":22.4,"construido":72.4,"temp":45.4,"urbano":true,"classe":"moderada","prioridade":49},"geometry":{"type":"Polygon","coordinates":[[[-42.75393,-5.07737],[-42.7529,-5.07566],[-42.75386,-5.07392],[-42.75586,-5.07388],[-42.75689,-5.07558],[-42.75593,-5.07733],[-42.75393,-5.07737]]]}},{"type":"Feature","id":1841299625,"properties":{"h3":"89800555c8fffff","bairro":"Ladeira do Uruguai","copa":38.0,"verde":55.3,"construido":43.4,"temp":43.9,"urbano":true,"classe":"arborizada","prioridade":9},"geometry":{"type":"Polygon","coordinates":[[[-42.74794,-5.07749],[-42.74691,-5.07579],[-42.74787,-5.07404],[-42.74987,-5.074],[-42.7509,-5.0757],[-42.74994,-5.07745],[-42.74794,-5.07749]]]}},{"type":"Feature","id":1589379241,"properties":{"h3":"89800554d8bffff","bairro":"Pirajá","copa":73.4,"verde":93.0,"construido":6.6,"temp":38.3,"urbano":false,"classe":"arborizada","prioridade":0},"geometry":{"type":"Polygon","coordinates":[[[-42.82882,-5.07756],[-42.82778,-5.07586],[-42.82875,-5.07412],[-42.83074,-5.07408],[-42.83178,-5.07578],[-42.83081,-5.07752],[-42.82882,-5.07756]]]}},{"type":"Feature","id":1593049257,"properties":{"h3":"89800554dc3ffff","bairro":"Pirajá","copa":0.3,"verde":1.6,"construido":98.4,"temp":47.6,"urbano":true,"classe":"critica","prioridade":91},"geometry":{"type":"Polygon","coordinates":[[[-42.82283,-5.07769],[-42.8218,-5.07599],[-42.82276,-5.07424],[-42.82475,-5.0742],[-42.82579,-5.0759],[-42.82482,-5.07765],[-42.82283,-5.07769]]]}},{"type":"Feature","id":1844969641,"properties":{"h3":"89800555cc7ffff","bairro":"Vila Santa Joana Darc","copa":21.7,"verde":35.4,"construido":64.6,"temp":41.8,"urbano":true,"classe":"moderada","prioridade":17},"geometry":{"type":"Polygon","coordinates":[[[-42.74195,-5.07761],[-42.74092,-5.07591],[-42.74188,-5.07416],[-42.74388,-5.07412],[-42.74491,-5.07583],[-42.74395,-5.07757],[-42.74195,-5.07761]]]}},{"type":"Feature","id":1567097001,"properties":{"h3":"89800554c37ffff","bairro":"Vila Operária","copa":0.0,"verde":2.4,"construido":97.3,"temp":46.6,"urbano":true,"classe":"critica","prioridade":86},"geometry":{"type":"Polygon","coordinates":[[[-42.81684,-5.07781],[-42.81581,-5.07611],[-42.81677,-5.07436],[-42.81877,-5.07432],[-42.8198,-5.07603],[-42.81884,-5.07777],[-42.81684,-5.07781]]]}},{"type":"Feature","id":1845231785,"properties":{"h3":"89800555ccbffff","bairro":"Lot. Parque dos Caneleiros","copa":62.2,"verde":72.7,"construido":26.5,"temp":39.5,"urbano":true,"classe":"arborizada","prioridade":0},"geometry":{"type":"Polygon","coordinates":[[[-42.73597,-5.07773],[-42.73493,-5.07603],[-42.7359,-5.07429],[-42.73789,-5.07425],[-42.73893,-5.07595],[-42.73796,-5.07769],[-42.73597,-5.07773]]]}},{"type":"Feature","id":1649672361,"properties":{"h3":"89800555123ffff","bairro":"Conj. Nosso Lar","copa":80.8,"verde":85.5,"construido":12.1,"temp":38.4,"urbano":false,"classe":"arborizada","prioridade":0},"geometry":{"type":"Polygon","coordinates":[[[-42.72998,-5.07785],[-42.72894,-5.07615],[-42.72991,-5.07441],[-42.7319,-5.07437],[-42.73294,-5.07607],[-42.73197,-5.07781],[-42.72998,-5.07785]]]}},{"type":"Feature","id":1567359145,"properties":{"h3":"89800554c3bffff","bairro":"Marquês","copa":3.7,"verde":8.3,"construido":91.7,"temp":46.0,"urbano":true,"classe":"critica","prioridade":75},"geometry":{"type":"Polygon","coordinates":[[[-42.81085,-5.07793],[-42.80982,-5.07623],[-42.81078,-5.07449],[-42.81278,-5.07445],[-42.81381,-5.07615],[-42.81285,-5.07789],[-42.81085,-5.07793]]]}},{"type":"Feature","id":1655177385,"properties":{"h3":"89800555177ffff","bairro":"Vila Ananias Carvalho","copa":28.8,"verde":56.0,"construido":36.8,"temp":45.0,"urbano":true,"classe":"arborizada","prioridade":14},"geometry":{"type":"Polygon","coordinates":[[[-42.72399,-5.07797],[-42.72296,-5.07627],[-42.72392,-5.07453],[-42.72592,-5.07449],[-42.72695,-5.07619],[-42.72599,-5.07793],[-42.72399,-5.07797]]]}},{"type":"Feature","id":1571029161,"properties":{"h3":"89800554c73ffff","bairro":"Porenquanto","copa":7.4,"verde":13.1,"construido":86.9,"temp":46.1,"urbano":true,"classe":"pouca","prioridade":68},"geometry":{"type":"Polygon","coordinates":[[[-42.80486,-5.07805],[-42.80383,-5.07635],[-42.80479,-5.07461],[-42.80679,-5.07457],[-42.80782,-5.07627],[-42.80686,-5.07801],[-42.80486,-5.07805]]]}},{"type":"Feature","id":1568669865,"properties":{"h3":"89800554c4fffff","bairro":"Porenquanto","copa":61.6,"verde":66.4,"construido":33.6,"temp":37.0,"urbano":true,"classe":"arborizada","prioridade":0},"geometry":{"type":"Polygon","coordinates":[[[-42.79888,-5.07817],[-42.79784,-5.07647],[-42.79881,-5.07473],[-42.8008,-5.07469],[-42.80184,-5.07639],[-42.80087,-5.07813],[-42.79888,-5.07817]]]}},{"type":"Feature","id":1605894313,"properties":{"h3":"89800554e87ffff","bairro":"Jóquei","copa":1.3,"verde":5.6,"construido":93.3,"temp":45.9,"urbano":true,"classe":"critica","prioridade":79},"geometry":{"type":"Polygon","coordinates":[[[-42.79289,-5.0783],[-42.79186,-5.0766],[-42.79282,-5.07485],[-42.79481,-5.07481],[-42.79585,-5.07651],[-42.79488,-5.07826],[-42.79289,-5.0783]]]}},{"type":"Feature","id":1692663977,"properties":{"h3":"898005553b3ffff","bairro":"Vila Ananias Carvalho","copa":29.0,"verde":61.4,"construido":15.6,"temp":45.1,"urbano":false,"classe":"arborizada","prioridade":0},"geometry":{"type":"Polygon","coordinates":[[[-42.71201,-5.07822],[-42.71098,-5.07651],[-42.71194,-5.07477],[-42.71394,-5.07473],[-42.71497,-5.07643],[-42.71401,-5.07817],[-42.71201,-5.07822]]]}},{"type":"Feature","id":1606156457,"properties":{"h3":"89800554e8bffff","bairro":"Jóquei","copa":1.1,"verde":4.0,"construido":95.7,"temp":45.0,"urbano":true,"classe":"critica","prioridade":75},"geometry":{"type":"Polygon","coordinates":[[[-42.7869,-5.07842],[-42.78587,-5.07672],[-42.78683,-5.07497],[-42.78883,-5.07493],[-42.78986,-5.07664],[-42.7889,-5.07838],[-42.7869,-5.07842]]]}},{"type":"Feature","id":1609826473,"properties":{"h3":"89800554ec3ffff","bairro":"Jóquei","copa":4.4,"verde":11.3,"construido":88.5,"temp":44.8,"urbano":true,"classe":"critica","prioridade":67},"geometry":{"type":"Polygon","coordinates":[[[-42.78091,-5.07854],[-42.77988,-5.07684],[-42.78084,-5.0751],[-42.78284,-5.07506],[-42.78387,-5.07676],[-42.78291,-5.0785],[-42.78091,-5.07854]]]}},{"type":"Feature","id":1416102057,"properties":{"h3":"89800554337ffff","bairro":"São Cristovão","copa":10.2,"verde":10.7,"construido":89.3,"temp":45.7,"urbano":true,"classe":"pouca","prioridade":60},"geometry":{"type":"Polygon","coordinates":[[[-42.77492,-5.07866],[-42.77389,-5.07696],[-42.77485,-5.07522],[-42.77685,-5.07518],[-42.77788,-5.07688],[-42.77692,-5.07862],[-42.77492,-5.07866]]]}},{"type":"Feature","id":1416364201,"properties":{"h3":"8980055433bffff","bairro":"São Cristovão","copa":22.1,"verde":28.0,"construido":72.0,"temp":45.0,"urbano":true,"classe":"moderada","prioridade":33},"geometry":{"type":"Polygon","coordinates":[[[-42.76894,-5.07878],[-42.7679,-5.07708],[-42.76887,-5.07534],[-42.77086,-5.0753],[-42.7719,-5.077],[-42.77093,-5.07874],[-42.76894,-5.07878]]]}},{"type":"Feature","id":1420034217,"properties":{"h3":"89800554373ffff","bairro":"São Cristovão","copa":3.8,"verde":5.4,"construido":94.3,"temp":45.7,"urbano":true,"classe":"critica","prioridade":73},"geometry":{"type":"Polygon","coordinates":[[[-42.76295,-5.07891],[-42.76192,-5.0772],[-42.76288,-5.07546],[-42.76487,-5.07542],[-42.76591,-5.07712],[-42.76494,-5.07886],[-42.76295,-5.07891]]]}},{"type":"Feature","id":1417674921,"properties":{"h3":"8980055434fffff","bairro":"Santa Isabel","copa":40.7,"verde":41.8,"construido":58.2,"temp":44.3,"urbano":true,"classe":"arborizada","prioridade":13},"geometry":{"type":"Polygon","coordinates":[[[-42.75696,-5.07903],[-42.75593,-5.07733],[-42.75689,-5.07558],[-42.75889,-5.07554],[-42.75992,-5.07724],[-42.75896,-5.07899],[-42.75696,-5.07903]]]}},{"type":"Feature","id":1840775337,"properties":{"h3":"89800555c87ffff","bairro":"Ladeira do Uruguai","copa":17.6,"verde":33.0,"construido":65.2,"temp":44.1,"urbano":true,"classe":"moderada","prioridade":37},"geometry":{"type":"Polygon","coordinates":[[[-42.75097,-5.07915],[-42.74994,-5.07745],[-42.7509,-5.0757],[-42.7529,-5.07566],[-42.75393,-5.07737],[-42.75297,-5.07911],[-42.75097,-5.07915]]]}},{"type":"Feature","id":1594359977,"properties":{"h3":"89800554dd7ffff","bairro":"Pirajá","copa":17.0,"verde":39.0,"construido":61.0,"temp":47.4,"urbano":true,"classe":"moderada","prioridade":56},"geometry":{"type":"Polygon","coordinates":[[[-42.82586,-5.07935],[-42.82482,-5.07765],[-42.82579,-5.0759],[-42.82778,-5.07586],[-42.82882,-5.07756],[-42.82785,-5.07931],[-42.82586,-5.07935]]]}},{"type":"Feature","id":1841037481,"properties":{"h3":"89800555c8bffff","bairro":"Ladeira do Uruguai","copa":60.0,"verde":69.9,"construido":30.1,"temp":45.1,"urbano":true,"classe":"arborizada","prioridade":11},"geometry":{"type":"Polygon","coordinates":[[[-42.74498,-5.07927],[-42.74395,-5.07757],[-42.74491,-5.07583],[-42.74691,-5.07579],[-42.74794,-5.07749],[-42.74698,-5.07923],[-42.74498,-5.07927]]]}},{"type":"Feature","id":1594622121,"properties":{"h3":"89800554ddbffff","bairro":"Mafuá","copa":0.3,"verde":0.3,"construido":99.7,"temp":45.8,"urbano":true,"classe":"critica","prioridade":81},"geometry":{"type":"Polygon","coordinates":[[[-42.81987,-5.07947],[-42.81884,-5.07777],[-42.8198,-5.07603],[-42.8218,-5.07599],[-42.82283,-5.07769],[-42.82187,-5.07943],[-42.81987,-5.07947]]]}},{"type":"Feature","id":1844707497,"properties":{"h3":"89800555cc3ffff","bairro":"Lot. Parque dos Caneleiros","copa":67.9,"verde":73.1,"construido":26.9,"temp":37.8,"urbano":true,"classe":"arborizada","prioridade":0},"geometry":{"type":"Polygon","coordinates":[[[-42.739,-5.07939],[-42.73796,-5.07769],[-42.73893,-5.07595],[-42.74092,-5.07591],[-42.74195,-5.07761],[-42.74099,-5.07935],[-42.739,-5.07939]]]}},{"type":"Feature","id":1650983081,"properties":{"h3":"89800555137ffff","bairro":"Lot. Parque dos Caneleiros","copa":69.8,"verde":76.4,"construido":23.6,"temp":40.6,"urbano":false,"classe":"arborizada","prioridade":0},"geometry":{"type":"Polygon","coordinates":[[[-42.73301,-5.07951],[-42.73197,-5.07781],[-42.73294,-5.07607],[-42.73493,-5.07603],[-42.73597,-5.07773],[-42.735,-5.07947],[-42.73301,-5.07951]]]}},{"type":"Feature","id":1566834857,"properties":{"h3":"89800554c33ffff","bairro":"Mafuá","copa":0.0,"verde":0.3,"construido":99.7,"temp":46.7,"urbano":true,"classe":"critica","prioridade":87},"geometry":{"type":"Polygon","coordinates":[[[-42.81388,-5.07959],[-42.81285,-5.07789],[-42.81381,-5.07615],[-42.81581,-5.07611],[-42.81684,-5.07781],[-42.81588,-5.07955],[-42.81388,-5.07959]]]}},{"type":"Feature","id":1651245225,"properties":{"h3":"8980055513bffff","bairro":"Vila Ananias Carvalho","copa":49.9,"verde":88.0,"construido":12.0,"temp":40.5,"urbano":false,"classe":"arborizada","prioridade":0},"geometry":{"type":"Polygon","coordinates":[[[-42.72702,-5.07963],[-42.72599,-5.07793],[-42.72695,-5.07619],[-42.72894,-5.07615],[-42.72998,-5.07785],[-42.72901,-5.07959],[-42.72702,-5.07963]]]}},{"type":"Feature","id":1564475561,"properties":{"h3":"89800554c0fffff","bairro":"Porenquanto","copa":1.6,"verde":2.2,"construido":96.7,"temp":46.2,"urbano":true,"classe":"critica","prioridade":81},"geometry":{"type":"Polygon","coordinates":[[[-42.80789,-5.07971],[-42.80686,-5.07801],[-42.80782,-5.07627],[-42.80982,-5.07623],[-42.81085,-5.07793],[-42.80989,-5.07967],[-42.80789,-5.07971]]]}},{"type":"Feature","id":1568145577,"properties":{"h3":"89800554c47ffff","bairro":"Porenquanto","copa":4.9,"verde":18.2,"construido":81.8,"temp":46.9,"urbano":true,"classe":"critica","prioridade":78},"geometry":{"type":"Polygon","coordinates":[[[-42.80191,-5.07984],[-42.80087,-5.07813],[-42.80184,-5.07639],[-42.80383,-5.07635],[-42.80486,-5.07805],[-42.8039,-5.07979],[-42.80191,-5.07984]]]}},{"type":"Feature","id":1654915241,"properties":{"h3":"89800555173ffff","bairro":"Vila Ananias Carvalho","copa":73.0,"verde":91.2,"construido":6.7,"temp":40.0,"urbano":false,"classe":"arborizada","prioridade":0},"geometry":{"type":"Polygon","coordinates":[[[-42.72103,-5.07976],[-42.72,-5.07805],[-42.72096,-5.07631],[-42.72296,-5.07627],[-42.72399,-5.07797],[-42.72303,-5.07971],[-42.72103,-5.07976]]]}},{"type":"Feature","id":1568407721,"properties":{"h3":"89800554c4bffff","bairro":"Cabral","copa":42.0,"verde":49.6,"construido":50.0,"temp":38.8,"urbano":true,"classe":"arborizada","prioridade":0},"geometry":{"type":"Polygon","coordinates":[[[-42.79592,-5.07996],[-42.79488,-5.07826],[-42.79585,-5.07651],[-42.79784,-5.07647],[-42.79888,-5.07817],[-42.79791,-5.07992],[-42.79592,-5.07996]]]}},{"type":"Feature","id":1605632169,"properties":{"h3":"89800554e83ffff","bairro":"Jóquei","copa":4.5,"verde":11.2,"construido":88.8,"temp":44.8,"urbano":true,"classe":"critica","prioridade":66},"geometry":{"type":"Polygon","coordinates":[[[-42.78993,-5.08008],[-42.7889,-5.07838],[-42.78986,-5.07664],[-42.79186,-5.0766],[-42.79289,-5.0783],[-42.79193,-5.08004],[-42.78993,-5.08008]]]}},{"type":"Feature","id":1611137193,"properties":{"h3":"89800554ed7ffff","bairro":"Jóquei","copa":8.8,"verde":13.5,"construido":86.5,"temp":46.2,"urbano":true,"classe":"pouca","prioridade":66},"geometry":{"type":"Polygon","coordinates":[[[-42.78394,-5.0802],[-42.78291,-5.0785],[-42.78387,-5.07676],[-42.78587,-5.07672],[-42.7869,-5.07842],[-42.78594,-5.08016],[-42.78394,-5.0802]]]}},{"type":"Feature","id":1611399337,"properties":{"h3":"89800554edbffff","bairro":"Noivos","copa":0.8,"verde":1.1,"construido":98.9,"temp":45.5,"urbano":true,"classe":"critica","prioridade":78},"geometry":{"type":"Polygon","coordinates":[[[-42.77795,-5.08032],[-42.77692,-5.07862],[-42.77788,-5.07688],[-42.77988,-5.07684],[-42.78091,-5.07854],[-42.77995,-5.08028],[-42.77795,-5.08032]]]}},{"type":"Feature","id":1415839913,"properties":{"h3":"89800554333ffff","bairro":"São Cristovão","copa":5.6,"verde":8.0,"construido":91.8,"temp":45.2,"urbano":true,"classe":"pouca","prioridade":67},"geometry":{"type":"Polygon","coordinates":[[[-42.77197,-5.08044],[-42.77093,-5.07874],[-42.7719,-5.077],[-42.77389,-5.07696],[-42.77492,-5.07866],[-42.77396,-5.0804],[-42.77197,-5.08044]]]}},{"type":"Feature","id":1413480617,"properties":{"h3":"8980055430fffff","bairro":"São Cristovão","copa":7.5,"verde":14.3,"construido":81.7,"temp":45.1,"urbano":true,"classe":"pouca","prioridade":62},"geometry":{"type":"Polygon","coordinates":[[[-42.76598,-5.08057],[-42.76494,-5.07886],[-42.76591,-5.07712],[-42.7679,-5.07708],[-42.76894,-5.07878],[-42.76797,-5.08053],[-42.76598,-5.08057]]]}},{"type":"Feature","id":1417150633,"properties":{"h3":"89800554347ffff","bairro":"Santa Isabel","copa":11.6,"verde":19.6,"construido":74.7,"temp":48.1,"urbano":true,"classe":"pouca","prioridade":71},"geometry":{"type":"Polygon","coordinates":[[[-42.75999,-5.08069],[-42.75896,-5.07899],[-42.75992,-5.07724],[-42.76192,-5.0772],[-42.76295,-5.07891],[-42.76199,-5.08065],[-42.75999,-5.08069]]]}},{"type":"Feature","id":1417412777,"properties":{"h3":"8980055434bffff","bairro":"Santa Isabel","copa":67.9,"verde":81.0,"construido":19.0,"temp":40.9,"urbano":false,"classe":"arborizada","prioridade":0},"geometry":{"type":"Polygon","coordinates":[[[-42.754,-5.08081],[-42.75297,-5.07911],[-42.75393,-5.07737],[-42.75593,-5.07733],[-42.75696,-5.07903],[-42.756,-5.08077],[-42.754,-5.08081]]]}},{"type":"Feature","id":1590427817,"properties":{"h3":"89800554d9bffff","bairro":"Pirajá","copa":56.0,"verde":67.9,"construido":24.5,"temp":36.5,"urbano":false,"classe":"arborizada","prioridade":0},"geometry":{"type":"Polygon","coordinates":[[[-42.82889,-5.08101],[-42.82785,-5.07931],[-42.82882,-5.07756],[-42.83081,-5.07752],[-42.83185,-5.07923],[-42.83088,-5.08097],[-42.82889,-5.08101]]]}},{"type":"Feature","id":1840513193,"properties":{"h3":"89800555c83ffff","bairro":"Ladeira do Uruguai","copa":19.7,"verde":37.5,"construido":58.8,"temp":47.7,"urbano":true,"classe":"moderada","prioridade":53},"geometry":{"type":"Polygon","coordinates":[[[-42.74801,-5.08093],[-42.74698,-5.07923],[-42.74794,-5.07749],[-42.74994,-5.07745],[-42.75097,-5.07915],[-42.75001,-5.08089],[-42.74801,-5.08093]]]}},{"type":"Feature","id":1594097833,"properties":{"h3":"89800554dd3ffff","bairro":"Matinha","copa":0.0,"verde":1.1,"construido":98.9,"temp":46.2,"urbano":true,"classe":"critica","prioridade":83},"geometry":{"type":"Polygon","coordinates":[[[-42.8229,-5.08113],[-42.82187,-5.07943],[-42.82283,-5.07769],[-42.82482,-5.07765],[-42.82586,-5.07935],[-42.8249,-5.08109],[-42.8229,-5.08113]]]}},{"type":"Feature","id":1846018217,"properties":{"h3":"89800555cd7ffff","bairro":"Lot. Parque dos Caneleiros","copa":67.6,"verde":68.4,"construido":31.6,"temp":39.1,"urbano":true,"classe":"arborizada","prioridade":0},"geometry":{"type":"Polygon","coordinates":[[[-42.74202,-5.08105],[-42.74099,-5.07935],[-42.74195,-5.07761],[-42.74395,-5.07757],[-42.74498,-5.07927],[-42.74402,-5.08101],[-42.74202,-5.08105]]]}},{"type":"Feature","id":1846280361,"properties":{"h3":"89800555cdbffff","bairro":"Lot. Parque dos Caneleiros","copa":61.2,"verde":68.6,"construido":30.6,"temp":43.6,"urbano":true,"classe":"arborizada","prioridade":5},"geometry":{"type":"Polygon","coordinates":[[[-42.73604,-5.08117],[-42.735,-5.07947],[-42.73597,-5.07773],[-42.73796,-5.07769],[-42.739,-5.07939],[-42.73803,-5.08113],[-42.73604,-5.08117]]]}},{"type":"Feature","id":1574961321,"properties":{"h3":"89800554cafffff","bairro":"Mafuá","copa":2.1,"verde":4.5,"construido":95.5,"temp":46.0,"urbano":true,"classe":"critica","prioridade":78},"geometry":{"type":"Polygon","coordinates":[[[-42.81691,-5.08125],[-42.81588,-5.07955],[-42.81684,-5.07781],[-42.81884,-5.07777],[-42.81987,-5.07947],[-42.81891,-5.08121],[-42.81691,-5.08125]]]}},{"type":"Feature","id":1650720937,"properties":{"h3":"89800555133ffff","bairro":"Conj. Nosso Lar","copa":29.1,"verde":67.1,"construido":18.7,"temp":42.2,"urbano":false,"classe":"arborizada","prioridade":0},"geometry":{"type":"Polygon","coordinates":[[[-42.73005,-5.0813],[-42.72901,-5.07959],[-42.72998,-5.07785],[-42.73197,-5.07781],[-42.73301,-5.07951],[-42.73204,-5.08125],[-42.73005,-5.0813]]]}},{"type":"Feature","id":1563951273,"properties":{"h3":"89800554c07ffff","bairro":"Mafuá","copa":0.5,"verde":4.7,"construido":95.3,"temp":46.6,"urbano":true,"classe":"critica","prioridade":85},"geometry":{"type":"Polygon","coordinates":[[[-42.81092,-5.08137],[-42.80989,-5.07967],[-42.81085,-5.07793],[-42.81285,-5.07789],[-42.81388,-5.07959],[-42.81292,-5.08133],[-42.81092,-5.08137]]]}},{"type":"Feature","id":1564213417,"properties":{"h3":"89800554c0bffff","bairro":"Porenquanto","copa":2.1,"verde":6.4,"construido":91.4,"temp":47.1,"urbano":true,"classe":"critica","prioridade":84},"geometry":{"type":"Polygon","coordinates":[[[-42.80494,-5.0815],[-42.8039,-5.07979],[-42.80486,-5.07805],[-42.80686,-5.07801],[-42.80789,-5.07971],[-42.80693,-5.08146],[-42.80494,-5.0815]]]}},{"type":"Feature","id":1567883433,"properties":{"h3":"89800554c43ffff","bairro":"Cabral","copa":5.6,"verde":8.0,"construido":91.2,"temp":45.3,"urbano":true,"classe":"pouca","prioridade":67},"geometry":{"type":"Polygon","coordinates":[[[-42.79895,-5.08162],[-42.79791,-5.07992],[-42.79888,-5.07817],[-42.80087,-5.07813],[-42.80191,-5.07984],[-42.80094,-5.08158],[-42.79895,-5.08162]]]}},{"type":"Feature","id":1652293801,"properties":{"h3":"8980055514bffff","bairro":"Todos os Santos","copa":79.6,"verde":87.9,"construido":5.1,"temp":39.2,"urbano":false,"classe":"arborizada","prioridade":0},"geometry":{"type":"Polygon","coordinates":[[[-42.71208,-5.08166],[-42.71105,-5.07996],[-42.71201,-5.07822],[-42.71401,-5.07817],[-42.71504,-5.07988],[-42.71408,-5.08162],[-42.71208,-5.08166]]]}},{"type":"Feature","id":1606942889,"properties":{"h3":"89800554e97ffff","bairro":"Jóquei","copa":23.3,"verde":25.5,"construido":74.2,"temp":47.6,"urbano":true,"classe":"moderada","prioridade":45},"geometry":{"type":"Polygon","coordinates":[[[-42.79296,-5.08174],[-42.79193,-5.08004],[-42.79289,-5.0783],[-42.79488,-5.07826],[-42.79592,-5.07996],[-42.79495,-5.0817],[-42.79296,-5.08174]]]}},{"type":"Feature","id":1607205033,"properties":{"h3":"89800554e9bffff","bairro":"Jóquei","copa":3.3,"verde":12.7,"construido":87.3,"temp":47.2,"urbano":true,"classe":"critica","prioridade":82},"geometry":{"type":"Polygon","coordinates":[[[-42.78697,-5.08186],[-42.78594,-5.08016],[-42.7869,-5.07842],[-42.7889,-5.07838],[-42.78993,-5.08008],[-42.78897,-5.08182],[-42.78697,-5.08186]]]}},{"type":"Feature","id":1610875049,"properties":{"h3":"89800554ed3ffff","bairro":"Noivos","copa":16.2,"verde":19.1,"construido":79.5,"temp":48.7,"urbano":true,"classe":"moderada","prioridade":65},"geometry":{"type":"Polygon","coordinates":[[[-42.78098,-5.08198],[-42.77995,-5.08028],[-42.78091,-5.07854],[-42.78291,-5.0785],[-42.78394,-5.0802],[-42.78298,-5.08194],[-42.78098,-5.08198]]]}},{"type":"Feature","id":1423966377,"properties":{"h3":"898005543afffff","bairro":"São Cristovão","copa":3.2,"verde":7.2,"construido":92.8,"temp":46.0,"urbano":true,"classe":"critica","prioridade":76},"geometry":{"type":"Polygon","coordinates":[[[-42.77499,-5.08211],[-42.77396,-5.0804],[-42.77492,-5.07866],[-42.77692,-5.07862],[-42.77795,-5.08032],[-42.77699,-5.08207],[-42.77499,-5.08211]]]}},{"type":"Feature","id":1412956329,"properties":{"h3":"89800554307ffff","bairro":"São Cristovão","copa":14.4,"verde":23.7,"construido":74.4,"temp":45.4,"urbano":true,"classe":"moderada","prioridade":50},"geometry":{"type":"Polygon","coordinates":[[[-42.76901,-5.08223],[-42.76797,-5.08053],[-42.76894,-5.07878],[-42.77093,-5.07874],[-42.77197,-5.08044],[-42.771,-5.08219],[-42.76901,-5.08223]]]}},{"type":"Feature","id":1413218473,"properties":{"h3":"8980055430bffff","bairro":"Recanto das Palmeiras","copa":12.6,"verde":27.3,"construido":64.5,"temp":46.1,"urbano":true,"classe":"moderada","prioridade":58},"geometry":{"type":"Polygon","coordinates":[[[-42.76302,-5.08235],[-42.76199,-5.08065],[-42.76295,-5.07891],[-42.76494,-5.07886],[-42.76598,-5.08057],[-42.76501,-5.08231],[-42.76302,-5.08235]]]}},{"type":"Feature","id":1416888489,"properties":{"h3":"89800554343ffff","bairro":"Recanto das Palmeiras","copa":40.1,"verde":45.1,"construido":53.3,"temp":45.2,"urbano":true,"classe":"arborizada","prioridade":18},"geometry":{"type":"Polygon","coordinates":[[[-42.75703,-5.08247],[-42.756,-5.08077],[-42.75696,-5.07903],[-42.75896,-5.07899],[-42.75999,-5.08069],[-42.75903,-5.08243],[-42.75703,-5.08247]]]}},{"type":"Feature","id":1841823913,"properties":{"h3":"89800555c97ffff","bairro":"Ladeira do Uruguai","copa":32.4,"verde":57.7,"construido":18.9,"temp":48.3,"urbano":false,"classe":"arborizada","prioridade":0},"geometry":{"type":"Polygon","coordinates":[[[-42.75104,-5.08259],[-42.75001,-5.08089],[-42.75097,-5.07915],[-42.75297,-5.07911],[-42.754,-5.08081],[-42.75304,-5.08255],[-42.75104,-5.08259]]]}},{"type":"Feature","id":2090860713,"properties":{"h3":"89800556b6fffff","bairro":"Matinha","copa":8.2,"verde":12.1,"construido":87.9,"temp":45.6,"urbano":true,"classe":"pouca","prioridade":64},"geometry":{"type":"Polygon","coordinates":[[[-42.82593,-5.08279],[-42.8249,-5.08109],[-42.82586,-5.07935],[-42.82785,-5.07931],[-42.82889,-5.08101],[-42.82792,-5.08275],[-42.82593,-5.08279]]]}},{"type":"Feature","id":1842086057,"properties":{"h3":"89800555c9bffff","bairro":"Ladeira do Uruguai","copa":90.1,"verde":94.0,"construido":6.0,"temp":43.0,"urbano":false,"classe":"arborizada","prioridade":0},"geometry":{"type":"Polygon","coordinates":[[[-42.74505,-5.08271],[-42.74402,-5.08101],[-42.74498,-5.07927],[-42.74698,-5.07923],[-42.74801,-5.08093],[-42.74705,-5.08267],[-42.74505,-5.08271]]]}},{"type":"Feature","id":1845756073,"properties":{"h3":"89800555cd3ffff","bairro":"Lot. Parque dos Caneleiros","copa":29.6,"verde":42.9,"construido":57.1,"temp":43.3,"urbano":true,"classe":"arborizada","prioridade":8},"geometry":{"type":"Polygon","coordinates":[[[-42.73907,-5.08284],[-42.73803,-5.08113],[-42.739,-5.07939],[-42.74099,-5.07935],[-42.74202,-5.08105],[-42.74106,-5.08279],[-42.73907,-5.08284]]]}},{"type":"Feature","id":1574437033,"properties":{"h3":"89800554ca7ffff","bairro":"Matinha","copa":3.5,"verde":7.2,"construido":92.8,"temp":47.1,"urbano":true,"classe":"critica","prioridade":82},"geometry":{"type":"Polygon","coordinates":[[[-42.81994,-5.08291],[-42.81891,-5.08121],[-42.81987,-5.07947],[-42.82187,-5.07943],[-42.8229,-5.08113],[-42.82194,-5.08287],[-42.81994,-5.08291]]]}},{"type":"Feature","id":1658847401,"properties":{"h3":"898005551afffff","bairro":"Conj. Nosso Lar","copa":32.2,"verde":54.5,"construido":42.0,"temp":44.0,"urbano":true,"classe":"arborizada","prioridade":9},"geometry":{"type":"Polygon","coordinates":[[[-42.73308,-5.08296],[-42.73204,-5.08125],[-42.73301,-5.07951],[-42.735,-5.07947],[-42.73604,-5.08117],[-42.73507,-5.08292],[-42.73308,-5.08296]]]}},{"type":"Feature","id":1574699177,"properties":{"h3":"89800554cabffff","bairro":"Mafuá","copa":3.0,"verde":3.9,"construido":96.1,"temp":47.3,"urbano":true,"classe":"critica","prioridade":84},"geometry":{"type":"Polygon","coordinates":[[[-42.81395,-5.08304],[-42.81292,-5.08133],[-42.81388,-5.07959],[-42.81588,-5.07955],[-42.81691,-5.08125],[-42.81595,-5.08299],[-42.81395,-5.08304]]]}},{"type":"Feature","id":1563689129,"properties":{"h3":"89800554c03ffff","bairro":"Porenquanto","copa":1.6,"verde":2.1,"construido":97.9,"temp":47.9,"urbano":true,"classe":"critica","prioridade":90},"geometry":{"type":"Polygon","coordinates":[[[-42.80796,-5.08316],[-42.80693,-5.08146],[-42.80789,-5.07971],[-42.80989,-5.07967],[-42.81092,-5.08137],[-42.80996,-5.08312],[-42.80796,-5.08316]]]}},{"type":"Feature","id":1569194153,"properties":{"h3":"89800554c57ffff","bairro":"Cabral","copa":0.0,"verde":13.6,"construido":85.6,"temp":46.9,"urbano":true,"classe":"critica","prioridade":87},"geometry":{"type":"Polygon","coordinates":[[[-42.80198,-5.08328],[-42.80094,-5.08158],[-42.80191,-5.07984],[-42.8039,-5.07979],[-42.80494,-5.0815],[-42.80397,-5.08324],[-42.80198,-5.08328]]]}},{"type":"Feature","id":1569456297,"properties":{"h3":"89800554c5bffff","bairro":"Cabral","copa":35.5,"verde":46.7,"construido":51.1,"temp":42.5,"urbano":true,"classe":"arborizada","prioridade":3},"geometry":{"type":"Polygon","coordinates":[[[-42.79599,-5.0834],[-42.79495,-5.0817],[-42.79592,-5.07996],[-42.79791,-5.07992],[-42.79895,-5.08162],[-42.79798,-5.08336],[-42.79599,-5.0834]]]}},{"type":"Feature","id":1606680745,"properties":{"h3":"89800554e93ffff","bairro":"Jóquei","copa":2.7,"verde":10.4,"construido":81.1,"temp":49.5,"urbano":true,"classe":"critica","prioridade":95},"geometry":{"type":"Polygon","coordinates":[[[-42.79,-5.08352],[-42.78897,-5.08182],[-42.78993,-5.08008],[-42.79193,-5.08004],[-42.79296,-5.08174],[-42.792,-5.08348],[-42.79,-5.08352]]]}},{"type":"Feature","id":1386217641,"properties":{"h3":"8980055416fffff","bairro":"Noivos","copa":28.7,"verde":29.0,"construido":70.5,"temp":42.5,"urbano":true,"classe":"arborizada","prioridade":5},"geometry":{"type":"Polygon","coordinates":[[[-42.78401,-5.08365],[-42.78298,-5.08194],[-42.78394,-5.0802],[-42.78594,-5.08016],[-42.78697,-5.08186],[-42.78601,-5.0836],[-42.78401,-5.08365]]]}},{"type":"Feature","id":1423442089,"properties":{"h3":"898005543a7ffff","bairro":"Noivos","copa":3.5,"verde":6.4,"construido":93.1,"temp":47.2,"urbano":true,"classe":"critica","prioridade":82},"geometry":{"type":"Polygon","coordinates":[[[-42.77802,-5.08377],[-42.77699,-5.08207],[-42.77795,-5.08032],[-42.77995,-5.08028],[-42.78098,-5.08198],[-42.78002,-5.08373],[-42.77802,-5.08377]]]}},{"type":"Feature","id":1675624617,"properties":{"h3":"898005552afffff","bairro":"Res. Santa Teresinha","copa":52.3,"verde":80.3,"construido":17.6,"temp":44.6,"urbano":false,"classe":"arborizada","prioridade":0},"geometry":{"type":"Polygon","coordinates":[[[-42.69116,-5.0838],[-42.69013,-5.0821],[-42.69109,-5.08036],[-42.69308,-5.08032],[-42.69412,-5.08202],[-42.69315,-5.08376],[-42.69116,-5.0838]]]}},{"type":"Feature","id":1423704233,"properties":{"h3":"898005543abffff","bairro":"São Cristovão","copa":17.7,"verde":20.4,"construido":79.6,"temp":45.0,"urbano":true,"classe":"moderada","prioridade":41},"geometry":{"type":"Polygon","coordinates":[[[-42.77204,-5.08389],[-42.771,-5.08219],[-42.77197,-5.08044],[-42.77396,-5.0804],[-42.77499,-5.08211],[-42.77403,-5.08385],[-42.77204,-5.08389]]]}},{"type":"Feature","id":1412694185,"properties":{"h3":"89800554303ffff","bairro":"São Cristovão","copa":36.1,"verde":38.6,"construido":61.4,"temp":44.2,"urbano":true,"classe":"arborizada","prioridade":12},"geometry":{"type":"Polygon","coordinates":[[[-42.76605,-5.08401],[-42.76501,-5.08231],[-42.76598,-5.08057],[-42.76797,-5.08053],[-42.76901,-5.08223],[-42.76804,-5.08397],[-42.76605,-5.08401]]]}},{"type":"Feature","id":1664614569,"properties":{"h3":"89800555207ffff","bairro":"Pq. Bumerangue","copa":24.2,"verde":91.0,"construido":9.0,"temp":45.1,"urbano":false,"classe":"moderada","prioridade":0},"geometry":{"type":"Polygon","coordinates":[[[-42.68517,-5.08393],[-42.68414,-5.08222],[-42.6851,-5.08048],[-42.6871,-5.08044],[-42.68813,-5.08214],[-42.68717,-5.08389],[-42.68517,-5.08393]]]}},{"type":"Feature","id":1418199209,"properties":{"h3":"89800554357ffff","bairro":"Recanto das Palmeiras","copa":47.1,"verde":55.6,"construido":43.3,"temp":42.0,"urbano":true,"classe":"arborizada","prioridade":0},"geometry":{"type":"Polygon","coordinates":[[[-42.76006,-5.08413],[-42.75903,-5.08243],[-42.75999,-5.08069],[-42.76199,-5.08065],[-42.76302,-5.08235],[-42.76206,-5.08409],[-42.76006,-5.08413]]]}},{"type":"Feature","id":1418461353,"properties":{"h3":"8980055435bffff","bairro":"Recanto das Palmeiras","copa":81.9,"verde":94.1,"construido":5.9,"temp":39.5,"urbano":false,"classe":"arborizada","prioridade":0},"geometry":{"type":"Polygon","coordinates":[[[-42.75407,-5.08425],[-42.75304,-5.08255],[-42.754,-5.08081],[-42.756,-5.08077],[-42.75703,-5.08247],[-42.75607,-5.08421],[-42.75407,-5.08425]]]}},{"type":"Feature","id":1841561769,"properties":{"h3":"89800555c93ffff","bairro":"Ladeira do Uruguai","copa":20.5,"verde":45.8,"construido":50.4,"temp":46.9,"urbano":true,"classe":"moderada","prioridade":46},"geometry":{"type":"Polygon","coordinates":[[[-42.74808,-5.08437],[-42.74705,-5.08267],[-42.74801,-5.08093],[-42.75001,-5.08089],[-42.75104,-5.08259],[-42.75008,-5.08433],[-42.74808,-5.08437]]]}},{"type":"Feature","id":1402994857,"properties":{"h3":"8980055426fffff","bairro":"Lot. Parque dos Caneleiros","copa":71.0,"verde":75.3,"construido":24.7,"temp":39.2,"urbano":false,"classe":"arborizada","prioridade":0},"geometry":{"type":"Polygon","coordinates":[[[-42.74209,-5.0845],[-42.74106,-5.08279],[-42.74202,-5.08105],[-42.74402,-5.08101],[-42.74505,-5.08271],[-42.74409,-5.08446],[-42.74209,-5.0845]]]}},{"type":"Feature","id":2090598569,"properties":{"h3":"89800556b6bffff","bairro":"Matinha","copa":17.4,"verde":17.7,"construido":82.3,"temp":44.3,"urbano":true,"classe":"moderada","prioridade":38},"geometry":{"type":"Polygon","coordinates":[[[-42.82297,-5.08457],[-42.82194,-5.08287],[-42.8229,-5.08113],[-42.8249,-5.08109],[-42.82593,-5.08279],[-42.82497,-5.08453],[-42.82297,-5.08457]]]}},{"type":"Feature","id":1658323113,"properties":{"h3":"898005551a7ffff","bairro":"Gurupi","copa":4.5,"verde":8.8,"construido":91.2,"temp":47.4,"urbano":true,"classe":"critica","prioridade":81},"geometry":{"type":"Polygon","coordinates":[[[-42.73611,-5.08462],[-42.73507,-5.08292],[-42.73604,-5.08117],[-42.73803,-5.08113],[-42.73907,-5.08284],[-42.7381,-5.08458],[-42.73611,-5.08462]]]}},{"type":"Feature","id":1574174889,"properties":{"h3":"89800554ca3ffff","bairro":"Mafuá","copa":0.0,"verde":0.0,"construido":100.0,"temp":46.6,"urbano":true,"classe":"critica","prioridade":86},"geometry":{"type":"Polygon","coordinates":[[[-42.81698,-5.0847],[-42.81595,-5.08299],[-42.81691,-5.08125],[-42.81891,-5.08121],[-42.81994,-5.08291],[-42.81898,-5.08466],[-42.81698,-5.0847]]]}},{"type":"Feature","id":1564999849,"properties":{"h3":"89800554c17ffff","bairro":"Centro","copa":1.3,"verde":1.6,"construido":98.4,"temp":46.6,"urbano":true,"classe":"critica","prioridade":83},"geometry":{"type":"Polygon","coordinates":[[[-42.81099,-5.08482],[-42.80996,-5.08312],[-42.81092,-5.08137],[-42.81292,-5.08133],[-42.81395,-5.08304],[-42.81299,-5.08478],[-42.81099,-5.08482]]]}},{"type":"Feature","id":1658585257,"properties":{"h3":"898005551abffff","bairro":"Conj. Nosso Lar","copa":24.9,"verde":38.6,"construido":59.8,"temp":44.5,"urbano":true,"classe":"moderada","prioridade":24},"geometry":{"type":"Polygon","coordinates":[[[-42.73012,-5.08474],[-42.72908,-5.08304],[-42.73005,-5.0813],[-42.73204,-5.08125],[-42.73308,-5.08296],[-42.73211,-5.0847],[-42.73012,-5.08474]]]}},{"type":"Feature","id":1565261993,"properties":{"h3":"89800554c1bffff","bairro":"Cabral","copa":10.7,"verde":36.4,"construido":63.1,"temp":46.2,"urbano":true,"classe":"pouca","prioridade":62},"geometry":{"type":"Polygon","coordinates":[[[-42.80501,-5.08494],[-42.80397,-5.08324],[-42.80494,-5.0815],[-42.80693,-5.08146],[-42.80796,-5.08316],[-42.807,-5.0849],[-42.80501,-5.08494]]]}},{"type":"Feature","id":1647575209,"properties":{"h3":"89800555103ffff","bairro":"Vila Ananias Carvalho","copa":84.6,"verde":91.5,"construido":8.5,"temp":38.6,"urbano":false,"classe":"arborizada","prioridade":0},"geometry":{"type":"Polygon","coordinates":[[[-42.72413,-5.08486],[-42.7231,-5.08316],[-42.72406,-5.08142],[-42.72606,-5.08138],[-42.72709,-5.08308],[-42.72613,-5.08482],[-42.72413,-5.08486]]]}},{"type":"Feature","id":1568932009,"properties":{"h3":"89800554c53ffff","bairro":"Cabral","copa":9.2,"verde":14.4,"construido":84.0,"temp":47.3,"urbano":true,"classe":"pouca","prioridade":71},"geometry":{"type":"Polygon","coordinates":[[[-42.79902,-5.08506],[-42.79798,-5.08336],[-42.79895,-5.08162],[-42.80094,-5.08158],[-42.80198,-5.08328],[-42.80101,-5.08502],[-42.79902,-5.08506]]]}},{"type":"Feature","id":1382023337,"properties":{"h3":"8980055412fffff","bairro":"Frei Serafim","copa":37.9,"verde":44.7,"construido":52.2,"temp":37.9,"urbano":true,"classe":"arborizada","prioridade":0},"geometry":{"type":"Polygon","coordinates":[[[-42.79303,-5.08518],[-42.792,-5.08348],[-42.79296,-5.08174],[-42.79495,-5.0817],[-42.79599,-5.0834],[-42.79503,-5.08514],[-42.79303,-5.08518]]]}},{"type":"Feature","id":1385693353,"properties":{"h3":"89800554167ffff","bairro":"Noivos","copa":0.3,"verde":0.3,"construido":99.5,"temp":47.7,"urbano":true,"classe":"critica","prioridade":92},"geometry":{"type":"Polygon","coordinates":[[[-42.78704,-5.08531],[-42.78601,-5.0836],[-42.78697,-5.08186],[-42.78897,-5.08182],[-42.79,-5.08352],[-42.78904,-5.08527],[-42.78704,-5.08531]]]}},{"type":"Feature","id":1385955497,"properties":{"h3":"8980055416bffff","bairro":"Noivos","copa":12.2,"verde":12.7,"construido":87.3,"temp":44.3,"urbano":true,"classe":"moderada","prioridade":48},"geometry":{"type":"Polygon","coordinates":[[[-42.78105,-5.08543],[-42.78002,-5.08373],[-42.78098,-5.08198],[-42.78298,-5.08194],[-42.78401,-5.08365],[-42.78305,-5.08539],[-42.78105,-5.08543]]]}},{"type":"Feature","id":1675100329,"properties":{"h3":"898005552a7ffff","bairro":"Res. Vinícius de Morais","copa":7.5,"verde":72.5,"construido":22.7,"temp":50.8,"urbano":false,"classe":"pouca","prioridade":0},"geometry":{"type":"Polygon","coordinates":[[[-42.69419,-5.08547],[-42.69315,-5.08376],[-42.69412,-5.08202],[-42.69611,-5.08198],[-42.69715,-5.08368],[-42.69618,-5.08543],[-42.69419,-5.08547]]]}},{"type":"Feature","id":1423179945,"properties":{"h3":"898005543a3ffff","bairro":"São João","copa":0.8,"verde":0.8,"construido":99.2,"temp":46.9,"urbano":true,"classe":"critica","prioridade":86},"geometry":{"type":"Polygon","coordinates":[[[-42.77506,-5.08555],[-42.77403,-5.08385],[-42.77499,-5.08211],[-42.77699,-5.08207],[-42.77802,-5.08377],[-42.77706,-5.08551],[-42.77506,-5.08555]]]}},{"type":"Feature","id":1414004905,"properties":{"h3":"89800554317ffff","bairro":"São João","copa":26.3,"verde":41.2,"construido":58.5,"temp":42.7,"urbano":true,"classe":"arborizada","prioridade":11},"geometry":{"type":"Polygon","coordinates":[[[-42.76908,-5.08567],[-42.76804,-5.08397],[-42.76901,-5.08223],[-42.771,-5.08219],[-42.77204,-5.08389],[-42.77107,-5.08563],[-42.76908,-5.08567]]]}},{"type":"Feature","id":1675362473,"properties":{"h3":"898005552abffff","bairro":"Res. Santa Teresinha","copa":29.4,"verde":77.8,"construido":22.2,"temp":45.0,"urbano":false,"classe":"arborizada","prioridade":0},"geometry":{"type":"Polygon","coordinates":[[[-42.6882,-5.08559],[-42.68717,-5.08389],[-42.68813,-5.08214],[-42.69013,-5.0821],[-42.69116,-5.0838],[-42.6902,-5.08555],[-42.6882,-5.08559]]]}},{"type":"Feature","id":1414267049,"properties":{"h3":"8980055431bffff","bairro":"Recanto das Palmeiras","copa":55.1,"verde":71.8,"construido":22.1,"temp":38.9,"urbano":false,"classe":"arborizada","prioridade":0},"geometry":{"type":"Polygon","coordinates":[[[-42.76309,-5.08579],[-42.76206,-5.08409],[-42.76302,-5.08235],[-42.76501,-5.08231],[-42.76605,-5.08401],[-42.76508,-5.08575],[-42.76309,-5.08579]]]}},{"type":"Feature","id":1417937065,"properties":{"h3":"89800554353ffff","bairro":"Recanto das Palmeiras","copa":77.1,"verde":79.5,"construido":20.5,"temp":38.4,"urbano":false,"classe":"arborizada","prioridade":0},"geometry":{"type":"Polygon","coordinates":[[[-42.7571,-5.08591],[-42.75607,-5.08421],[-42.75703,-5.08247],[-42.75903,-5.08243],[-42.76006,-5.08413],[-42.7591,-5.08587],[-42.7571,-5.08591]]]}},{"type":"Feature","id":1670119593,"properties":{"h3":"8980055525bffff","bairro":"Jardim das Palmeiras","copa":66.1,"verde":82.7,"construido":5.6,"temp":43.3,"urbano":false,"classe":"arborizada","prioridade":0},"geometry":{"type":"Polygon","coordinates":[[[-42.67023,-5.08595],[-42.6692,-5.08425],[-42.67016,-5.08251],[-42.67216,-5.08247],[-42.67319,-5.08417],[-42.67223,-5.08591],[-42.67023,-5.08595]]]}},{"type":"Feature","id":1398800553,"properties":{"h3":"8980055422fffff","bairro":"Lot. Planalto dos Algodões","copa":69.7,"verde":79.3,"construido":18.2,"temp":43.4,"urbano":false,"classe":"arborizada","prioridade":0},"geometry":{"type":"Polygon","coordinates":[[[-42.75111,-5.08604],[-42.75008,-5.08433],[-42.75104,-5.08259],[-42.75304,-5.08255],[-42.75407,-5.08425],[-42.75311,-5.086],[-42.75111,-5.08604]]]}},{"type":"Feature","id":1402470569,"properties":{"h3":"89800554267ffff","bairro":"Lot. Planalto dos Algodões","copa":53.9,"verde":56.0,"construido":44.0,"temp":43.6,"urbano":true,"classe":"arborizada","prioridade":8},"geometry":{"type":"Polygon","coordinates":[[[-42.74512,-5.08616],[-42.74409,-5.08446],[-42.74505,-5.08271],[-42.74705,-5.08267],[-42.74808,-5.08437],[-42.74712,-5.08612],[-42.74512,-5.08616]]]}},{"type":"Feature","id":1402732713,"properties":{"h3":"8980055426bffff","bairro":"Gurupi","copa":5.0,"verde":12.2,"construido":79.8,"temp":45.7,"urbano":true,"classe":"pouca","prioridade":71},"geometry":{"type":"Polygon","coordinates":[[[-42.73914,-5.08628],[-42.7381,-5.08458],[-42.73907,-5.08284],[-42.74106,-5.08279],[-42.74209,-5.0845],[-42.74113,-5.08624],[-42.73914,-5.08628]]]}},{"type":"Feature","id":1575485609,"properties":{"h3":"89800554cb7ffff","bairro":"Matinha","copa":6.6,"verde":19.3,"construido":80.7,"temp":44.7,"urbano":true,"classe":"pouca","prioridade":62},"geometry":{"type":"Polygon","coordinates":[[[-42.82001,-5.08636],[-42.81898,-5.08466],[-42.81994,-5.08291],[-42.82194,-5.08287],[-42.82297,-5.08457],[-42.82201,-5.08632],[-42.82001,-5.08636]]]}},{"type":"Feature","id":1575747753,"properties":{"h3":"89800554cbbffff","bairro":"Centro","copa":0.0,"verde":0.0,"construido":100.0,"temp":47.5,"urbano":true,"classe":"critica","prioridade":91},"geometry":{"type":"Polygon","coordinates":[[[-42.81402,-5.08648],[-42.81299,-5.08478],[-42.81395,-5.08304],[-42.81595,-5.08299],[-42.81698,-5.0847],[-42.81602,-5.08644],[-42.81402,-5.08648]]]}},{"type":"Feature","id":1658060969,"properties":{"h3":"898005551a3ffff","bairro":"Conj. Nosso Lar","copa":17.8,"verde":27.0,"construido":71.1,"temp":46.1,"urbano":true,"classe":"moderada","prioridade":47},"geometry":{"type":"Polygon","coordinates":[[[-42.73315,-5.0864],[-42.73211,-5.0847],[-42.73308,-5.08296],[-42.73507,-5.08292],[-42.73611,-5.08462],[-42.73514,-5.08636],[-42.73315,-5.0864]]]}},{"type":"Feature","id":1648885929,"properties":{"h3":"89800555117ffff","bairro":"Vila Ananias Carvalho","copa":88.4,"verde":95.3,"construido":4.7,"temp":40.0,"urbano":false,"classe":"arborizada","prioridade":0},"geometry":{"type":"Polygon","coordinates":[[[-42.72716,-5.08652],[-42.72613,-5.08482],[-42.72709,-5.08308],[-42.72908,-5.08304],[-42.73012,-5.08474],[-42.72915,-5.08648],[-42.72716,-5.08652]]]}},{"type":"Feature","id":1564737705,"properties":{"h3":"89800554c13ffff","bairro":"Centro","copa":1.1,"verde":1.3,"construido":98.7,"temp":46.5,"urbano":true,"classe":"critica","prioridade":83},"geometry":{"type":"Polygon","coordinates":[[[-42.80803,-5.0866],[-42.807,-5.0849],[-42.80796,-5.08316],[-42.80996,-5.08312],[-42.81099,-5.08482],[-42.81003,-5.08656],[-42.80803,-5.0866]]]}},{"type":"Feature","id":1577058473,"properties":{"h3":"89800554ccfffff","bairro":"Cabral","copa":1.4,"verde":13.1,"construido":84.5,"temp":47.1,"urbano":true,"classe":"critica","prioridade":86},"geometry":{"type":"Polygon","coordinates":[[[-42.80205,-5.08672],[-42.80101,-5.08502],[-42.80198,-5.08328],[-42.80397,-5.08324],[-42.80501,-5.08494],[-42.80404,-5.08668],[-42.80205,-5.08672]]]}},{"type":"Feature","id":1381499049,"properties":{"h3":"89800554127ffff","bairro":"Frei Serafim","copa":5.4,"verde":6.8,"construido":93.0,"temp":44.0,"urbano":true,"classe":"pouca","prioridade":60},"geometry":{"type":"Polygon","coordinates":[[[-42.79606,-5.08685],[-42.79503,-5.08514],[-42.79599,-5.0834],[-42.79798,-5.08336],[-42.79902,-5.08506],[-42.79805,-5.0868],[-42.79606,-5.08685]]]}},{"type":"Feature","id":1381761193,"properties":{"h3":"8980055412bffff","bairro":"Noivos","copa":17.2,"verde":28.3,"construido":70.8,"temp":46.4,"urbano":true,"classe":"moderada","prioridade":51},"geometry":{"type":"Polygon","coordinates":[[[-42.79007,-5.08697],[-42.78904,-5.08527],[-42.79,-5.08352],[-42.792,-5.08348],[-42.79303,-5.08518],[-42.79207,-5.08693],[-42.79007,-5.08697]]]}},{"type":"Feature","id":1385431209,"properties":{"h3":"89800554163ffff","bairro":"Noivos","copa":20.3,"verde":42.4,"construido":48.3,"temp":45.2,"urbano":true,"classe":"moderada","prioridade":36},"geometry":{"type":"Polygon","coordinates":[[[-42.78408,-5.08709],[-42.78305,-5.08539],[-42.78401,-5.08365],[-42.78601,-5.0836],[-42.78704,-5.08531],[-42.78608,-5.08705],[-42.78408,-5.08709]]]}},{"type":"Feature","id":1424490665,"properties":{"h3":"898005543b7ffff","bairro":"Noivos","copa":9.3,"verde":9.3,"construido":90.7,"temp":46.2,"urbano":true,"classe":"pouca","prioridade":65},"geometry":{"type":"Polygon","coordinates":[[[-42.77809,-5.08721],[-42.77706,-5.08551],[-42.77802,-5.08377],[-42.78002,-5.08373],[-42.78105,-5.08543],[-42.78009,-5.08717],[-42.77809,-5.08721]]]}},{"type":"Feature","id":1424752809,"properties":{"h3":"898005543bbffff","bairro":"São João","copa":2.7,"verde":3.5,"construido":96.5,"temp":45.9,"urbano":true,"classe":"critica","prioridade":76},"geometry":{"type":"Polygon","coordinates":[[[-42.77211,-5.08733],[-42.77107,-5.08563],[-42.77204,-5.08389],[-42.77403,-5.08385],[-42.77506,-5.08555],[-42.7741,-5.08729],[-42.77211,-5.08733]]]}},{"type":"Feature","id":1674838185,"properties":{"h3":"898005552a3ffff","bairro":"Res. Encontro com Deus","copa":5.8,"verde":16.2,"construido":83.8,"temp":45.3,"urbano":true,"classe":"pouca","prioridade":67},"geometry":{"type":"Polygon","coordinates":[[[-42.69123,-5.08725],[-42.6902,-5.08555],[-42.69116,-5.0838],[-42.69315,-5.08376],[-42.69419,-5.08547],[-42.69322,-5.08721],[-42.69123,-5.08725]]]}},{"type":"Feature","id":1413742761,"properties":{"h3":"89800554313ffff","bairro":"São João","copa":32.3,"verde":35.5,"construido":64.0,"temp":42.6,"urbano":true,"classe":"arborizada","prioridade":3},"geometry":{"type":"Polygon","coordinates":[[[-42.76612,-5.08745],[-42.76508,-5.08575],[-42.76605,-5.08401],[-42.76804,-5.08397],[-42.76908,-5.08567],[-42.76811,-5.08741],[-42.76612,-5.08745]]]}},{"type":"Feature","id":1665663145,"properties":{"h3":"89800555217ffff","bairro":"Pq. Bumerangue","copa":48.9,"verde":65.4,"construido":33.0,"temp":42.4,"urbano":true,"classe":"arborizada","prioridade":1},"geometry":{"type":"Polygon","coordinates":[[[-42.68524,-5.08737],[-42.68421,-5.08567],[-42.68517,-5.08393],[-42.68717,-5.08389],[-42.6882,-5.08559],[-42.68724,-5.08733],[-42.68524,-5.08737]]]}},{"type":"Feature","id":1426063529,"properties":{"h3":"898005543cfffff","bairro":"Recanto das Palmeiras","copa":69.0,"verde":70.6,"construido":28.3,"temp":40.9,"urbano":true,"classe":"arborizada","prioridade":0},"geometry":{"type":"Polygon","coordinates":[[[-42.76013,-5.08758],[-42.7591,-5.08587],[-42.76006,-5.08413],[-42.76206,-5.08409],[-42.76309,-5.08579],[-42.76213,-5.08754],[-42.76013,-5.08758]]]}},{"type":"Feature","id":1669595305,"properties":{"h3":"89800555253ffff","bairro":"Jardim das Palmeiras","copa":73.4,"verde":93.4,"construido":6.4,"temp":41.4,"urbano":false,"classe":"arborizada","prioridade":0},"geometry":{"type":"Polygon","coordinates":[[[-42.67326,-5.08761],[-42.67223,-5.08591],[-42.67319,-5.08417],[-42.67519,-5.08413],[-42.67622,-5.08583],[-42.67526,-5.08757],[-42.67326,-5.08761]]]}},{"type":"Feature","id":1398276265,"properties":{"h3":"89800554227ffff","bairro":"Livramento","copa":61.8,"verde":93.7,"construido":5.2,"temp":39.4,"urbano":false,"classe":"arborizada","prioridade":0},"geometry":{"type":"Polygon","coordinates":[[[-42.75414,-5.0877],[-42.75311,-5.086],[-42.75407,-5.08425],[-42.75607,-5.08421],[-42.7571,-5.08591],[-42.75614,-5.08766],[-42.75414,-5.0877]]]}},{"type":"Feature","id":1398538409,"properties":{"h3":"8980055422bffff","bairro":"Lot. Planalto dos Algodões","copa":51.6,"verde":64.9,"construido":35.1,"temp":41.0,"urbano":true,"classe":"arborizada","prioridade":0},"geometry":{"type":"Polygon","coordinates":[[[-42.74815,-5.08782],[-42.74712,-5.08612],[-42.74808,-5.08437],[-42.75008,-5.08433],[-42.75111,-5.08604],[-42.75015,-5.08778],[-42.74815,-5.08782]]]}},{"type":"Feature","id":2091647145,"properties":{"h3":"89800556b7bffff","bairro":"Matinha","copa":32.6,"verde":33.2,"construido":66.8,"temp":37.2,"urbano":true,"classe":"arborizada","prioridade":0},"geometry":{"type":"Polygon","coordinates":[[[-42.82304,-5.08802],[-42.82201,-5.08632],[-42.82297,-5.08457],[-42.82497,-5.08453],[-42.826,-5.08623],[-42.82504,-5.08798],[-42.82304,-5.08802]]]}},{"type":"Feature","id":1402208425,"properties":{"h3":"89800554263ffff","bairro":"Vila da Lage","copa":32.8,"verde":69.6,"construido":30.1,"temp":43.8,"urbano":true,"classe":"arborizada","prioridade":6},"geometry":{"type":"Polygon","coordinates":[[[-42.74216,-5.08794],[-42.74113,-5.08624],[-42.74209,-5.0845],[-42.74409,-5.08446],[-42.74512,-5.08616],[-42.74416,-5.0879],[-42.74216,-5.08794]]]}},{"type":"Feature","id":1575223465,"properties":{"h3":"89800554cb3ffff","bairro":"Centro","copa":3.7,"verde":5.3,"construido":94.7,"temp":45.3,"urbano":true,"classe":"critica","prioridade":71},"geometry":{"type":"Polygon","coordinates":[[[-42.81705,-5.08814],[-42.81602,-5.08644],[-42.81698,-5.0847],[-42.81898,-5.08466],[-42.82001,-5.08636],[-42.81905,-5.0881],[-42.81705,-5.08814]]]}},{"type":"Feature","id":1659371689,"properties":{"h3":"898005551b7ffff","bairro":"Alto da Ressurreição","copa":1.4,"verde":1.4,"construido":98.6,"temp":47.0,"urbano":true,"classe":"critica","prioridade":85},"geometry":{"type":"Polygon","coordinates":[[[-42.73618,-5.08806],[-42.73514,-5.08636],[-42.73611,-5.08462],[-42.7381,-5.08458],[-42.73914,-5.08628],[-42.73817,-5.08802],[-42.73618,-5.08806]]]}},{"type":"Feature","id":1659633833,"properties":{"h3":"898005551bbffff","bairro":"Conj. Nosso Lar","copa":53.8,"verde":78.1,"construido":21.3,"temp":42.9,"urbano":false,"classe":"arborizada","prioridade":0},"geometry":{"type":"Polygon","coordinates":[[[-42.73019,-5.08818],[-42.72915,-5.08648],[-42.73012,-5.08474],[-42.73211,-5.0847],[-42.73315,-5.0864],[-42.73218,-5.08814],[-42.73019,-5.08818]]]}},{"type":"Feature","id":1572864169,"properties":{"h3":"89800554c8fffff","bairro":"Centro","copa":0.3,"verde":0.3,"construido":99.7,"temp":46.9,"urbano":true,"classe":"critica","prioridade":87},"geometry":{"type":"Polygon","coordinates":[[[-42.81106,-5.08826],[-42.81003,-5.08656],[-42.81099,-5.08482],[-42.81299,-5.08478],[-42.81402,-5.08648],[-42.81306,-5.08822],[-42.81106,-5.08826]]]}},{"type":"Feature","id":1648623785,"properties":{"h3":"89800555113ffff","bairro":"Vila Ananias Carvalho","copa":50.8,"verde":84.6,"construido":10.6,"temp":44.7,"urbano":false,"classe":"arborizada","prioridade":0},"geometry":{"type":"Polygon","coordinates":[[[-42.7242,-5.0883],[-42.72317,-5.0866],[-42.72413,-5.08486],[-42.72613,-5.08482],[-42.72716,-5.08652],[-42.7262,-5.08826],[-42.7242,-5.0883]]]}},{"type":"Feature","id":1576534185,"properties":{"h3":"89800554cc7ffff","bairro":"Cabral","copa":2.2,"verde":2.5,"construido":97.3,"temp":46.3,"urbano":true,"classe":"critica","prioridade":80},"geometry":{"type":"Polygon","coordinates":[[[-42.80508,-5.08838],[-42.80404,-5.08668],[-42.80501,-5.08494],[-42.807,-5.0849],[-42.80803,-5.0866],[-42.80707,-5.08834],[-42.80508,-5.08838]]]}},{"type":"Feature","id":1576796329,"properties":{"h3":"89800554ccbffff","bairro":"Frei Serafim","copa":1.1,"verde":5.9,"construido":94.1,"temp":45.2,"urbano":true,"classe":"critica","prioridade":76},"geometry":{"type":"Polygon","coordinates":[[[-42.79909,-5.08851],[-42.79805,-5.0868],[-42.79902,-5.08506],[-42.80101,-5.08502],[-42.80205,-5.08672],[-42.80108,-5.08847],[-42.79909,-5.08851]]]}},{"type":"Feature","id":1381236905,"properties":{"h3":"89800554123ffff","bairro":"Frei Serafim","copa":23.2,"verde":27.8,"construido":71.3,"temp":42.1,"urbano":true,"classe":"moderada","prioridade":14},"geometry":{"type":"Polygon","coordinates":[[[-42.7931,-5.08863],[-42.79207,-5.08693],[-42.79303,-5.08518],[-42.79503,-5.08514],[-42.79606,-5.08685],[-42.7951,-5.08859],[-42.7931,-5.08863]]]}},{"type":"Feature","id":1386741929,"properties":{"h3":"89800554177ffff","bairro":"Noivos","copa":46.1,"verde":49.7,"construido":49.4,"temp":46.7,"urbano":true,"classe":"arborizada","prioridade":26},"geometry":{"type":"Polygon","coordinates":[[[-42.78711,-5.08875],[-42.78608,-5.08705],[-42.78704,-5.08531],[-42.78904,-5.08527],[-42.79007,-5.08697],[-42.78911,-5.08871],[-42.78711,-5.08875]]]}},{"type":"Feature","id":1387004073,"properties":{"h3":"8980055417bffff","bairro":"Noivos","copa":41.5,"verde":51.1,"construido":46.7,"temp":43.6,"urbano":true,"classe":"arborizada","prioridade":8},"geometry":{"type":"Polygon","coordinates":[[[-42.78112,-5.08887],[-42.78009,-5.08717],[-42.78105,-5.08543],[-42.78305,-5.08539],[-42.78408,-5.08709],[-42.78312,-5.08883],[-42.78112,-5.08887]]]}},{"type":"Feature","id":1424228521,"properties":{"h3":"898005543b3ffff","bairro":"São João","copa":1.9,"verde":2.2,"construido":97.8,"temp":46.6,"urbano":true,"classe":"critica","prioridade":82},"geometry":{"type":"Polygon","coordinates":[[[-42.77513,-5.08899],[-42.7741,-5.08729],[-42.77506,-5.08555],[-42.77706,-5.08551],[-42.77809,-5.08721],[-42.77713,-5.08895],[-42.77513,-5.08899]]]}},{"type":"Feature","id":1676148905,"properties":{"h3":"898005552b7ffff","bairro":"Res. Vinícius de Morais","copa":43.2,"verde":67.3,"construido":32.2,"temp":42.7,"urbano":true,"classe":"arborizada","prioridade":3},"geometry":{"type":"Polygon","coordinates":[[[-42.69426,-5.08891],[-42.69322,-5.08721],[-42.69419,-5.08547],[-42.69618,-5.08543],[-42.69722,-5.08713],[-42.69625,-5.08887],[-42.69426,-5.08891]]]}},{"type":"Feature","id":1421869225,"properties":{"h3":"8980055438fffff","bairro":"São João","copa":18.7,"verde":20.6,"construido":78.6,"temp":45.6,"urbano":true,"classe":"moderada","prioridade":43},"geometry":{"type":"Polygon","coordinates":[[[-42.76915,-5.08912],[-42.76811,-5.08741],[-42.76908,-5.08567],[-42.77107,-5.08563],[-42.77211,-5.08733],[-42.77114,-5.08907],[-42.76915,-5.08912]]]}},{"type":"Feature","id":1676411049,"properties":{"h3":"898005552bbffff","bairro":"Res. Encontro com Deus","copa":8.3,"verde":59.2,"construido":35.8,"temp":44.3,"urbano":true,"classe":"pouca","prioridade":40},"geometry":{"type":"Polygon","coordinates":[[[-42.68827,-5.08903],[-42.68724,-5.08733],[-42.6882,-5.08559],[-42.6902,-5.08555],[-42.69123,-5.08725],[-42.69026,-5.08899],[-42.68827,-5.08903]]]}},{"type":"Feature","id":1665401001,"properties":{"h3":"89800555213ffff","bairro":"Pq. Bumerangue","copa":59.2,"verde":84.4,"construido":14.3,"temp":42.9,"urbano":false,"classe":"arborizada","prioridade":0},"geometry":{"type":"Polygon","coordinates":[[[-42.68228,-5.08915],[-42.68125,-5.08745],[-42.68221,-5.08571],[-42.68421,-5.08567],[-42.68524,-5.08737],[-42.68428,-5.08911],[-42.68228,-5.08915]]]}},{"type":"Feature","id":1425539241,"properties":{"h3":"898005543c7ffff","bairro":"Recanto das Palmeiras","copa":23.4,"verde":31.5,"construido":68.3,"temp":46.4,"urbano":true,"classe":"moderada","prioridade":38},"geometry":{"type":"Polygon","coordinates":[[[-42.76316,-5.08924],[-42.76213,-5.08754],[-42.76309,-5.08579],[-42.76508,-5.08575],[-42.76612,-5.08745],[-42.76515,-5.0892],[-42.76316,-5.08924]]]}},{"type":"Feature","id":1425801385,"properties":{"h3":"898005543cbffff","bairro":"Livramento","copa":12.7,"verde":37.7,"construido":55.1,"temp":45.9,"urbano":true,"classe":"moderada","prioridade":56},"geometry":{"type":"Polygon","coordinates":[[[-42.75717,-5.08936],[-42.75614,-5.08766],[-42.7571,-5.08591],[-42.7591,-5.08587],[-42.76013,-5.08758],[-42.75917,-5.08932],[-42.75717,-5.08936]]]}},{"type":"Feature","id":1398014121,"properties":{"h3":"89800554223ffff","bairro":"Res. Anselmo Dias","copa":23.7,"verde":54.8,"construido":44.9,"temp":47.3,"urbano":true,"classe":"moderada","prioridade":38},"geometry":{"type":"Polygon","coordinates":[[[-42.75118,-5.08948],[-42.75015,-5.08778],[-42.75111,-5.08604],[-42.75311,-5.086],[-42.75414,-5.0877],[-42.75318,-5.08944],[-42.75118,-5.08948]]]}},{"type":"Feature","id":911999143,"properties":{"h3":"8980054252bffff","bairro":"Jardim das Palmeiras","copa":47.7,"verde":91.8,"construido":7.7,"temp":44.1,"urbano":false,"classe":"arborizada","prioridade":0},"geometry":{"type":"Polygon","coordinates":[[[-42.66431,-5.08951],[-42.66328,-5.08781],[-42.66425,-5.08607],[-42.66624,-5.08603],[-42.66727,-5.08773],[-42.66631,-5.08947],[-42.66431,-5.08951]]]}},{"type":"Feature","id":1403519145,"properties":{"h3":"89800554277ffff","bairro":"Lot. Planalto dos Algodões","copa":86.7,"verde":89.1,"construido":10.9,"temp":39.0,"urbano":false,"classe":"arborizada","prioridade":0},"geometry":{"type":"Polygon","coordinates":[[[-42.74519,-5.0896],[-42.74416,-5.0879],[-42.74512,-5.08616],[-42.74712,-5.08612],[-42.74815,-5.08782],[-42.74719,-5.08956],[-42.74519,-5.0896]]]}},{"type":"Feature","id":2088763561,"properties":{"h3":"89800556b4fffff","bairro":"Matinha","copa":9.2,"verde":9.2,"construido":90.8,"temp":44.6,"urbano":true,"classe":"pouca","prioridade":56},"geometry":{"type":"Polygon","coordinates":[[[-42.82008,-5.0898],[-42.81905,-5.0881],[-42.82001,-5.08636],[-42.82201,-5.08632],[-42.82304,-5.08802],[-42.82208,-5.08976],[-42.82008,-5.0898]]]}},{"type":"Feature","id":1403781289,"properties":{"h3":"8980055427bffff","bairro":"Vila da Lage","copa":7.6,"verde":29.3,"construido":67.9,"temp":45.1,"urbano":true,"classe":"pouca","prioridade":62},"geometry":{"type":"Polygon","coordinates":[[[-42.73921,-5.08972],[-42.73817,-5.08802],[-42.73914,-5.08628],[-42.74113,-5.08624],[-42.74216,-5.08794],[-42.7412,-5.08968],[-42.73921,-5.08972]]]}},{"type":"Feature","id":1659109545,"properties":{"h3":"898005551b3ffff","bairro":"Conj. Frei Damião","copa":27.8,"verde":29.4,"construido":70.6,"temp":45.1,"urbano":true,"classe":"arborizada","prioridade":22},"geometry":{"type":"Polygon","coordinates":[[[-42.73322,-5.08984],[-42.73218,-5.08814],[-42.73315,-5.0864],[-42.73514,-5.08636],[-42.73618,-5.08806],[-42.73521,-5.0898],[-42.73322,-5.08984]]]}},{"type":"Feature","id":1572339881,"properties":{"h3":"89800554c87ffff","bairro":"Centro","copa":1.1,"verde":1.1,"construido":98.9,"temp":44.6,"urbano":true,"classe":"critica","prioridade":72},"geometry":{"type":"Polygon","coordinates":[[[-42.81409,-5.08992],[-42.81306,-5.08822],[-42.81402,-5.08648],[-42.81602,-5.08644],[-42.81705,-5.08814],[-42.81609,-5.08988],[-42.81409,-5.08992]]]}},{"type":"Feature","id":1656750249,"properties":{"h3":"8980055518fffff","bairro":"Vila Ananias Carvalho","copa":50.7,"verde":69.6,"construido":9.1,"temp":41.7,"urbano":false,"classe":"arborizada","prioridade":0},"geometry":{"type":"Polygon","coordinates":[[[-42.72723,-5.08997],[-42.7262,-5.08826],[-42.72716,-5.08652],[-42.72915,-5.08648],[-42.73019,-5.08818],[-42.72922,-5.08993],[-42.72723,-5.08997]]]}},{"type":"Feature","id":1572602025,"properties":{"h3":"89800554c8bffff","bairro":"Centro","copa":2.2,"verde":2.5,"construido":97.5,"temp":46.6,"urbano":true,"classe":"critica","prioridade":82},"geometry":{"type":"Polygon","coordinates":[[[-42.8081,-5.09004],[-42.80707,-5.08834],[-42.80803,-5.0866],[-42.81003,-5.08656],[-42.81106,-5.08826],[-42.8101,-5.09],[-42.8081,-5.09004]]]}},{"type":"Feature","id":1576272041,"properties":{"h3":"89800554cc3ffff","bairro":"Frei Serafim","copa":3.5,"verde":5.1,"construido":94.3,"temp":44.0,"urbano":true,"classe":"critica","prioridade":64},"geometry":{"type":"Polygon","coordinates":[[[-42.80212,-5.09017],[-42.80108,-5.08847],[-42.80205,-5.08672],[-42.80404,-5.08668],[-42.80508,-5.08838],[-42.80411,-5.09013],[-42.80212,-5.09017]]]}},{"type":"Feature","id":1660420265,"properties":{"h3":"898005551c7ffff","bairro":"Todos os Santos","copa":59.2,"verde":92.0,"construido":6.9,"temp":40.9,"urbano":false,"classe":"arborizada","prioridade":0},"geometry":{"type":"Polygon","coordinates":[[[-42.72124,-5.09009],[-42.72021,-5.08839],[-42.72117,-5.08664],[-42.72317,-5.0866],[-42.7242,-5.0883],[-42.72324,-5.09005],[-42.72124,-5.09009]]]}},{"type":"Feature","id":1382547625,"properties":{"h3":"89800554137ffff","bairro":"Frei Serafim","copa":6.4,"verde":14.1,"construido":85.9,"temp":45.2,"urbano":true,"classe":"pouca","prioridade":65},"geometry":{"type":"Polygon","coordinates":[[[-42.79613,-5.09029],[-42.7951,-5.08859],[-42.79606,-5.08685],[-42.79805,-5.0868],[-42.79909,-5.08851],[-42.79812,-5.09025],[-42.79613,-5.09029]]]}},{"type":"Feature","id":1382809769,"properties":{"h3":"8980055413bffff","bairro":"Ilhotas","copa":40.1,"verde":56.0,"construido":44.0,"temp":39.3,"urbano":true,"classe":"arborizada","prioridade":0},"geometry":{"type":"Polygon","coordinates":[[[-42.79014,-5.09041],[-42.78911,-5.08871],[-42.79007,-5.08697],[-42.79207,-5.08693],[-42.7931,-5.08863],[-42.79214,-5.09037],[-42.79014,-5.09041]]]}},{"type":"Feature","id":1384120489,"properties":{"h3":"8980055414fffff","bairro":"Vila Mandacaru","copa":42.8,"verde":61.8,"construido":37.7,"temp":42.6,"urbano":true,"classe":"arborizada","prioridade":3},"geometry":{"type":"Polygon","coordinates":[[[-42.77816,-5.09065],[-42.77713,-5.08895],[-42.77809,-5.08721],[-42.78009,-5.08717],[-42.78112,-5.08887],[-42.78016,-5.09061],[-42.77816,-5.09065]]]}},{"type":"Feature","id":1421344937,"properties":{"h3":"89800554387ffff","bairro":"São João","copa":5.1,"verde":5.9,"construido":94.1,"temp":47.3,"urbano":true,"classe":"pouca","prioridade":80},"geometry":{"type":"Polygon","coordinates":[[[-42.77218,-5.09078],[-42.77114,-5.08907],[-42.77211,-5.08733],[-42.7741,-5.08729],[-42.77513,-5.08899],[-42.77417,-5.09074],[-42.77218,-5.09078]]]}},{"type":"Feature","id":1673527465,"properties":{"h3":"8980055528fffff","bairro":"Pq. Bumerangue","copa":71.5,"verde":86.1,"construido":12.0,"temp":39.5,"urbano":false,"classe":"arborizada","prioridade":0},"geometry":{"type":"Polygon","coordinates":[[[-42.68531,-5.09081],[-42.68428,-5.08911],[-42.68524,-5.08737],[-42.68724,-5.08733],[-42.68827,-5.08903],[-42.68731,-5.09077],[-42.68531,-5.09081]]]}},{"type":"Feature","id":1425277097,"properties":{"h3":"898005543c3ffff","bairro":"Livramento","copa":1.6,"verde":5.8,"construido":92.9,"temp":47.6,"urbano":true,"classe":"critica","prioridade":88},"geometry":{"type":"Polygon","coordinates":[[[-42.7602,-5.09102],[-42.75917,-5.08932],[-42.76013,-5.08758],[-42.76213,-5.08754],[-42.76316,-5.08924],[-42.7622,-5.09098],[-42.7602,-5.09102]]]}},{"type":"Feature","id":1677197481,"properties":{"h3":"898005552c7ffff","bairro":"Pq. Bom Futuro","copa":62.7,"verde":85.6,"construido":14.4,"temp":44.4,"urbano":false,"classe":"arborizada","prioridade":0},"geometry":{"type":"Polygon","coordinates":[[[-42.67932,-5.09093],[-42.67829,-5.08923],[-42.67925,-5.08749],[-42.68125,-5.08745],[-42.68228,-5.08915],[-42.68132,-5.09089],[-42.67932,-5.09093]]]}},{"type":"Feature","id":1399324841,"properties":{"h3":"89800554237ffff","bairro":"Livramento","copa":10.1,"verde":35.1,"construido":55.3,"temp":44.6,"urbano":true,"classe":"pouca","prioridade":54},"geometry":{"type":"Polygon","coordinates":[[[-42.75421,-5.09114],[-42.75318,-5.08944],[-42.75414,-5.0877],[-42.75614,-5.08766],[-42.75717,-5.08936],[-42.75621,-5.0911],[-42.75421,-5.09114]]]}},{"type":"Feature","id":1677459625,"properties":{"h3":"898005552cbffff","bairro":"Jardim das Palmeiras","copa":59.5,"verde":94.6,"construido":5.4,"temp":42.3,"urbano":false,"classe":"arborizada","prioridade":0},"geometry":{"type":"Polygon","coordinates":[[[-42.67333,-5.09105],[-42.6723,-5.08935],[-42.67326,-5.08761],[-42.67526,-5.08757],[-42.67629,-5.08927],[-42.67533,-5.09101],[-42.67333,-5.09105]]]}},{"type":"Feature","id":911474855,"properties":{"h3":"89800542523ffff","bairro":"Jardim das Palmeiras","copa":35.2,"verde":80.2,"construido":18.2,"temp":44.0,"urbano":false,"classe":"arborizada","prioridade":0},"geometry":{"type":"Polygon","coordinates":[[[-42.66734,-5.09118],[-42.66631,-5.08947],[-42.66727,-5.08773],[-42.66927,-5.08769],[-42.6703,-5.08939],[-42.66934,-5.09114],[-42.66734,-5.09118]]]}},{"type":"Feature","id":1399586985,"properties":{"h3":"8980055423bffff","bairro":"Lot. Planalto dos Algodões","copa":71.0,"verde":84.6,"construido":14.9,"temp":38.5,"urbano":false,"classe":"arborizada","prioridade":0},"geometry":{"type":"Polygon","coordinates":[[[-42.74822,-5.09126],[-42.74719,-5.08956],[-42.74815,-5.08782],[-42.75015,-5.08778],[-42.75118,-5.08948],[-42.75022,-5.09122],[-42.74822,-5.09126]]]}},{"type":"Feature","id":916979879,"properties":{"h3":"89800542577ffff","bairro":"Jardim das Palmeiras","copa":63.5,"verde":95.7,"construido":4.0,"temp":40.2,"urbano":false,"classe":"arborizada","prioridade":0},"geometry":{"type":"Polygon","coordinates":[[[-42.66136,-5.0913],[-42.66032,-5.08959],[-42.66129,-5.08785],[-42.66328,-5.08781],[-42.66431,-5.08951],[-42.66335,-5.09126],[-42.66136,-5.0913]]]}},{"type":"Feature","id":1403257001,"properties":{"h3":"89800554273ffff","bairro":"Vila da Lage","copa":41.8,"verde":63.9,"construido":31.7,"temp":42.6,"urbano":true,"classe":"arborizada","prioridade":2},"geometry":{"type":"Polygon","coordinates":[[[-42.74223,-5.09138],[-42.7412,-5.08968],[-42.74216,-5.08794],[-42.74416,-5.0879],[-42.74519,-5.0896],[-42.74423,-5.09134],[-42.74223,-5.09138]]]}},{"type":"Feature","id":1400897705,"properties":{"h3":"8980055424fffff","bairro":"Conj. Frei Damião","copa":0.5,"verde":0.5,"construido":99.5,"temp":47.1,"urbano":true,"classe":"critica","prioridade":88},"geometry":{"type":"Polygon","coordinates":[[[-42.73625,-5.09151],[-42.73521,-5.0898],[-42.73618,-5.08806],[-42.73817,-5.08802],[-42.73921,-5.08972],[-42.73824,-5.09146],[-42.73625,-5.09151]]]}},{"type":"Feature","id":2088501417,"properties":{"h3":"89800556b4bffff","bairro":"Centro","copa":23.0,"verde":24.1,"construido":75.9,"temp":42.5,"urbano":true,"classe":"moderada","prioridade":17},"geometry":{"type":"Polygon","coordinates":[[[-42.81712,-5.09158],[-42.81609,-5.08988],[-42.81705,-5.08814],[-42.81905,-5.0881],[-42.82008,-5.0898],[-42.81912,-5.09154],[-42.81712,-5.09158]]]}},{"type":"Feature","id":1656225961,"properties":{"h3":"89800555187ffff","bairro":"Vila Urbano Eulálio","copa":38.0,"verde":44.4,"construido":55.6,"temp":47.4,"urbano":true,"classe":"arborizada","prioridade":30},"geometry":{"type":"Polygon","coordinates":[[[-42.73026,-5.09163],[-42.72922,-5.08993],[-42.73019,-5.08818],[-42.73218,-5.08814],[-42.73322,-5.08984],[-42.73225,-5.09159],[-42.73026,-5.09163]]]}},{"type":"Feature","id":1572077737,"properties":{"h3":"89800554c83ffff","bairro":"Centro","copa":6.9,"verde":7.4,"construido":92.0,"temp":45.1,"urbano":true,"classe":"pouca","prioridade":64},"geometry":{"type":"Polygon","coordinates":[[[-42.81113,-5.09171],[-42.8101,-5.09],[-42.81106,-5.08826],[-42.81306,-5.08822],[-42.81409,-5.08992],[-42.81313,-5.09167],[-42.81113,-5.09171]]]}},{"type":"Feature","id":1577582761,"properties":{"h3":"89800554cd7ffff","bairro":"Centro","copa":0.0,"verde":0.0,"construido":100.0,"temp":45.3,"urbano":true,"classe":"critica","prioridade":78},"geometry":{"type":"Polygon","coordinates":[[[-42.80515,-5.09183],[-42.80411,-5.09013],[-42.80508,-5.08838],[-42.80707,-5.08834],[-42.8081,-5.09004],[-42.80714,-5.09179],[-42.80515,-5.09183]]]}},{"type":"Feature","id":1577844905,"properties":{"h3":"89800554cdbffff","bairro":"Piçarra","copa":4.3,"verde":6.4,"construido":93.4,"temp":47.2,"urbano":true,"classe":"critica","prioridade":81},"geometry":{"type":"Polygon","coordinates":[[[-42.79916,-5.09195],[-42.79812,-5.09025],[-42.79909,-5.08851],[-42.80108,-5.08847],[-42.80212,-5.09017],[-42.80115,-5.09191],[-42.79916,-5.09195]]]}},{"type":"Feature","id":1382285481,"properties":{"h3":"89800554133ffff","bairro":"Ilhotas","copa":7.0,"verde":8.9,"construido":91.1,"temp":45.9,"urbano":true,"classe":"pouca","prioridade":68},"geometry":{"type":"Polygon","coordinates":[[[-42.79317,-5.09207],[-42.79214,-5.09037],[-42.7931,-5.08863],[-42.7951,-5.08859],[-42.79613,-5.09029],[-42.79517,-5.09203],[-42.79317,-5.09207]]]}},{"type":"Feature","id":1379926185,"properties":{"h3":"8980055410fffff","bairro":"Conj. Murilo Resende","copa":23.6,"verde":53.9,"construido":43.0,"temp":47.4,"urbano":true,"classe":"moderada","prioridade":37},"geometry":{"type":"Polygon","coordinates":[[[-42.78718,-5.09219],[-42.78615,-5.09049],[-42.78711,-5.08875],[-42.78911,-5.08871],[-42.79014,-5.09041],[-42.78918,-5.09215],[-42.78718,-5.09219]]]}},{"type":"Feature","id":1383858345,"properties":{"h3":"8980055414bffff","bairro":"Vila Mandacaru","copa":9.1,"verde":28.0,"construido":70.1,"temp":44.8,"urbano":true,"classe":"pouca","prioridade":58},"geometry":{"type":"Polygon","coordinates":[[[-42.7752,-5.09244],[-42.77417,-5.09074],[-42.77513,-5.08899],[-42.77713,-5.08895],[-42.77816,-5.09065],[-42.7772,-5.0924],[-42.7752,-5.09244]]]}},{"type":"Feature","id":1421082793,"properties":{"h3":"89800554383ffff","bairro":"São João","copa":59.1,"verde":83.2,"construido":16.8,"temp":37.5,"urbano":false,"classe":"arborizada","prioridade":0},"geometry":{"type":"Polygon","coordinates":[[[-42.76922,-5.09256],[-42.76818,-5.09086],[-42.76915,-5.08912],[-42.77114,-5.08907],[-42.77218,-5.09078],[-42.77121,-5.09252],[-42.76922,-5.09256]]]}},{"type":"Feature","id":1426587817,"properties":{"h3":"898005543d7ffff","bairro":"Vila Eldorado","copa":6.8,"verde":34.8,"construido":61.7,"temp":45.6,"urbano":true,"classe":"pouca","prioridade":66},"geometry":{"type":"Polygon","coordinates":[[[-42.76323,-5.09268],[-42.7622,-5.09098],[-42.76316,-5.08924],[-42.76515,-5.0892],[-42.76619,-5.0909],[-42.76522,-5.09264],[-42.76323,-5.09268]]]}},{"type":"Feature","id":1426849961,"properties":{"h3":"898005543dbffff","bairro":"Livramento","copa":2.1,"verde":7.2,"construido":88.8,"temp":46.0,"urbano":true,"classe":"critica","prioridade":78},"geometry":{"type":"Polygon","coordinates":[[[-42.75724,-5.0928],[-42.75621,-5.0911],[-42.75717,-5.08936],[-42.75917,-5.08932],[-42.7602,-5.09102],[-42.75924,-5.09276],[-42.75724,-5.0928]]]}},{"type":"Feature","id":1676935337,"properties":{"h3":"898005552c3ffff","bairro":"Jardim das Palmeiras","copa":19.7,"verde":40.5,"construido":59.5,"temp":44.6,"urbano":true,"classe":"moderada","prioridade":35},"geometry":{"type":"Polygon","coordinates":[[[-42.67636,-5.09272],[-42.67533,-5.09101],[-42.67629,-5.08927],[-42.67829,-5.08923],[-42.67932,-5.09093],[-42.67836,-5.09268],[-42.67636,-5.09272]]]}},{"type":"Feature","id":912785575,"properties":{"h3":"89800542537ffff","bairro":"Jardim das Palmeiras","copa":74.5,"verde":92.1,"construido":7.9,"temp":42.9,"urbano":false,"classe":"arborizada","prioridade":0},"geometry":{"type":"Polygon","coordinates":[[[-42.67037,-5.09284],[-42.66934,-5.09114],[-42.6703,-5.08939],[-42.6723,-5.08935],[-42.67333,-5.09105],[-42.67237,-5.0928],[-42.67037,-5.09284]]]}},{"type":"Feature","id":1399062697,"properties":{"h3":"89800554233ffff","bairro":"Res. Anselmo Dias","copa":8.3,"verde":33.3,"construido":60.5,"temp":45.1,"urbano":true,"classe":"pouca","prioridade":61},"geometry":{"type":"Polygon","coordinates":[[[-42.75125,-5.09292],[-42.75022,-5.09122],[-42.75118,-5.08948],[-42.75318,-5.08944],[-42.75421,-5.09114],[-42.75325,-5.09288],[-42.75125,-5.09292]]]}},{"type":"Feature","id":1400373417,"properties":{"h3":"89800554247ffff","bairro":"Res. Sol Nascente","copa":3.2,"verde":3.2,"construido":96.8,"temp":46.0,"urbano":true,"classe":"critica","prioridade":76},"geometry":{"type":"Polygon","coordinates":[[[-42.73928,-5.09317],[-42.73824,-5.09146],[-42.73921,-5.08972],[-42.7412,-5.08968],[-42.74223,-5.09138],[-42.74127,-5.09313],[-42.73928,-5.09317]]]}},{"type":"Feature","id":1400635561,"properties":{"h3":"8980055424bffff","bairro":"Conj. Frei Damião","copa":1.3,"verde":9.6,"construido":84.8,"temp":46.3,"urbano":true,"classe":"critica","prioridade":82},"geometry":{"type":"Polygon","coordinates":[[[-42.73329,-5.09329],[-42.73225,-5.09159],[-42.73322,-5.08984],[-42.73521,-5.0898],[-42.73625,-5.09151],[-42.73528,-5.09325],[-42.73329,-5.09329]]]}},{"type":"Feature","id":1573388457,"properties":{"h3":"89800554c97ffff","bairro":"Centro","copa":1.4,"verde":1.4,"construido":98.6,"temp":45.3,"urbano":true,"classe":"critica","prioridade":76},"geometry":{"type":"Polygon","coordinates":[[[-42.81416,-5.09337],[-42.81313,-5.09167],[-42.81409,-5.08992],[-42.81609,-5.08988],[-42.81712,-5.09158],[-42.81616,-5.09333],[-42.81416,-5.09337]]]}},{"type":"Feature","id":1573650601,"properties":{"h3":"89800554c9bffff","bairro":"Centro","copa":0.5,"verde":0.5,"construido":99.5,"temp":45.9,"urbano":true,"classe":"critica","prioridade":81},"geometry":{"type":"Polygon","coordinates":[[[-42.80818,-5.09349],[-42.80714,-5.09179],[-42.8081,-5.09004],[-42.8101,-5.09],[-42.81113,-5.09171],[-42.81017,-5.09345],[-42.80818,-5.09349]]]}},{"type":"Feature","id":1655963817,"properties":{"h3":"89800555183ffff","bairro":"Vila Urbano Eulálio","copa":54.5,"verde":78.3,"construido":21.4,"temp":45.2,"urbano":false,"classe":"arborizada","prioridade":0},"geometry":{"type":"Polygon","coordinates":[[[-42.7273,-5.09341],[-42.72627,-5.09171],[-42.72723,-5.08997],[-42.72922,-5.08993],[-42.73026,-5.09163],[-42.72929,-5.09337],[-42.7273,-5.09341]]]}},{"type":"Feature","id":1577320617,"properties":{"h3":"89800554cd3ffff","bairro":"Piçarra","copa":0.3,"verde":0.3,"construido":99.7,"temp":46.0,"urbano":true,"classe":"critica","prioridade":82},"geometry":{"type":"Polygon","coordinates":[[[-42.80219,-5.09361],[-42.80115,-5.09191],[-42.80212,-5.09017],[-42.80411,-5.09013],[-42.80515,-5.09183],[-42.80418,-5.09357],[-42.80219,-5.09361]]]}},{"type":"Feature","id":1661468841,"properties":{"h3":"898005551d7ffff","bairro":"Todos os Santos","copa":68.7,"verde":90.9,"construido":9.1,"temp":41.1,"urbano":false,"classe":"arborizada","prioridade":0},"geometry":{"type":"Polygon","coordinates":[[[-42.72131,-5.09353],[-42.72028,-5.09183],[-42.72124,-5.09009],[-42.72324,-5.09005],[-42.72427,-5.09175],[-42.72331,-5.09349],[-42.72131,-5.09353]]]}},{"type":"Feature","id":1390411945,"properties":{"h3":"898005541afffff","bairro":"Piçarra","copa":0.8,"verde":7.3,"construido":90.6,"temp":46.9,"urbano":true,"classe":"critica","prioridade":86},"geometry":{"type":"Polygon","coordinates":[[[-42.7962,-5.09373],[-42.79517,-5.09203],[-42.79613,-5.09029],[-42.79812,-5.09025],[-42.79916,-5.09195],[-42.79819,-5.09369],[-42.7962,-5.09373]]]}},{"type":"Feature","id":1379401897,"properties":{"h3":"89800554107ffff","bairro":"Ilhotas","copa":6.6,"verde":21.6,"construido":78.1,"temp":46.1,"urbano":true,"classe":"pouca","prioridade":70},"geometry":{"type":"Polygon","coordinates":[[[-42.79021,-5.09385],[-42.78918,-5.09215],[-42.79014,-5.09041],[-42.79214,-5.09037],[-42.79317,-5.09207],[-42.79221,-5.09381],[-42.79021,-5.09385]]]}},{"type":"Feature","id":1633943721,"properties":{"h3":"89800555033ffff","bairro":"Vila Nova Esperança","copa":79.1,"verde":91.7,"construido":7.8,"temp":39.9,"urbano":false,"classe":"arborizada","prioridade":0},"geometry":{"type":"Polygon","coordinates":[[[-42.70933,-5.09377],[-42.7083,-5.09207],[-42.70926,-5.09033],[-42.71126,-5.09029],[-42.71229,-5.09199],[-42.71133,-5.09373],[-42.70933,-5.09377]]]}},{"type":"Feature","id":1379664041,"properties":{"h3":"8980055410bffff","bairro":"Vila Ferroviária","copa":30.1,"verde":51.5,"construido":45.6,"temp":45.2,"urbano":true,"classe":"arborizada","prioridade":16},"geometry":{"type":"Polygon","coordinates":[[[-42.78422,-5.09398],[-42.78319,-5.09227],[-42.78415,-5.09053],[-42.78615,-5.09049],[-42.78718,-5.09219],[-42.78622,-5.09394],[-42.78422,-5.09398]]]}},{"type":"Feature","id":1383334057,"properties":{"h3":"89800554143ffff","bairro":"Vila Mandacaru","copa":59.7,"verde":93.9,"construido":5.2,"temp":39.2,"urbano":false,"classe":"arborizada","prioridade":0},"geometry":{"type":"Polygon","coordinates":[[[-42.77823,-5.0941],[-42.7772,-5.0924],[-42.77816,-5.09065],[-42.78016,-5.09061],[-42.78119,-5.09232],[-42.78023,-5.09406],[-42.77823,-5.0941]]]}},{"type":"Feature","id":1422655657,"properties":{"h3":"8980055439bffff","bairro":"Vila Eldorado","copa":40.1,"verde":45.0,"construido":55.0,"temp":43.7,"urbano":true,"classe":"arborizada","prioridade":9},"geometry":{"type":"Polygon","coordinates":[[[-42.76626,-5.09434],[-42.76522,-5.09264],[-42.76619,-5.0909],[-42.76818,-5.09086],[-42.76922,-5.09256],[-42.76825,-5.0943],[-42.76626,-5.09434]]]}},{"type":"Feature","id":1426325673,"properties":{"h3":"898005543d3ffff","bairro":"Vila São Raimundo","copa":24.0,"verde":61.3,"construido":23.7,"temp":49.3,"urbano":false,"classe":"moderada","prioridade":0},"geometry":{"type":"Polygon","coordinates":[[[-42.76027,-5.09446],[-42.75924,-5.09276],[-42.7602,-5.09102],[-42.7622,-5.09098],[-42.76323,-5.09268],[-42.76227,-5.09442],[-42.76027,-5.09446]]]}},{"type":"Feature","id":1407189161,"properties":{"h3":"898005542afffff","bairro":"Conj. Boa Esperança","copa":1.3,"verde":9.6,"construido":85.6,"temp":48.6,"urbano":true,"classe":"critica","prioridade":94},"geometry":{"type":"Polygon","coordinates":[[[-42.75428,-5.09458],[-42.75325,-5.09288],[-42.75421,-5.09114],[-42.75621,-5.0911],[-42.75724,-5.0928],[-42.75628,-5.09454],[-42.75428,-5.09458]]]}},{"type":"Feature","id":1396179113,"properties":{"h3":"89800554207ffff","bairro":"Res. Dom Helder Câmara","copa":38.8,"verde":45.2,"construido":54.8,"temp":46.0,"urbano":true,"classe":"arborizada","prioridade":23},"geometry":{"type":"Polygon","coordinates":[[[-42.74829,-5.09471],[-42.74726,-5.093],[-42.74822,-5.09126],[-42.75022,-5.09122],[-42.75125,-5.09292],[-42.75029,-5.09467],[-42.74829,-5.09471]]]}},{"type":"Feature","id":1396441257,"properties":{"h3":"8980055420bffff","bairro":"Parque do Sol","copa":2.7,"verde":8.9,"construido":87.9,"temp":46.7,"urbano":true,"classe":"critica","prioridade":81},"geometry":{"type":"Polygon","coordinates":[[[-42.7423,-5.09483],[-42.74127,-5.09313],[-42.74223,-5.09138],[-42.74423,-5.09134],[-42.74526,-5.09305],[-42.7443,-5.09479],[-42.7423,-5.09483]]]}},{"type":"Feature","id":1400111273,"properties":{"h3":"89800554243ffff","bairro":"Res. Sol Nascente","copa":9.6,"verde":15.2,"construido":84.8,"temp":46.1,"urbano":true,"classe":"pouca","prioridade":64},"geometry":{"type":"Polygon","coordinates":[[[-42.73632,-5.09495],[-42.73528,-5.09325],[-42.73625,-5.09151],[-42.73824,-5.09146],[-42.73928,-5.09317],[-42.73831,-5.09491],[-42.73632,-5.09495]]]}},{"type":"Feature","id":2089549993,"properties":{"h3":"89800556b5bffff","bairro":"Centro","copa":4.4,"verde":5.3,"construido":93.8,"temp":42.8,"urbano":true,"classe":"critica","prioridade":55},"geometry":{"type":"Polygon","coordinates":[[[-42.81719,-5.09503],[-42.81616,-5.09333],[-42.81712,-5.09158],[-42.81912,-5.09154],[-42.82015,-5.09324],[-42.81919,-5.09499],[-42.81719,-5.09503]]]}},{"type":"Feature","id":1573126313,"properties":{"h3":"89800554c93ffff","bairro":"Centro","copa":9.6,"verde":10.9,"construido":89.1,"temp":45.8,"urbano":true,"classe":"pouca","prioridade":62},"geometry":{"type":"Polygon","coordinates":[[[-42.8112,-5.09515],[-42.81017,-5.09345],[-42.81113,-5.09171],[-42.81313,-5.09167],[-42.81416,-5.09337],[-42.8132,-5.09511],[-42.8112,-5.09515]]]}},{"type":"Feature","id":1657274537,"properties":{"h3":"89800555197ffff","bairro":"Vila Urbano Eulálio","copa":11.8,"verde":19.1,"construido":80.9,"temp":45.5,"urbano":true,"classe":"pouca","prioridade":56},"geometry":{"type":"Polygon","coordinates":[[[-42.73033,-5.09507],[-42.72929,-5.09337],[-42.73026,-5.09163],[-42.73225,-5.09159],[-42.73329,-5.09329],[-42.73232,-5.09503],[-42.73033,-5.09507]]]}},{"type":"Feature","id":2074083497,"properties":{"h3":"89800556a6fffff","bairro":"Nossa Senhora das Graças","copa":0.0,"verde":0.3,"construido":99.7,"temp":47.0,"urbano":true,"classe":"critica","prioridade":88},"geometry":{"type":"Polygon","coordinates":[[[-42.80522,-5.09527],[-42.80418,-5.09357],[-42.80515,-5.09183],[-42.80714,-5.09179],[-42.80818,-5.09349],[-42.80721,-5.09523],[-42.80522,-5.09527]]]}},{"type":"Feature","id":1661206697,"properties":{"h3":"898005551d3ffff","bairro":"Vila Todos Os Santos","copa":35.4,"verde":75.5,"construido":24.5,"temp":44.1,"urbano":false,"classe":"arborizada","prioridade":0},"geometry":{"type":"Polygon","coordinates":[[[-42.71835,-5.09531],[-42.71732,-5.09361],[-42.71828,-5.09187],[-42.72028,-5.09183],[-42.72131,-5.09353],[-42.72035,-5.09527],[-42.71835,-5.09531]]]}},{"type":"Feature","id":1389887657,"properties":{"h3":"898005541a7ffff","bairro":"Piçarra","copa":0.5,"verde":1.9,"construido":97.8,"temp":46.0,"urbano":true,"classe":"critica","prioridade":81},"geometry":{"type":"Polygon","coordinates":[[[-42.79923,-5.09539],[-42.79819,-5.09369],[-42.79916,-5.09195],[-42.80115,-5.09191],[-42.80219,-5.09361],[-42.80122,-5.09535],[-42.79923,-5.09539]]]}},{"type":"Feature","id":1390149801,"properties":{"h3":"898005541abffff","bairro":"Ilhotas","copa":3.6,"verde":5.5,"construido":94.5,"temp":47.1,"urbano":true,"classe":"critica","prioridade":82},"geometry":{"type":"Polygon","coordinates":[[[-42.79324,-5.09552],[-42.79221,-5.09381],[-42.79317,-5.09207],[-42.79517,-5.09203],[-42.7962,-5.09373],[-42.79524,-5.09547],[-42.79324,-5.09552]]]}},{"type":"Feature","id":1642070185,"properties":{"h3":"898005550afffff","bairro":"Vila Nova Esperança","copa":88.8,"verde":94.9,"construido":5.1,"temp":38.1,"urbano":false,"classe":"arborizada","prioridade":0},"geometry":{"type":"Polygon","coordinates":[[[-42.71236,-5.09543],[-42.71133,-5.09373],[-42.71229,-5.09199],[-42.71429,-5.09195],[-42.71532,-5.09365],[-42.71436,-5.09539],[-42.71236,-5.09543]]]}},{"type":"Feature","id":1379139753,"properties":{"h3":"89800554103ffff","bairro":"Conj. Murilo Resende","copa":3.7,"verde":5.6,"construido":94.1,"temp":46.5,"urbano":true,"classe":"critica","prioridade":78},"geometry":{"type":"Polygon","coordinates":[[[-42.78725,-5.09564],[-42.78622,-5.09394],[-42.78718,-5.09219],[-42.78918,-5.09215],[-42.79021,-5.09385],[-42.78925,-5.0956],[-42.78725,-5.09564]]]}},{"type":"Feature","id":1384644777,"properties":{"h3":"89800554157ffff","bairro":"Vila Ferroviária","copa":18.0,"verde":36.6,"construido":63.4,"temp":45.4,"urbano":true,"classe":"moderada","prioridade":43},"geometry":{"type":"Polygon","coordinates":[[[-42.78126,-5.09576],[-42.78023,-5.09406],[-42.78119,-5.09232],[-42.78319,-5.09227],[-42.78422,-5.09398],[-42.78326,-5.09572],[-42.78126,-5.09576]]]}},{"type":"Feature","id":1384906921,"properties":{"h3":"8980055415bffff","bairro":"Vila Mandacaru","copa":34.9,"verde":43.7,"construido":54.9,"temp":44.7,"urbano":true,"classe":"arborizada","prioridade":15},"geometry":{"type":"Polygon","coordinates":[[[-42.77527,-5.09588],[-42.77424,-5.09418],[-42.7752,-5.09244],[-42.7772,-5.0924],[-42.77823,-5.0941],[-42.77727,-5.09584],[-42.77527,-5.09588]]]}},{"type":"Feature","id":1422131369,"properties":{"h3":"89800554393ffff","bairro":"Vila do Descanso","copa":69.2,"verde":81.6,"construido":18.4,"temp":42.7,"urbano":false,"classe":"arborizada","prioridade":0},"geometry":{"type":"Polygon","coordinates":[[[-42.76929,-5.096],[-42.76825,-5.0943],[-42.76922,-5.09256],[-42.77121,-5.09252],[-42.77225,-5.09422],[-42.77128,-5.09596],[-42.76929,-5.096]]]}},{"type":"Feature","id":1369440425,"properties":{"h3":"8980055406fffff","bairro":"Vila São Raimundo","copa":15.4,"verde":53.8,"construido":43.2,"temp":47.1,"urbano":true,"classe":"moderada","prioridade":50},"geometry":{"type":"Polygon","coordinates":[[[-42.7633,-5.09612],[-42.76227,-5.09442],[-42.76323,-5.09268],[-42.76522,-5.09264],[-42.76626,-5.09434],[-42.76529,-5.09608],[-42.7633,-5.09612]]]}},{"type":"Feature","id":1406664873,"properties":{"h3":"898005542a7ffff","bairro":"Conj. Boa Esperança","copa":6.9,"verde":26.1,"construido":66.4,"temp":47.6,"urbano":true,"classe":"pouca","prioridade":78},"geometry":{"type":"Polygon","coordinates":[[[-42.75731,-5.09625],[-42.75628,-5.09454],[-42.75724,-5.0928],[-42.75924,-5.09276],[-42.76027,-5.09446],[-42.75931,-5.09621],[-42.75731,-5.09625]]]}},{"type":"Feature","id":1406927017,"properties":{"h3":"898005542abffff","bairro":"Conj. Boa Esperança","copa":5.5,"verde":6.3,"construido":93.7,"temp":45.5,"urbano":true,"classe":"pouca","prioridade":69},"geometry":{"type":"Polygon","coordinates":[[[-42.75132,-5.09637],[-42.75029,-5.09467],[-42.75125,-5.09292],[-42.75325,-5.09288],[-42.75428,-5.09458],[-42.75332,-5.09633],[-42.75132,-5.09637]]]}},{"type":"Feature","id":1395916969,"properties":{"h3":"89800554203ffff","bairro":"Vila Santa Clara","copa":9.9,"verde":20.1,"construido":77.5,"temp":46.3,"urbano":true,"classe":"pouca","prioridade":65},"geometry":{"type":"Polygon","coordinates":[[[-42.74533,-5.09649],[-42.7443,-5.09479],[-42.74526,-5.09305],[-42.74726,-5.093],[-42.74829,-5.09471],[-42.74733,-5.09645],[-42.74533,-5.09649]]]}},{"type":"Feature","id":1401421993,"properties":{"h3":"89800554257ffff","bairro":"Res. Sol Nascente","copa":0.3,"verde":0.5,"construido":99.5,"temp":47.0,"urbano":true,"classe":"critica","prioridade":88},"geometry":{"type":"Polygon","coordinates":[[[-42.73934,-5.09661],[-42.73831,-5.09491],[-42.73928,-5.09317],[-42.74127,-5.09313],[-42.7423,-5.09483],[-42.74134,-5.09657],[-42.73934,-5.09661]]]}},{"type":"Feature","id":2069889193,"properties":{"h3":"89800556a2fffff","bairro":"Centro","copa":10.1,"verde":10.4,"construido":89.3,"temp":46.2,"urbano":true,"classe":"pouca","prioridade":63},"geometry":{"type":"Polygon","coordinates":[[[-42.81423,-5.09681],[-42.8132,-5.09511],[-42.81416,-5.09337],[-42.81616,-5.09333],[-42.81719,-5.09503],[-42.81623,-5.09677],[-42.81423,-5.09681]]]}},{"type":"Feature","id":1401684137,"properties":{"h3":"8980055425bffff","bairro":"Colorado","copa":9.2,"verde":9.2,"construido":90.8,"temp":45.5,"urbano":true,"classe":"pouca","prioridade":61},"geometry":{"type":"Polygon","coordinates":[[[-42.73336,-5.09673],[-42.73232,-5.09503],[-42.73329,-5.09329],[-42.73528,-5.09325],[-42.73632,-5.09495],[-42.73535,-5.09669],[-42.73336,-5.09673]]]}},{"type":"Feature","id":1657012393,"properties":{"h3":"89800555193ffff","bairro":"Lot. Belterra II","copa":15.3,"verde":61.9,"construido":36.2,"temp":48.2,"urbano":true,"classe":"moderada","prioridade":46},"geometry":{"type":"Polygon","coordinates":[[[-42.72737,-5.09685],[-42.72634,-5.09515],[-42.7273,-5.09341],[-42.72929,-5.09337],[-42.73033,-5.09507],[-42.72936,-5.09681],[-42.72737,-5.09685]]]}},{"type":"Feature","id":2073559209,"properties":{"h3":"89800556a67ffff","bairro":"Centro","copa":0.5,"verde":0.5,"construido":99.5,"temp":46.7,"urbano":true,"classe":"critica","prioridade":85},"geometry":{"type":"Polygon","coordinates":[[[-42.80825,-5.09693],[-42.80721,-5.09523],[-42.80818,-5.09349],[-42.81017,-5.09345],[-42.8112,-5.09515],[-42.81024,-5.09689],[-42.80825,-5.09693]]]}},{"type":"Feature","id":1721761961,"properties":{"h3":"8980055556fffff","bairro":"Vila Todos Os Santos","copa":31.4,"verde":43.4,"construido":56.6,"temp":45.1,"urbano":true,"classe":"arborizada","prioridade":17},"geometry":{"type":"Polygon","coordinates":[[[-42.72138,-5.09697],[-42.72035,-5.09527],[-42.72131,-5.09353],[-42.72331,-5.09349],[-42.72434,-5.09519],[-42.72338,-5.09693],[-42.72138,-5.09697]]]}},{"type":"Feature","id":2073821353,"properties":{"h3":"89800556a6bffff","bairro":"Piçarra","copa":0.5,"verde":0.5,"construido":99.5,"temp":47.4,"urbano":true,"classe":"critica","prioridade":89},"geometry":{"type":"Polygon","coordinates":[[[-42.80226,-5.09705],[-42.80122,-5.09535],[-42.80219,-5.09361],[-42.80418,-5.09357],[-42.80522,-5.09527],[-42.80425,-5.09701],[-42.80226,-5.09705]]]}},{"type":"Feature","id":1389625513,"properties":{"h3":"898005541a3ffff","bairro":"Piçarra","copa":0.3,"verde":0.3,"construido":99.7,"temp":45.2,"urbano":true,"classe":"critica","prioridade":78},"geometry":{"type":"Polygon","coordinates":[[[-42.79627,-5.09718],[-42.79524,-5.09547],[-42.7962,-5.09373],[-42.79819,-5.09369],[-42.79923,-5.09539],[-42.79826,-5.09714],[-42.79627,-5.09718]]]}},{"type":"Feature","id":1641545897,"properties":{"h3":"898005550a7ffff","bairro":"Vila Todos Os Santos","copa":58.2,"verde":79.0,"construido":21.0,"temp":40.3,"urbano":false,"classe":"arborizada","prioridade":0},"geometry":{"type":"Polygon","coordinates":[[[-42.71539,-5.0971],[-42.71436,-5.09539],[-42.71532,-5.09365],[-42.71732,-5.09361],[-42.71835,-5.09531],[-42.71739,-5.09706],[-42.71539,-5.0971]]]}},{"type":"Feature","id":1380450473,"properties":{"h3":"89800554117ffff","bairro":"Ilhotas","copa":11.4,"verde":14.9,"construido":85.1,"temp":45.1,"urbano":true,"classe":"pouca","prioridade":55},"geometry":{"type":"Polygon","coordinates":[[[-42.79028,-5.0973],[-42.78925,-5.0956],[-42.79021,-5.09385],[-42.79221,-5.09381],[-42.79324,-5.09552],[-42.79228,-5.09726],[-42.79028,-5.0973]]]}},{"type":"Feature","id":1641808041,"properties":{"h3":"898005550abffff","bairro":"Vila Nova Esperança","copa":43.2,"verde":54.6,"construido":45.4,"temp":43.1,"urbano":true,"classe":"arborizada","prioridade":5},"geometry":{"type":"Polygon","coordinates":[[[-42.7094,-5.09722],[-42.70837,-5.09552],[-42.70933,-5.09377],[-42.71133,-5.09373],[-42.71236,-5.09543],[-42.7114,-5.09718],[-42.7094,-5.09722]]]}},{"type":"Feature","id":1380712617,"properties":{"h3":"8980055411bffff","bairro":"Vila Ferroviária","copa":12.6,"verde":19.3,"construido":79.1,"temp":46.7,"urbano":true,"classe":"moderada","prioridade":62},"geometry":{"type":"Polygon","coordinates":[[[-42.78429,-5.09742],[-42.78326,-5.09572],[-42.78422,-5.09398],[-42.78622,-5.09394],[-42.78725,-5.09564],[-42.78629,-5.09738],[-42.78429,-5.09742]]]}},{"type":"Feature","id":1384382633,"properties":{"h3":"89800554153ffff","bairro":"Vila Mandacaru","copa":63.8,"verde":86.4,"construido":11.5,"temp":38.5,"urbano":false,"classe":"arborizada","prioridade":0},"geometry":{"type":"Polygon","coordinates":[[[-42.7783,-5.09754],[-42.77727,-5.09584],[-42.77823,-5.0941],[-42.78023,-5.09406],[-42.78126,-5.09576],[-42.7803,-5.0975],[-42.7783,-5.09754]]]}},{"type":"Feature","id":1365246121,"properties":{"h3":"8980055402fffff","bairro":"Vila do Descanso","copa":82.0,"verde":95.2,"construido":4.8,"temp":39.6,"urbano":false,"classe":"arborizada","prioridade":0},"geometry":{"type":"Polygon","coordinates":[[[-42.77232,-5.09766],[-42.77128,-5.09596],[-42.77225,-5.09422],[-42.77424,-5.09418],[-42.77527,-5.09588],[-42.77431,-5.09762],[-42.77232,-5.09766]]]}},{"type":"Feature","id":1368916137,"properties":{"h3":"89800554067ffff","bairro":"Vila São Raimundo","copa":49.3,"verde":95.2,"construido":3.5,"temp":45.9,"urbano":false,"classe":"arborizada","prioridade":0},"geometry":{"type":"Polygon","coordinates":[[[-42.76633,-5.09779],[-42.76529,-5.09608],[-42.76626,-5.09434],[-42.76825,-5.0943],[-42.76929,-5.096],[-42.76832,-5.09774],[-42.76633,-5.09779]]]}},{"type":"Feature","id":1369178281,"properties":{"h3":"8980055406bffff","bairro":"Vila Mariana Fortes","copa":7.3,"verde":22.3,"construido":76.6,"temp":44.4,"urbano":true,"classe":"pouca","prioridade":59},"geometry":{"type":"Polygon","coordinates":[[[-42.76034,-5.09791],[-42.75931,-5.09621],[-42.76027,-5.09446],[-42.76227,-5.09442],[-42.7633,-5.09612],[-42.76234,-5.09787],[-42.76034,-5.09791]]]}},{"type":"Feature","id":1406402729,"properties":{"h3":"898005542a3ffff","bairro":"Conj. Boa Esperança","copa":0.0,"verde":0.0,"construido":100.0,"temp":47.5,"urbano":true,"classe":"critica","prioridade":91},"geometry":{"type":"Polygon","coordinates":[[[-42.75435,-5.09803],[-42.75332,-5.09633],[-42.75428,-5.09458],[-42.75628,-5.09454],[-42.75731,-5.09625],[-42.75635,-5.09799],[-42.75435,-5.09803]]]}},{"type":"Feature","id":1397227689,"properties":{"h3":"89800554217ffff","bairro":"Parque Naylândia","copa":2.7,"verde":3.2,"construido":96.8,"temp":47.4,"urbano":true,"classe":"critica","prioridade":85},"geometry":{"type":"Polygon","coordinates":[[[-42.74836,-5.09815],[-42.74733,-5.09645],[-42.74829,-5.09471],[-42.75029,-5.09467],[-42.75132,-5.09637],[-42.75036,-5.09811],[-42.74836,-5.09815]]]}},{"type":"Feature","id":1397489833,"properties":{"h3":"8980055421bffff","bairro":"Parque Progresso","copa":0.0,"verde":0.0,"construido":100.0,"temp":47.5,"urbano":true,"classe":"critica","prioridade":91},"geometry":{"type":"Polygon","coordinates":[[[-42.74237,-5.09827],[-42.74134,-5.09657],[-42.7423,-5.09483],[-42.7443,-5.09479],[-42.74533,-5.09649],[-42.74437,-5.09823],[-42.74237,-5.09827]]]}},{"type":"Feature","id":1401159849,"properties":{"h3":"89800554253ffff","bairro":"Conj. Redonda","copa":7.9,"verde":9.8,"construido":90.2,"temp":46.7,"urbano":true,"classe":"pouca","prioridade":71},"geometry":{"type":"Polygon","coordinates":[[[-42.73639,-5.09839],[-42.73535,-5.09669],[-42.73632,-5.09495],[-42.73831,-5.09491],[-42.73934,-5.09661],[-42.73838,-5.09835],[-42.73639,-5.09839]]]}},{"type":"Feature","id":1717567657,"properties":{"h3":"8980055552fffff","bairro":"Lot. Belterra II","copa":6.5,"verde":16.3,"construido":82.6,"temp":45.9,"urbano":true,"classe":"pouca","prioridade":69},"geometry":{"type":"Polygon","coordinates":[[[-42.7304,-5.09851],[-42.72936,-5.09681],[-42.73033,-5.09507],[-42.73232,-5.09503],[-42.73336,-5.09673],[-42.73239,-5.09847],[-42.7304,-5.09851]]]}},{"type":"Feature","id":2069627049,"properties":{"h3":"89800556a2bffff","bairro":"Centro","copa":0.5,"verde":1.1,"construido":98.9,"temp":46.0,"urbano":true,"classe":"critica","prioridade":82},"geometry":{"type":"Polygon","coordinates":[[[-42.81127,-5.09859],[-42.81024,-5.09689],[-42.8112,-5.09515],[-42.8132,-5.09511],[-42.81423,-5.09681],[-42.81327,-5.09855],[-42.81127,-5.09859]]]}},{"type":"Feature","id":1721237673,"properties":{"h3":"89800555567ffff","bairro":"Vila Deus Proverá","copa":54.1,"verde":69.3,"construido":30.4,"temp":46.7,"urbano":true,"classe":"arborizada","prioridade":16},"geometry":{"type":"Polygon","coordinates":[[[-42.72441,-5.09864],[-42.72338,-5.09693],[-42.72434,-5.09519],[-42.72634,-5.09515],[-42.72737,-5.09685],[-42.72641,-5.0986],[-42.72441,-5.09864]]]}},{"type":"Feature","id":2073297065,"properties":{"h3":"89800556a63ffff","bairro":"Nossa Senhora das Graças","copa":1.4,"verde":1.4,"construido":98.6,"temp":47.5,"urbano":true,"classe":"critica","prioridade":88},"geometry":{"type":"Polygon","coordinates":[[[-42.80529,-5.09872],[-42.80425,-5.09701],[-42.80522,-5.09527],[-42.80721,-5.09523],[-42.80825,-5.09693],[-42.80728,-5.09867],[-42.80529,-5.09872]]]}},{"type":"Feature","id":1390936233,"properties":{"h3":"898005541b7ffff","bairro":"Piçarra","copa":1.1,"verde":1.1,"construido":98.9,"temp":46.7,"urbano":true,"classe":"critica","prioridade":84},"geometry":{"type":"Polygon","coordinates":[[[-42.7993,-5.09884],[-42.79826,-5.09714],[-42.79923,-5.09539],[-42.80122,-5.09535],[-42.80226,-5.09705],[-42.80129,-5.0988],[-42.7993,-5.09884]]]}},{"type":"Feature","id":1721499817,"properties":{"h3":"8980055556bffff","bairro":"Vila Todos Os Santos","copa":27.7,"verde":43.7,"construido":54.9,"temp":45.1,"urbano":true,"classe":"arborizada","prioridade":22},"geometry":{"type":"Polygon","coordinates":[[[-42.71842,-5.09876],[-42.71739,-5.09706],[-42.71835,-5.09531],[-42.72035,-5.09527],[-42.72138,-5.09697],[-42.72042,-5.09872],[-42.71842,-5.09876]]]}},{"type":"Feature","id":1391198377,"properties":{"h3":"898005541bbffff","bairro":"Ilhotas","copa":3.5,"verde":4.0,"construido":96.0,"temp":45.5,"urbano":true,"classe":"critica","prioridade":73},"geometry":{"type":"Polygon","coordinates":[[[-42.79331,-5.09896],[-42.79228,-5.09726],[-42.79324,-5.09552],[-42.79524,-5.09547],[-42.79627,-5.09718],[-42.79531,-5.09892],[-42.79331,-5.09896]]]}},{"type":"Feature","id":1641283753,"properties":{"h3":"898005550a3ffff","bairro":"Vila Nova Esperança","copa":51.6,"verde":66.2,"construido":33.5,"temp":40.0,"urbano":true,"classe":"arborizada","prioridade":0},"geometry":{"type":"Polygon","coordinates":[[[-42.71243,-5.09888],[-42.7114,-5.09718],[-42.71236,-5.09543],[-42.71436,-5.09539],[-42.71539,-5.0971],[-42.71443,-5.09884],[-42.71243,-5.09888]]]}},{"type":"Feature","id":1632108713,"properties":{"h3":"89800555017ffff","bairro":"Flor do Campo","copa":66.4,"verde":80.1,"construido":19.6,"temp":41.1,"urbano":false,"classe":"arborizada","prioridade":0},"geometry":{"type":"Polygon","coordinates":[[[-42.70644,-5.099],[-42.70541,-5.0973],[-42.70637,-5.09556],[-42.70837,-5.09552],[-42.7094,-5.09722],[-42.70844,-5.09896],[-42.70644,-5.099]]]}},{"type":"Feature","id":1380188329,"properties":{"h3":"89800554113ffff","bairro":"Cristo Rei","copa":10.4,"verde":12.6,"construido":84.5,"temp":45.8,"urbano":true,"classe":"pouca","prioridade":61},"geometry":{"type":"Polygon","coordinates":[[[-42.78732,-5.09908],[-42.78629,-5.09738],[-42.78725,-5.09564],[-42.78925,-5.0956],[-42.79028,-5.0973],[-42.78932,-5.09904],[-42.78732,-5.09908]]]}},{"type":"Feature","id":1392509097,"properties":{"h3":"898005541cfffff","bairro":"Conj. João Emílio Falcão","copa":27.1,"verde":67.0,"construido":27.1,"temp":46.7,"urbano":true,"classe":"arborizada","prioridade":17},"geometry":{"type":"Polygon","coordinates":[[[-42.78133,-5.0992],[-42.7803,-5.0975],[-42.78126,-5.09576],[-42.78326,-5.09572],[-42.78429,-5.09742],[-42.78333,-5.09916],[-42.78133,-5.0992]]]}},{"type":"Feature","id":1364721833,"properties":{"h3":"89800554027ffff","bairro":"Vila da Asseduc","copa":34.5,"verde":79.1,"construido":16.6,"temp":45.6,"urbano":false,"classe":"arborizada","prioridade":0},"geometry":{"type":"Polygon","coordinates":[[[-42.77535,-5.09932],[-42.77431,-5.09762],[-42.77527,-5.09588],[-42.77727,-5.09584],[-42.7783,-5.09754],[-42.77734,-5.09928],[-42.77535,-5.09932]]]}},{"type":"Feature","id":1364983977,"properties":{"h3":"8980055402bffff","bairro":"Vila do Descanso","copa":37.2,"verde":90.2,"construido":3.7,"temp":41.7,"urbano":false,"classe":"arborizada","prioridade":0},"geometry":{"type":"Polygon","coordinates":[[[-42.76936,-5.09945],[-42.76832,-5.09774],[-42.76929,-5.096],[-42.77128,-5.09596],[-42.77232,-5.09766],[-42.77135,-5.09941],[-42.76936,-5.09945]]]}},{"type":"Feature","id":1368653993,"properties":{"h3":"89800554063ffff","bairro":"Vila São Raimundo","copa":22.3,"verde":32.3,"construido":66.1,"temp":49.5,"urbano":true,"classe":"moderada","prioridade":55},"geometry":{"type":"Polygon","coordinates":[[[-42.76337,-5.09957],[-42.76234,-5.09787],[-42.7633,-5.09612],[-42.76529,-5.09608],[-42.76633,-5.09779],[-42.76536,-5.09953],[-42.76337,-5.09957]]]}},{"type":"Feature","id":1407713449,"properties":{"h3":"898005542b7ffff","bairro":"Vila Mariana Fortes","copa":6.9,"verde":8.2,"construido":91.8,"temp":46.6,"urbano":true,"classe":"pouca","prioridade":72},"geometry":{"type":"Polygon","coordinates":[[[-42.75738,-5.09969],[-42.75635,-5.09799],[-42.75731,-5.09625],[-42.75931,-5.09621],[-42.76034,-5.09791],[-42.75938,-5.09965],[-42.75738,-5.09969]]]}},{"type":"Feature","id":1407975593,"properties":{"h3":"898005542bbffff","bairro":"Parque Naylândia","copa":0.8,"verde":0.8,"construido":99.2,"temp":46.0,"urbano":true,"classe":"critica","prioridade":81},"geometry":{"type":"Polygon","coordinates":[[[-42.75139,-5.09981],[-42.75036,-5.09811],[-42.75132,-5.09637],[-42.75332,-5.09633],[-42.75435,-5.09803],[-42.75339,-5.09977],[-42.75139,-5.09981]]]}},{"type":"Feature","id":1396965545,"properties":{"h3":"89800554213ffff","bairro":"Parque Ideal","copa":0.0,"verde":0.0,"construido":100.0,"temp":47.2,"urbano":true,"classe":"critica","prioridade":89},"geometry":{"type":"Polygon","coordinates":[[[-42.7454,-5.09993],[-42.74437,-5.09823],[-42.74533,-5.09649],[-42.74733,-5.09645],[-42.74836,-5.09815],[-42.7474,-5.09989],[-42.7454,-5.09993]]]}},{"type":"Feature","id":1409286313,"properties":{"h3":"898005542cfffff","bairro":"Renascença","copa":0.0,"verde":0.3,"construido":99.7,"temp":47.4,"urbano":true,"classe":"critica","prioridade":90},"geometry":{"type":"Polygon","coordinates":[[[-42.73941,-5.10005],[-42.73838,-5.09835],[-42.73934,-5.09661],[-42.74134,-5.09657],[-42.74237,-5.09827],[-42.74141,-5.10001],[-42.73941,-5.10005]]]}},{"type":"Feature","id":1717043369,"properties":{"h3":"89800555527ffff","bairro":"Parque Colorado","copa":5.4,"verde":13.6,"construido":84.8,"temp":47.4,"urbano":true,"classe":"pouca","prioridade":79},"geometry":{"type":"Polygon","coordinates":[[[-42.73343,-5.10018],[-42.73239,-5.09847],[-42.73336,-5.09673],[-42.73535,-5.09669],[-42.73639,-5.09839],[-42.73542,-5.10014],[-42.73343,-5.10018]]]}},{"type":"Feature","id":2069102761,"properties":{"h3":"89800556a23ffff","bairro":"Centro","copa":43.7,"verde":50.1,"construido":49.6,"temp":null,"urbano":true,"classe":"arborizada","prioridade":20},"geometry":{"type":"Polygon","coordinates":[[[-42.8143,-5.10025],[-42.81327,-5.09855],[-42.81423,-5.09681],[-42.81623,-5.09677],[-42.81726,-5.09847],[-42.8163,-5.10021],[-42.8143,-5.10025]]]}},{"type":"Feature","id":1717305513,"properties":{"h3":"8980055552bffff","bairro":"Vila Deus Proverá","copa":20.7,"verde":38.0,"construido":61.4,"temp":45.7,"urbano":true,"classe":"moderada","prioridade":40},"geometry":{"type":"Polygon","coordinates":[[[-42.72744,-5.1003],[-42.72641,-5.0986],[-42.72737,-5.09685],[-42.72936,-5.09681],[-42.7304,-5.09851],[-42.72943,-5.10026],[-42.72744,-5.1003]]]}},{"type":"Feature","id":2074607785,"properties":{"h3":"89800556a77ffff","bairro":"Nossa Senhora das Graças","copa":0.6,"verde":0.6,"construido":99.4,"temp":46.9,"urbano":true,"classe":"critica","prioridade":87},"geometry":{"type":"Polygon","coordinates":[[[-42.80832,-5.10038],[-42.80728,-5.09867],[-42.80825,-5.09693],[-42.81024,-5.09689],[-42.81127,-5.09859],[-42.81031,-5.10034],[-42.80832,-5.10038]]]}},{"type":"Feature","id":2074869929,"properties":{"h3":"89800556a7bffff","bairro":"Nossa Senhora das Graças","copa":0.0,"verde":0.0,"construido":100.0,"temp":46.6,"urbano":true,"classe":"critica","prioridade":86},"geometry":{"type":"Polygon","coordinates":[[[-42.80233,-5.1005],[-42.80129,-5.0988],[-42.80226,-5.09705],[-42.80425,-5.09701],[-42.80529,-5.09872],[-42.80432,-5.10046],[-42.80233,-5.1005]]]}},{"type":"Feature","id":1720975529,"properties":{"h3":"89800555563ffff","bairro":"Vila Todos Os Santos","copa":34.8,"verde":44.1,"construido":54.8,"temp":44.2,"urbano":true,"classe":"arborizada","prioridade":12},"geometry":{"type":"Polygon","coordinates":[[[-42.72145,-5.10042],[-42.72042,-5.09872],[-42.72138,-5.09697],[-42.72338,-5.09693],[-42.72441,-5.09864],[-42.72345,-5.10038],[-42.72145,-5.10042]]]}},{"type":"Feature","id":1390674089,"properties":{"h3":"898005541b3ffff","bairro":"Monte Castelo","copa":2.9,"verde":4.0,"construido":95.7,"temp":46.1,"urbano":true,"classe":"critica","prioridade":77},"geometry":{"type":"Polygon","coordinates":[[[-42.79634,-5.10062],[-42.79531,-5.09892],[-42.79627,-5.09718],[-42.79826,-5.09714],[-42.7993,-5.09884],[-42.79834,-5.10058],[-42.79634,-5.10062]]]}},{"type":"Feature","id":1642856617,"properties":{"h3":"898005550bbffff","bairro":"Flor do Campo","copa":14.8,"verde":27.8,"construido":72.2,"temp":44.6,"urbano":true,"classe":"moderada","prioridade":45},"geometry":{"type":"Polygon","coordinates":[[[-42.70947,-5.10066],[-42.70844,-5.09896],[-42.7094,-5.09722],[-42.7114,-5.09718],[-42.71243,-5.09888],[-42.71147,-5.10062],[-42.70947,-5.10066]]]}},{"type":"Feature","id":1388314793,"properties":{"h3":"8980055418fffff","bairro":"Cristo Rei","copa":26.1,"verde":26.6,"construido":73.1,"temp":45.1,"urbano":true,"classe":"arborizada","prioridade":25},"geometry":{"type":"Polygon","coordinates":[[[-42.79035,-5.10074],[-42.78932,-5.09904],[-42.79028,-5.0973],[-42.79228,-5.09726],[-42.79331,-5.09896],[-42.79235,-5.1007],[-42.79035,-5.10074]]]}},{"type":"Feature","id":1391984809,"properties":{"h3":"898005541c7ffff","bairro":"Conj. João Emílio Falcão","copa":3.0,"verde":9.9,"construido":89.8,"temp":47.0,"urbano":true,"classe":"critica","prioridade":82},"geometry":{"type":"Polygon","coordinates":[[[-42.78436,-5.10086],[-42.78333,-5.09916],[-42.78429,-5.09742],[-42.78629,-5.09738],[-42.78732,-5.09908],[-42.78636,-5.10082],[-42.78436,-5.10086]]]}},{"type":"Feature","id":1369964713,"properties":{"h3":"89800554077ffff","bairro":"São Raimundo","copa":10.5,"verde":46.5,"construido":45.7,"temp":47.3,"urbano":true,"classe":"pouca","prioridade":63},"geometry":{"type":"Polygon","coordinates":[[[-42.7664,-5.10123],[-42.76536,-5.09953],[-42.76633,-5.09779],[-42.76832,-5.09774],[-42.76936,-5.09945],[-42.76839,-5.10119],[-42.7664,-5.10123]]]}},{"type":"Feature","id":1370226857,"properties":{"h3":"8980055407bffff","bairro":"Vila Mariana Fortes","copa":4.1,"verde":18.0,"construido":77.9,"temp":49.1,"urbano":true,"classe":"critica","prioridade":92},"geometry":{"type":"Polygon","coordinates":[[[-42.76041,-5.10135],[-42.75938,-5.09965],[-42.76034,-5.09791],[-42.76234,-5.09787],[-42.76337,-5.09957],[-42.76241,-5.10131],[-42.76041,-5.10135]]]}},{"type":"Feature","id":1407451305,"properties":{"h3":"898005542b3ffff","bairro":"Dirceu Arcoverde I","copa":0.0,"verde":0.0,"construido":100.0,"temp":47.8,"urbano":true,"classe":"critica","prioridade":92},"geometry":{"type":"Polygon","coordinates":[[[-42.75442,-5.10147],[-42.75339,-5.09977],[-42.75435,-5.09803],[-42.75635,-5.09799],[-42.75738,-5.09969],[-42.75642,-5.10143],[-42.75442,-5.10147]]]}},{"type":"Feature","id":1405092009,"properties":{"h3":"8980055428fffff","bairro":"Parque Ideal","copa":0.0,"verde":0.0,"construido":100.0,"temp":47.4,"urbano":true,"classe":"critica","prioridade":90},"geometry":{"type":"Polygon","coordinates":[[[-42.74843,-5.10159],[-42.7474,-5.09989],[-42.74836,-5.09815],[-42.75036,-5.09811],[-42.75139,-5.09981],[-42.75043,-5.10155],[-42.74843,-5.10159]]]}},{"type":"Feature","id":1408762025,"properties":{"h3":"898005542c7ffff","bairro":"Conj. Renascença II","copa":1.1,"verde":1.1,"construido":98.9,"temp":47.6,"urbano":true,"classe":"critica","prioridade":90},"geometry":{"type":"Polygon","coordinates":[[[-42.74244,-5.10172],[-42.74141,-5.10001],[-42.74237,-5.09827],[-42.74437,-5.09823],[-42.7454,-5.09993],[-42.74444,-5.10167],[-42.74244,-5.10172]]]}},{"type":"Feature","id":1409024169,"properties":{"h3":"898005542cbffff","bairro":"Vila Alto do Muro","copa":1.6,"verde":14.3,"construido":84.4,"temp":46.9,"urbano":true,"classe":"critica","prioridade":84},"geometry":{"type":"Polygon","coordinates":[[[-42.73646,-5.10184],[-42.73542,-5.10014],[-42.73639,-5.09839],[-42.73838,-5.09835],[-42.73941,-5.10005],[-42.73845,-5.1018],[-42.73646,-5.10184]]]}},{"type":"Feature","id":1716781225,"properties":{"h3":"89800555523ffff","bairro":"Vila Andaraí","copa":1.6,"verde":3.2,"construido":96.8,"temp":46.4,"urbano":true,"classe":"critica","prioridade":81},"geometry":{"type":"Polygon","coordinates":[[[-42.73047,-5.10196],[-42.72943,-5.10026],[-42.7304,-5.09851],[-42.73239,-5.09847],[-42.73343,-5.10018],[-42.73246,-5.10192],[-42.73047,-5.10196]]]}},{"type":"Feature","id":2070675625,"properties":{"h3":"89800556a3bffff","bairro":"Vermelha","copa":6.0,"verde":7.1,"construido":92.9,"temp":43.5,"urbano":true,"classe":"pouca","prioridade":56},"geometry":{"type":"Polygon","coordinates":[[[-42.81134,-5.10204],[-42.81031,-5.10034],[-42.81127,-5.09859],[-42.81327,-5.09855],[-42.8143,-5.10025],[-42.81334,-5.102],[-42.81134,-5.10204]]]}},{"type":"Feature","id":2074345641,"properties":{"h3":"89800556a73ffff","bairro":"Nossa Senhora das Graças","copa":2.7,"verde":2.7,"construido":97.3,"temp":46.6,"urbano":true,"classe":"critica","prioridade":81},"geometry":{"type":"Polygon","coordinates":[[[-42.80536,-5.10216],[-42.80432,-5.10046],[-42.80529,-5.09872],[-42.80728,-5.09867],[-42.80832,-5.10038],[-42.80735,-5.10212],[-42.80536,-5.10216]]]}},{"type":"Feature","id":1722286249,"properties":{"h3":"89800555577ffff","bairro":"Residencial Novo Milênio","copa":65.3,"verde":85.3,"construido":14.7,"temp":38.8,"urbano":false,"classe":"arborizada","prioridade":0},"geometry":{"type":"Polygon","coordinates":[[[-42.72448,-5.10208],[-42.72345,-5.10038],[-42.72441,-5.09864],[-42.72641,-5.0986],[-42.72744,-5.1003],[-42.72647,-5.10204],[-42.72448,-5.10208]]]}},{"type":"Feature","id":2071986345,"properties":{"h3":"89800556a4fffff","bairro":"Nossa Senhora das Graças","copa":1.3,"verde":1.3,"construido":98.7,"temp":47.6,"urbano":true,"classe":"critica","prioridade":89},"geometry":{"type":"Polygon","coordinates":[[[-42.79937,-5.10228],[-42.79834,-5.10058],[-42.7993,-5.09884],[-42.80129,-5.0988],[-42.80233,-5.1005],[-42.80136,-5.10224],[-42.79937,-5.10228]]]}},{"type":"Feature","id":1722548393,"properties":{"h3":"8980055557bffff","bairro":"Conj. São Sebastião","copa":63.8,"verde":87.8,"construido":12.2,"temp":39.9,"urbano":false,"classe":"arborizada","prioridade":0},"geometry":{"type":"Polygon","coordinates":[[[-42.71849,-5.1022],[-42.71746,-5.1005],[-42.71842,-5.09876],[-42.72042,-5.09872],[-42.72145,-5.10042],[-42.72049,-5.10216],[-42.71849,-5.1022]]]}},{"type":"Feature","id":1387790505,"properties":{"h3":"89800554187ffff","bairro":"Monte Castelo","copa":16.9,"verde":19.6,"construido":80.4,"temp":44.9,"urbano":true,"classe":"moderada","prioridade":42},"geometry":{"type":"Polygon","coordinates":[[[-42.79338,-5.1024],[-42.79235,-5.1007],[-42.79331,-5.09896],[-42.79531,-5.09892],[-42.79634,-5.10062],[-42.79538,-5.10236],[-42.79338,-5.1024]]]}},{"type":"Feature","id":1388052649,"properties":{"h3":"8980055418bffff","bairro":"Cristo Rei","copa":0.0,"verde":0.0,"construido":100.0,"temp":46.5,"urbano":true,"classe":"critica","prioridade":85},"geometry":{"type":"Polygon","coordinates":[[[-42.78739,-5.10252],[-42.78636,-5.10082],[-42.78732,-5.09908],[-42.78932,-5.09904],[-42.79035,-5.10074],[-42.78939,-5.10248],[-42.78739,-5.10252]]]}},{"type":"Feature","id":1639973033,"properties":{"h3":"8980055508fffff","bairro":"Conj. Pedro Balzi","copa":15.7,"verde":44.5,"construido":51.5,"temp":46.8,"urbano":true,"classe":"moderada","prioridade":56},"geometry":{"type":"Polygon","coordinates":[[[-42.70651,-5.10244],[-42.70548,-5.10074],[-42.70644,-5.099],[-42.70844,-5.09896],[-42.70947,-5.10066],[-42.70851,-5.1024],[-42.70651,-5.10244]]]}},{"type":"Feature","id":1391722665,"properties":{"h3":"898005541c3ffff","bairro":"Vila Terra Prometida","copa":35.5,"verde":70.7,"construido":21.1,"temp":44.4,"urbano":false,"classe":"arborizada","prioridade":0},"geometry":{"type":"Polygon","coordinates":[[[-42.7814,-5.10265],[-42.78037,-5.10095],[-42.78133,-5.0992],[-42.78333,-5.09916],[-42.78436,-5.10086],[-42.7834,-5.10261],[-42.7814,-5.10265]]]}},{"type":"Feature","id":1365770409,"properties":{"h3":"89800554037ffff","bairro":"Vila da Asseduc","copa":37.9,"verde":76.8,"construido":17.9,"temp":null,"urbano":false,"classe":"arborizada","prioridade":0},"geometry":{"type":"Polygon","coordinates":[[[-42.77542,-5.10277],[-42.77438,-5.10107],[-42.77535,-5.09932],[-42.77734,-5.09928],[-42.77837,-5.10099],[-42.77741,-5.10273],[-42.77542,-5.10277]]]}},{"type":"Feature","id":1366032553,"properties":{"h3":"8980055403bffff","bairro":"São Raimundo","copa":3.5,"verde":48.0,"construido":38.2,"temp":51.5,"urbano":true,"classe":"critica","prioridade":71},"geometry":{"type":"Polygon","coordinates":[[[-42.76943,-5.10289],[-42.76839,-5.10119],[-42.76936,-5.09945],[-42.77135,-5.09941],[-42.77239,-5.10111],[-42.77142,-5.10285],[-42.76943,-5.10289]]]}},{"type":"Feature","id":1369702569,"properties":{"h3":"89800554073ffff","bairro":"Dirceu Arcoverde I","copa":5.2,"verde":9.5,"construido":88.3,"temp":49.0,"urbano":true,"classe":"pouca","prioridade":89},"geometry":{"type":"Polygon","coordinates":[[[-42.76344,-5.10301],[-42.76241,-5.10131],[-42.76337,-5.09957],[-42.76536,-5.09953],[-42.7664,-5.10123],[-42.76543,-5.10297],[-42.76344,-5.10301]]]}},{"type":"Feature","id":1367343273,"properties":{"h3":"8980055404fffff","bairro":"Parque Flamboyant","copa":0.0,"verde":0.0,"construido":100.0,"temp":47.1,"urbano":true,"classe":"critica","prioridade":89},"geometry":{"type":"Polygon","coordinates":[[[-42.75745,-5.10313],[-42.75642,-5.10143],[-42.75738,-5.09969],[-42.75938,-5.09965],[-42.76041,-5.10135],[-42.75945,-5.10309],[-42.75745,-5.10313]]]}},{"type":"Feature","id":1404567721,"properties":{"h3":"89800554287ffff","bairro":"Dirceu Arcoverde I","copa":0.0,"verde":0.0,"construido":100.0,"temp":46.5,"urbano":true,"classe":"critica","prioridade":85},"geometry":{"type":"Polygon","coordinates":[[[-42.75146,-5.10326],[-42.75043,-5.10155],[-42.75139,-5.09981],[-42.75339,-5.09977],[-42.75442,-5.10147],[-42.75346,-5.10321],[-42.75146,-5.10326]]]}},{"type":"Feature","id":1404829865,"properties":{"h3":"8980055428bffff","bairro":"Vila Universal","copa":0.0,"verde":0.0,"construido":100.0,"temp":47.4,"urbano":true,"classe":"critica","prioridade":90},"geometry":{"type":"Polygon","coordinates":[[[-42.74547,-5.10338],[-42.74444,-5.10167],[-42.7454,-5.09993],[-42.7474,-5.09989],[-42.74843,-5.10159],[-42.74747,-5.10334],[-42.74547,-5.10338]]]}},{"type":"Feature","id":1408499881,"properties":{"h3":"898005542c3ffff","bairro":"Res. Jeanete de Moraes Sousa","copa":0.8,"verde":17.5,"construido":79.2,"temp":47.2,"urbano":true,"classe":"critica","prioridade":88},"geometry":{"type":"Polygon","coordinates":[[[-42.73948,-5.1035],[-42.73845,-5.1018],[-42.73941,-5.10005],[-42.74141,-5.10001],[-42.74244,-5.10172],[-42.74148,-5.10346],[-42.73948,-5.1035]]]}},{"type":"Feature","id":1718091945,"properties":{"h3":"89800555537ffff","bairro":"Conj. Renascença III","copa":12.5,"verde":13.6,"construido":86.4,"temp":46.5,"urbano":true,"classe":"moderada","prioridade":60},"geometry":{"type":"Polygon","coordinates":[[[-42.7335,-5.10362],[-42.73246,-5.10192],[-42.73343,-5.10018],[-42.73542,-5.10014],[-42.73646,-5.10184],[-42.73549,-5.10358],[-42.7335,-5.10362]]]}},{"type":"Feature","id":2070151337,"properties":{"h3":"89800556a33ffff","bairro":"Vermelha","copa":31.2,"verde":63.4,"construido":32.9,"temp":39.9,"urbano":true,"classe":"arborizada","prioridade":0},"geometry":{"type":"Polygon","coordinates":[[[-42.81437,-5.1037],[-42.81334,-5.102],[-42.8143,-5.10025],[-42.8163,-5.10021],[-42.81733,-5.10191],[-42.81637,-5.10366],[-42.81437,-5.1037]]]}},{"type":"Feature","id":2067792041,"properties":{"h3":"89800556a0fffff","bairro":"Vermelha","copa":0.3,"verde":0.3,"construido":99.7,"temp":47.4,"urbano":true,"classe":"critica","prioridade":90},"geometry":{"type":"Polygon","coordinates":[[[-42.80839,-5.10382],[-42.80735,-5.10212],[-42.80832,-5.10038],[-42.81031,-5.10034],[-42.81134,-5.10204],[-42.81038,-5.10378],[-42.80839,-5.10382]]]}},{"type":"Feature","id":1718354089,"properties":{"h3":"8980055553bffff","bairro":"São Sebastião","copa":6.2,"verde":7.2,"construido":88.7,"temp":46.5,"urbano":true,"classe":"pouca","prioridade":73},"geometry":{"type":"Polygon","coordinates":[[[-42.72751,-5.10374],[-42.72647,-5.10204],[-42.72744,-5.1003],[-42.72943,-5.10026],[-42.73047,-5.10196],[-42.7295,-5.1037],[-42.72751,-5.10374]]]}},{"type":"Feature","id":2071462057,"properties":{"h3":"89800556a47ffff","bairro":"Nossa Senhora das Graças","copa":3.5,"verde":3.5,"construido":96.5,"temp":46.6,"urbano":true,"classe":"critica","prioridade":79},"geometry":{"type":"Polygon","coordinates":[[[-42.8024,-5.10394],[-42.80136,-5.10224],[-42.80233,-5.1005],[-42.80432,-5.10046],[-42.80536,-5.10216],[-42.80439,-5.1039],[-42.8024,-5.10394]]]}},{"type":"Feature","id":1722024105,"properties":{"h3":"89800555573ffff","bairro":"Conj. São Sebastião","copa":74.5,"verde":88.5,"construido":11.5,"temp":39.4,"urbano":false,"classe":"arborizada","prioridade":0},"geometry":{"type":"Polygon","coordinates":[[[-42.72152,-5.10386],[-42.72049,-5.10216],[-42.72145,-5.10042],[-42.72345,-5.10038],[-42.72448,-5.10208],[-42.72352,-5.10382],[-42.72152,-5.10386]]]}},{"type":"Feature","id":2071724201,"properties":{"h3":"89800556a4bffff","bairro":"Monte Castelo","copa":0.8,"verde":0.8,"construido":99.2,"temp":45.7,"urbano":true,"classe":"critica","prioridade":79},"geometry":{"type":"Polygon","coordinates":[[[-42.79641,-5.10406],[-42.79538,-5.10236],[-42.79634,-5.10062],[-42.79834,-5.10058],[-42.79937,-5.10228],[-42.79841,-5.10402],[-42.79641,-5.10406]]]}},{"type":"Feature","id":1387528361,"properties":{"h3":"89800554183ffff","bairro":"Cristo Rei","copa":7.4,"verde":11.5,"construido":88.5,"temp":45.9,"urbano":true,"classe":"pouca","prioridade":67},"geometry":{"type":"Polygon","coordinates":[[[-42.79042,-5.10419],[-42.78939,-5.10248],[-42.79035,-5.10074],[-42.79235,-5.1007],[-42.79338,-5.1024],[-42.79242,-5.10415],[-42.79042,-5.10419]]]}},{"type":"Feature","id":1639448745,"properties":{"h3":"89800555087ffff","bairro":"Conj. Pedro Balzi","copa":10.9,"verde":50.9,"construido":46.1,"temp":46.5,"urbano":true,"classe":"pouca","prioridade":59},"geometry":{"type":"Polygon","coordinates":[[[-42.70954,-5.1041],[-42.70851,-5.1024],[-42.70947,-5.10066],[-42.71147,-5.10062],[-42.7125,-5.10232],[-42.71154,-5.10406],[-42.70954,-5.1041]]]}},{"type":"Feature","id":1393033385,"properties":{"h3":"898005541d7ffff","bairro":"Cristo Rei","copa":14.6,"verde":15.4,"construido":84.3,"temp":45.5,"urbano":true,"classe":"moderada","prioridade":51},"geometry":{"type":"Polygon","coordinates":[[[-42.78443,-5.10431],[-42.7834,-5.10261],[-42.78436,-5.10086],[-42.78636,-5.10082],[-42.78739,-5.10252],[-42.78643,-5.10427],[-42.78443,-5.10431]]]}},{"type":"Feature","id":1365508265,"properties":{"h3":"89800554033ffff","bairro":"Vila da Asseduc","copa":28.4,"verde":62.8,"construido":27.9,"temp":47.1,"urbano":true,"classe":"arborizada","prioridade":18},"geometry":{"type":"Polygon","coordinates":[[[-42.77246,-5.10455],[-42.77142,-5.10285],[-42.77239,-5.10111],[-42.77438,-5.10107],[-42.77542,-5.10277],[-42.77445,-5.10451],[-42.77246,-5.10455]]]}},{"type":"Feature","id":1363148969,"properties":{"h3":"8980055400fffff","bairro":"Dirceu Arcoverde I","copa":13.3,"verde":45.5,"construido":52.0,"temp":48.6,"urbano":true,"classe":"moderada","prioridade":71},"geometry":{"type":"Polygon","coordinates":[[[-42.76647,-5.10467],[-42.76543,-5.10297],[-42.7664,-5.10123],[-42.76839,-5.10119],[-42.76943,-5.10289],[-42.76846,-5.10463],[-42.76647,-5.10467]]]}},{"type":"Feature","id":1366818985,"properties":{"h3":"89800554047ffff","bairro":"Parque Flamboyant","copa":2.9,"verde":2.9,"construido":97.1,"temp":46.8,"urbano":true,"classe":"critica","prioridade":81},"geometry":{"type":"Polygon","coordinates":[[[-42.76048,-5.10479],[-42.75945,-5.10309],[-42.76041,-5.10135],[-42.76241,-5.10131],[-42.76344,-5.10301],[-42.76248,-5.10475],[-42.76048,-5.10479]]]}},{"type":"Feature","id":1367081129,"properties":{"h3":"8980055404bffff","bairro":"Dirceu Arcoverde I","copa":0.3,"verde":0.3,"construido":99.5,"temp":46.7,"urbano":true,"classe":"critica","prioridade":86},"geometry":{"type":"Polygon","coordinates":[[[-42.75449,-5.10492],[-42.75346,-5.10321],[-42.75442,-5.10147],[-42.75642,-5.10143],[-42.75745,-5.10313],[-42.75649,-5.10488],[-42.75449,-5.10492]]]}},{"type":"Feature","id":1404305577,"properties":{"h3":"89800554283ffff","bairro":"Parque Itararé","copa":0.3,"verde":0.3,"construido":99.7,"temp":47.5,"urbano":true,"classe":"critica","prioridade":90},"geometry":{"type":"Polygon","coordinates":[[[-42.7485,-5.10504],[-42.74747,-5.10334],[-42.74843,-5.10159],[-42.75043,-5.10155],[-42.75146,-5.10326],[-42.7505,-5.105],[-42.7485,-5.10504]]]}},{"type":"Feature","id":1409810601,"properties":{"h3":"898005542d7ffff","bairro":"Vila Universal","copa":0.0,"verde":20.4,"construido":78.3,"temp":47.8,"urbano":true,"classe":"critica","prioridade":93},"geometry":{"type":"Polygon","coordinates":[[[-42.74251,-5.10516],[-42.74148,-5.10346],[-42.74244,-5.10172],[-42.74444,-5.10167],[-42.74547,-5.10338],[-42.74451,-5.10512],[-42.74251,-5.10516]]]}},{"type":"Feature","id":1410072745,"properties":{"h3":"898005542dbffff","bairro":"Conj. Renascença I","copa":0.0,"verde":0.0,"construido":100.0,"temp":47.4,"urbano":true,"classe":"critica","prioridade":91},"geometry":{"type":"Polygon","coordinates":[[[-42.73653,-5.10528],[-42.73549,-5.10358],[-42.73646,-5.10184],[-42.73845,-5.1018],[-42.73948,-5.1035],[-42.73852,-5.10524],[-42.73653,-5.10528]]]}},{"type":"Feature","id":2067267753,"properties":{"h3":"89800556a07ffff","bairro":"Vermelha","copa":2.9,"verde":8.0,"construido":92.0,"temp":46.3,"urbano":true,"classe":"critica","prioridade":78},"geometry":{"type":"Polygon","coordinates":[[[-42.81142,-5.10548],[-42.81038,-5.10378],[-42.81134,-5.10204],[-42.81334,-5.102],[-42.81437,-5.1037],[-42.81341,-5.10544],[-42.81142,-5.10548]]]}},{"type":"Feature","id":1717829801,"properties":{"h3":"89800555533ffff","bairro":"Lot. Porto Rico I","copa":3.2,"verde":6.7,"construido":93.3,"temp":46.7,"urbano":true,"classe":"critica","prioridade":80},"geometry":{"type":"Polygon","coordinates":[[[-42.73054,-5.1054],[-42.7295,-5.1037],[-42.73047,-5.10196],[-42.73246,-5.10192],[-42.7335,-5.10362],[-42.73253,-5.10536],[-42.73054,-5.1054]]]}},{"type":"Feature","id":1715470505,"properties":{"h3":"8980055550fffff","bairro":"Residencial Novo Milênio","copa":61.7,"verde":65.0,"construido":35.0,"temp":38.6,"urbano":true,"classe":"arborizada","prioridade":0},"geometry":{"type":"Polygon","coordinates":[[[-42.72455,-5.10552],[-42.72352,-5.10382],[-42.72448,-5.10208],[-42.72647,-5.10204],[-42.72751,-5.10374],[-42.72654,-5.10548],[-42.72455,-5.10552]]]}},{"type":"Feature","id":2067529897,"properties":{"h3":"89800556a0bffff","bairro":"Vermelha","copa":0.0,"verde":0.0,"construido":100.0,"temp":47.3,"urbano":true,"classe":"critica","prioridade":90},"geometry":{"type":"Polygon","coordinates":[[[-42.80543,-5.1056],[-42.80439,-5.1039],[-42.80536,-5.10216],[-42.80735,-5.10212],[-42.80839,-5.10382],[-42.80742,-5.10556],[-42.80543,-5.1056]]]}},{"type":"Feature","id":1719140521,"properties":{"h3":"89800555547ffff","bairro":"Conj. São Sebastião","copa":52.5,"verde":68.3,"construido":31.2,"temp":41.6,"urbano":true,"classe":"arborizada","prioridade":0},"geometry":{"type":"Polygon","coordinates":[[[-42.71856,-5.10564],[-42.71753,-5.10394],[-42.71849,-5.1022],[-42.72049,-5.10216],[-42.72152,-5.10386],[-42.72056,-5.1056],[-42.71856,-5.10564]]]}},{"type":"Feature","id":2071199913,"properties":{"h3":"89800556a43ffff","bairro":"Macaúba","copa":3.8,"verde":4.1,"construido":95.9,"temp":46.0,"urbano":true,"classe":"critica","prioridade":75},"geometry":{"type":"Polygon","coordinates":[[[-42.79944,-5.10572],[-42.79841,-5.10402],[-42.79937,-5.10228],[-42.80136,-5.10224],[-42.8024,-5.10394],[-42.80143,-5.10568],[-42.79944,-5.10572]]]}},{"type":"Feature","id":1388839081,"properties":{"h3":"89800554197ffff","bairro":"Monte Castelo","copa":5.7,"verde":9.0,"construido":91.0,"temp":46.7,"urbano":true,"classe":"pouca","prioridade":75},"geometry":{"type":"Polygon","coordinates":[[[-42.79345,-5.10585],[-42.79242,-5.10415],[-42.79338,-5.1024],[-42.79538,-5.10236],[-42.79641,-5.10406],[-42.79545,-5.10581],[-42.79345,-5.10585]]]}},{"type":"Feature","id":1719402665,"properties":{"h3":"8980055554bffff","bairro":"Conj. Rodoviários I","copa":16.0,"verde":80.1,"construido":19.1,"temp":45.6,"urbano":false,"classe":"moderada","prioridade":0},"geometry":{"type":"Polygon","coordinates":[[[-42.71257,-5.10577],[-42.71154,-5.10406],[-42.7125,-5.10232],[-42.7145,-5.10228],[-42.71553,-5.10398],[-42.71457,-5.10573],[-42.71257,-5.10577]]]}},{"type":"Feature","id":1389101225,"properties":{"h3":"8980055419bffff","bairro":"Cristo Rei","copa":14.4,"verde":18.9,"construido":81.1,"temp":42.5,"urbano":true,"classe":"moderada","prioridade":34},"geometry":{"type":"Polygon","coordinates":[[[-42.78746,-5.10597],[-42.78643,-5.10427],[-42.78739,-5.10252],[-42.78939,-5.10248],[-42.79042,-5.10419],[-42.78946,-5.10593],[-42.78746,-5.10597]]]}},{"type":"Feature","id":1392771241,"properties":{"h3":"898005541d3ffff","bairro":"Vila Terra Prometida","copa":29.3,"verde":68.6,"construido":26.1,"temp":42.8,"urbano":true,"classe":"arborizada","prioridade":3},"geometry":{"type":"Polygon","coordinates":[[[-42.78147,-5.10609],[-42.78044,-5.10439],[-42.7814,-5.10265],[-42.7834,-5.10261],[-42.78443,-5.10431],[-42.78347,-5.10605],[-42.78147,-5.10609]]]}},{"type":"Feature","id":1373634729,"properties":{"h3":"898005540afffff","bairro":"Vila Nossa Senhora da Guia","copa":68.9,"verde":82.9,"construido":15.1,"temp":43.4,"urbano":false,"classe":"arborizada","prioridade":0},"geometry":{"type":"Polygon","coordinates":[[[-42.77549,-5.10621],[-42.77445,-5.10451],[-42.77542,-5.10277],[-42.77741,-5.10273],[-42.77844,-5.10443],[-42.77748,-5.10617],[-42.77549,-5.10621]]]}},{"type":"Feature","id":1362624681,"properties":{"h3":"89800554007ffff","bairro":"Vila Nossa Senhora da Guia","copa":3.8,"verde":36.9,"construido":53.1,"temp":46.8,"urbano":true,"classe":"critica","prioridade":79},"geometry":{"type":"Polygon","coordinates":[[[-42.7695,-5.10633],[-42.76846,-5.10463],[-42.76943,-5.10289],[-42.77142,-5.10285],[-42.77246,-5.10455],[-42.77149,-5.10629],[-42.7695,-5.10633]]]}},{"type":"Feature","id":1362886825,"properties":{"h3":"8980055400bffff","bairro":"Dirceu Arcoverde I","copa":1.1,"verde":1.6,"construido":98.4,"temp":48.2,"urbano":true,"classe":"critica","prioridade":93},"geometry":{"type":"Polygon","coordinates":[[[-42.76351,-5.10646],[-42.76248,-5.10475],[-42.76344,-5.10301],[-42.76543,-5.10297],[-42.76647,-5.10467],[-42.7655,-5.10642],[-42.76351,-5.10646]]]}},{"type":"Feature","id":1366556841,"properties":{"h3":"89800554043ffff","bairro":"Itararé","copa":0.0,"verde":0.0,"construido":100.0,"temp":47.1,"urbano":true,"classe":"critica","prioridade":88},"geometry":{"type":"Polygon","coordinates":[[[-42.75752,-5.10658],[-42.75649,-5.10488],[-42.75745,-5.10313],[-42.75945,-5.10309],[-42.76048,-5.10479],[-42.75952,-5.10654],[-42.75752,-5.10658]]]}},{"type":"Feature","id":1405616297,"properties":{"h3":"89800554297ffff","bairro":"Parque Itararé","copa":0.0,"verde":0.3,"construido":99.2,"temp":46.8,"urbano":true,"classe":"critica","prioridade":87},"geometry":{"type":"Polygon","coordinates":[[[-42.75153,-5.1067],[-42.7505,-5.105],[-42.75146,-5.10326],[-42.75346,-5.10321],[-42.75449,-5.10492],[-42.75353,-5.10666],[-42.75153,-5.1067]]]}},{"type":"Feature","id":1405878441,"properties":{"h3":"8980055429bffff","bairro":"Parque Itararé","copa":6.6,"verde":19.9,"construido":75.5,"temp":46.1,"urbano":true,"classe":"pouca","prioridade":70},"geometry":{"type":"Polygon","coordinates":[[[-42.74554,-5.10682],[-42.74451,-5.10512],[-42.74547,-5.10338],[-42.74747,-5.10334],[-42.7485,-5.10504],[-42.74754,-5.10678],[-42.74554,-5.10682]]]}},{"type":"Feature","id":1409548457,"properties":{"h3":"898005542d3ffff","bairro":"Conj. Renascença I","copa":3.5,"verde":5.1,"construido":94.9,"temp":48.5,"urbano":true,"classe":"critica","prioridade":89},"geometry":{"type":"Polygon","coordinates":[[[-42.73955,-5.10694],[-42.73852,-5.10524],[-42.73948,-5.1035],[-42.74148,-5.10346],[-42.74251,-5.10516],[-42.74155,-5.1069],[-42.73955,-5.10694]]]}},{"type":"Feature","id":2078015657,"properties":{"h3":"89800556aabffff","bairro":"Vermelha","copa":53.4,"verde":85.7,"construido":14.3,"temp":35.7,"urbano":false,"classe":"arborizada","prioridade":0},"geometry":{"type":"Polygon","coordinates":[[[-42.81444,-5.10714],[-42.81341,-5.10544],[-42.81437,-5.1037],[-42.81637,-5.10366],[-42.8174,-5.10536],[-42.81644,-5.1071],[-42.81444,-5.10714]]]}},{"type":"Feature","id":1725956265,"properties":{"h3":"898005555afffff","bairro":"Vila Araguaia","copa":30.7,"verde":39.4,"construido":60.6,"temp":43.7,"urbano":true,"classe":"arborizada","prioridade":10},"geometry":{"type":"Polygon","coordinates":[[[-42.73357,-5.10706],[-42.73253,-5.10536],[-42.7335,-5.10362],[-42.73549,-5.10358],[-42.73653,-5.10528],[-42.73556,-5.10702],[-42.73357,-5.10706]]]}},{"type":"Feature","id":1714946217,"properties":{"h3":"89800555507ffff","bairro":"Res. Canaxuê","copa":12.2,"verde":19.8,"construido":79.9,"temp":45.1,"urbano":true,"classe":"moderada","prioridade":53},"geometry":{"type":"Polygon","coordinates":[[[-42.72758,-5.10718],[-42.72654,-5.10548],[-42.72751,-5.10374],[-42.7295,-5.1037],[-42.73054,-5.1054],[-42.72957,-5.10714],[-42.72758,-5.10718]]]}},{"type":"Feature","id":2067005609,"properties":{"h3":"89800556a03ffff","bairro":"Vermelha","copa":2.1,"verde":2.7,"construido":97.3,"temp":46.4,"urbano":true,"classe":"critica","prioridade":80},"geometry":{"type":"Polygon","coordinates":[[[-42.80846,-5.10726],[-42.80742,-5.10556],[-42.80839,-5.10382],[-42.81038,-5.10378],[-42.81142,-5.10548],[-42.81045,-5.10722],[-42.80846,-5.10726]]]}},{"type":"Feature","id":1715208361,"properties":{"h3":"8980055550bffff","bairro":"Conj. São Sebastião","copa":66.7,"verde":83.5,"construido":16.5,"temp":40.6,"urbano":false,"classe":"arborizada","prioridade":0},"geometry":{"type":"Polygon","coordinates":[[[-42.72159,-5.10731],[-42.72056,-5.1056],[-42.72152,-5.10386],[-42.72352,-5.10382],[-42.72455,-5.10552],[-42.72359,-5.10727],[-42.72159,-5.10731]]]}},{"type":"Feature","id":2072510633,"properties":{"h3":"89800556a57ffff","bairro":"Macaúba","copa":1.1,"verde":1.4,"construido":98.6,"temp":46.3,"urbano":true,"classe":"critica","prioridade":82},"geometry":{"type":"Polygon","coordinates":[[[-42.80247,-5.10739],[-42.80143,-5.10568],[-42.8024,-5.10394],[-42.80439,-5.1039],[-42.80543,-5.1056],[-42.80446,-5.10735],[-42.80247,-5.10739]]]}},{"type":"Feature","id":2072772777,"properties":{"h3":"89800556a5bffff","bairro":"Monte Castelo","copa":3.6,"verde":3.6,"construido":96.4,"temp":45.9,"urbano":true,"classe":"critica","prioridade":75},"geometry":{"type":"Polygon","coordinates":[[[-42.79648,-5.10751],[-42.79545,-5.10581],[-42.79641,-5.10406],[-42.79841,-5.10402],[-42.79944,-5.10572],[-42.79848,-5.10747],[-42.79648,-5.10751]]]}},{"type":"Feature","id":1718878377,"properties":{"h3":"89800555543ffff","bairro":"Conj. Rodoviários I","copa":45.5,"verde":80.5,"construido":5.6,"temp":42.7,"urbano":false,"classe":"arborizada","prioridade":0},"geometry":{"type":"Polygon","coordinates":[[[-42.7156,-5.10743],[-42.71457,-5.10573],[-42.71553,-5.10398],[-42.71753,-5.10394],[-42.71856,-5.10564],[-42.7176,-5.10739],[-42.7156,-5.10743]]]}},{"type":"Feature","id":1388576937,"properties":{"h3":"89800554193ffff","bairro":"Cidade Nova","copa":10.7,"verde":14.4,"construido":84.5,"temp":47.1,"urbano":true,"classe":"pouca","prioridade":67},"geometry":{"type":"Polygon","coordinates":[[[-42.79049,-5.10763],[-42.78946,-5.10593],[-42.79042,-5.10419],[-42.79242,-5.10415],[-42.79345,-5.10585],[-42.79249,-5.10759],[-42.79049,-5.10763]]]}},{"type":"Feature","id":1640497321,"properties":{"h3":"89800555097ffff","bairro":"Conj. Rodoviários I","copa":26.3,"verde":95.9,"construido":3.6,"temp":50.2,"urbano":false,"classe":"arborizada","prioridade":0},"geometry":{"type":"Polygon","coordinates":[[[-42.70961,-5.10755],[-42.70858,-5.10585],[-42.70954,-5.1041],[-42.71154,-5.10406],[-42.71257,-5.10577],[-42.71161,-5.10751],[-42.70961,-5.10755]]]}},{"type":"Feature","id":1453326505,"properties":{"h3":"8980055456fffff","bairro":"Vila Terra Prometida","copa":32.2,"verde":46.8,"construido":52.9,"temp":44.1,"urbano":true,"classe":"arborizada","prioridade":12},"geometry":{"type":"Polygon","coordinates":[[[-42.7845,-5.10775],[-42.78347,-5.10605],[-42.78443,-5.10431],[-42.78643,-5.10427],[-42.78746,-5.10597],[-42.7865,-5.10771],[-42.7845,-5.10775]]]}},{"type":"Feature","id":1373110441,"properties":{"h3":"898005540a7ffff","bairro":"Vila Terra Prometida","copa":33.3,"verde":88.6,"construido":7.8,"temp":44.1,"urbano":false,"classe":"arborizada","prioridade":0},"geometry":{"type":"Polygon","coordinates":[[[-42.77851,-5.10787],[-42.77748,-5.10617],[-42.77844,-5.10443],[-42.78044,-5.10439],[-42.78147,-5.10609],[-42.78051,-5.10783],[-42.77851,-5.10787]]]}},{"type":"Feature","id":1373372585,"properties":{"h3":"898005540abffff","bairro":"Vila Nossa Senhora da Guia","copa":29.2,"verde":54.7,"construido":44.5,"temp":48.6,"urbano":true,"classe":"arborizada","prioridade":34},"geometry":{"type":"Polygon","coordinates":[[[-42.77253,-5.108],[-42.77149,-5.10629],[-42.77246,-5.10455],[-42.77445,-5.10451],[-42.77549,-5.10621],[-42.77452,-5.10795],[-42.77253,-5.108]]]}},{"type":"Feature","id":1362362537,"properties":{"h3":"89800554003ffff","bairro":"Vila da Benção","copa":0.3,"verde":5.9,"construido":93.9,"temp":48.3,"urbano":true,"classe":"critica","prioridade":95},"geometry":{"type":"Polygon","coordinates":[[[-42.76654,-5.10812],[-42.7655,-5.10642],[-42.76647,-5.10467],[-42.76846,-5.10463],[-42.7695,-5.10633],[-42.76853,-5.10808],[-42.76654,-5.10812]]]}},{"type":"Feature","id":1367867561,"properties":{"h3":"89800554057ffff","bairro":"Dirceu Arcoverde II","copa":0.0,"verde":0.0,"construido":100.0,"temp":47.9,"urbano":true,"classe":"critica","prioridade":93},"geometry":{"type":"Polygon","coordinates":[[[-42.76055,-5.10824],[-42.75952,-5.10654],[-42.76048,-5.10479],[-42.76248,-5.10475],[-42.76351,-5.10646],[-42.76255,-5.1082],[-42.76055,-5.10824]]]}},{"type":"Feature","id":1368129705,"properties":{"h3":"8980055405bffff","bairro":"Dirceu Arcoverde I","copa":0.3,"verde":0.8,"construido":99.2,"temp":46.3,"urbano":true,"classe":"critica","prioridade":84},"geometry":{"type":"Polygon","coordinates":[[[-42.75456,-5.10836],[-42.75353,-5.10666],[-42.75449,-5.10492],[-42.75649,-5.10488],[-42.75752,-5.10658],[-42.75656,-5.10832],[-42.75456,-5.10836]]]}},{"type":"Feature","id":1405354153,"properties":{"h3":"89800554293ffff","bairro":"Parque Itararé","copa":0.8,"verde":17.9,"construido":79.5,"temp":49.5,"urbano":true,"classe":"critica","prioridade":98},"geometry":{"type":"Polygon","coordinates":[[[-42.74857,-5.10848],[-42.74754,-5.10678],[-42.7485,-5.10504],[-42.7505,-5.105],[-42.75153,-5.1067],[-42.75057,-5.10844],[-42.74857,-5.10848]]]}},{"type":"Feature","id":1470103721,"properties":{"h3":"8980055466fffff","bairro":"Manoel Evangelista II","copa":0.3,"verde":0.5,"construido":99.5,"temp":47.1,"urbano":true,"classe":"critica","prioridade":88},"geometry":{"type":"Polygon","coordinates":[[[-42.74258,-5.1086],[-42.74155,-5.1069],[-42.74251,-5.10516],[-42.74451,-5.10512],[-42.74554,-5.10682],[-42.74458,-5.10856],[-42.74258,-5.1086]]]}},{"type":"Feature","id":1725431977,"properties":{"h3":"898005555a7ffff","bairro":"Lot. Porto Rico II","copa":0.8,"verde":6.2,"construido":93.0,"temp":47.9,"urbano":true,"classe":"critica","prioridade":91},"geometry":{"type":"Polygon","coordinates":[[[-42.7366,-5.10872],[-42.73556,-5.10702],[-42.73653,-5.10528],[-42.73852,-5.10524],[-42.73955,-5.10694],[-42.73859,-5.10868],[-42.7366,-5.10872]]]}},{"type":"Feature","id":1725694121,"properties":{"h3":"898005555abffff","bairro":"Vila Araguaia","copa":8.7,"verde":9.0,"construido":91.0,"temp":47.2,"urbano":true,"classe":"pouca","prioridade":72},"geometry":{"type":"Polygon","coordinates":[[[-42.73061,-5.10885],[-42.72957,-5.10714],[-42.73054,-5.1054],[-42.73253,-5.10536],[-42.73357,-5.10706],[-42.7326,-5.10881],[-42.73061,-5.10885]]]}},{"type":"Feature","id":2068316329,"properties":{"h3":"89800556a17ffff","bairro":"Vermelha","copa":33.2,"verde":45.1,"construido":54.9,"temp":44.2,"urbano":true,"classe":"arborizada","prioridade":12},"geometry":{"type":"Polygon","coordinates":[[[-42.81149,-5.10892],[-42.81045,-5.10722],[-42.81142,-5.10548],[-42.81341,-5.10544],[-42.81444,-5.10714],[-42.81348,-5.10888],[-42.81149,-5.10892]]]}},{"type":"Feature","id":1714684073,"properties":{"h3":"89800555503ffff","bairro":"Residencial Novo Milênio","copa":55.2,"verde":75.2,"construido":24.8,"temp":41.2,"urbano":false,"classe":"arborizada","prioridade":0},"geometry":{"type":"Polygon","coordinates":[[[-42.72462,-5.10897],[-42.72359,-5.10727],[-42.72455,-5.10552],[-42.72654,-5.10548],[-42.72758,-5.10718],[-42.72661,-5.10893],[-42.72462,-5.10897]]]}},{"type":"Feature","id":2068578473,"properties":{"h3":"89800556a1bffff","bairro":"Vermelha","copa":0.3,"verde":0.6,"construido":99.4,"temp":47.5,"urbano":true,"classe":"critica","prioridade":90},"geometry":{"type":"Polygon","coordinates":[[[-42.8055,-5.10905],[-42.80446,-5.10735],[-42.80543,-5.1056],[-42.80742,-5.10556],[-42.80846,-5.10726],[-42.80749,-5.10901],[-42.8055,-5.10905]]]}},{"type":"Feature","id":2072248489,"properties":{"h3":"89800556a53ffff","bairro":"Macaúba","copa":3.8,"verde":8.4,"construido":91.6,"temp":46.4,"urbano":true,"classe":"critica","prioridade":77},"geometry":{"type":"Polygon","coordinates":[[[-42.79951,-5.10917],[-42.79848,-5.10747],[-42.79944,-5.10572],[-42.80143,-5.10568],[-42.80247,-5.10739],[-42.8015,-5.10913],[-42.79951,-5.10917]]]}},{"type":"Feature","id":1720189097,"properties":{"h3":"89800555557ffff","bairro":"Conj. São Sebastião","copa":89.9,"verde":93.9,"construido":5.3,"temp":39.0,"urbano":false,"classe":"arborizada","prioridade":0},"geometry":{"type":"Polygon","coordinates":[[[-42.71863,-5.10909],[-42.7176,-5.10739],[-42.71856,-5.10564],[-42.72056,-5.1056],[-42.72159,-5.10731],[-42.72063,-5.10905],[-42.71863,-5.10909]]]}},{"type":"Feature","id":1449132201,"properties":{"h3":"8980055452fffff","bairro":"Monte Castelo","copa":6.6,"verde":7.2,"construido":92.8,"temp":47.5,"urbano":true,"classe":"pouca","prioridade":78},"geometry":{"type":"Polygon","coordinates":[[[-42.79352,-5.10929],[-42.79249,-5.10759],[-42.79345,-5.10585],[-42.79545,-5.10581],[-42.79648,-5.10751],[-42.79552,-5.10925],[-42.79352,-5.10929]]]}},{"type":"Feature","id":1720451241,"properties":{"h3":"8980055555bffff","bairro":"Conj. Rodoviários I","copa":37.4,"verde":71.7,"construido":28.0,"temp":45.1,"urbano":true,"classe":"arborizada","prioridade":10},"geometry":{"type":"Polygon","coordinates":[[[-42.71264,-5.10921],[-42.71161,-5.10751],[-42.71257,-5.10577],[-42.71457,-5.10573],[-42.7156,-5.10743],[-42.71464,-5.10917],[-42.71264,-5.10921]]]}},{"type":"Feature","id":1640235177,"properties":{"h3":"89800555093ffff","bairro":"Verdecap","copa":42.3,"verde":79.5,"construido":6.7,"temp":43.2,"urbano":false,"classe":"arborizada","prioridade":0},"geometry":{"type":"Polygon","coordinates":[[[-42.70665,-5.10933],[-42.70562,-5.10763],[-42.70658,-5.10589],[-42.70858,-5.10585],[-42.70961,-5.10755],[-42.70865,-5.10929],[-42.70665,-5.10933]]]}},{"type":"Feature","id":1452802217,"properties":{"h3":"89800554567ffff","bairro":"Cidade Nova","copa":12.3,"verde":15.5,"construido":84.5,"temp":45.5,"urbano":true,"classe":"moderada","prioridade":55},"geometry":{"type":"Polygon","coordinates":[[[-42.78753,-5.10941],[-42.7865,-5.10771],[-42.78746,-5.10597],[-42.78946,-5.10593],[-42.79049,-5.10763],[-42.78953,-5.10937],[-42.78753,-5.10941]]]}},{"type":"Feature","id":1453064361,"properties":{"h3":"8980055456bffff","bairro":"Vila Terra Prometida","copa":27.0,"verde":73.6,"construido":25.1,"temp":null,"urbano":true,"classe":"arborizada","prioridade":13},"geometry":{"type":"Polygon","coordinates":[[[-42.78154,-5.10953],[-42.78051,-5.10783],[-42.78147,-5.10609],[-42.78347,-5.10605],[-42.7845,-5.10775],[-42.78354,-5.10949],[-42.78154,-5.10953]]]}},{"type":"Feature","id":1372848297,"properties":{"h3":"898005540a3ffff","bairro":"Beira Rio","copa":29.6,"verde":43.2,"construido":56.5,"temp":47.2,"urbano":true,"classe":"arborizada","prioridade":30},"geometry":{"type":"Polygon","coordinates":[[[-42.77556,-5.10966],[-42.77452,-5.10795],[-42.77549,-5.10621],[-42.77748,-5.10617],[-42.77851,-5.10787],[-42.77755,-5.10962],[-42.77556,-5.10966]]]}},{"type":"Feature","id":1363673257,"properties":{"h3":"89800554017ffff","bairro":"Vila Nossa Senhora da Guia","copa":0.8,"verde":5.3,"construido":92.6,"temp":47.2,"urbano":true,"classe":"critica","prioridade":88},"geometry":{"type":"Polygon","coordinates":[[[-42.76957,-5.10978],[-42.76853,-5.10808],[-42.7695,-5.10633],[-42.77149,-5.10629],[-42.77253,-5.108],[-42.77156,-5.10974],[-42.76957,-5.10978]]]}},{"type":"Feature","id":1363935401,"properties":{"h3":"8980055401bffff","bairro":"Vila da Benção","copa":1.4,"verde":2.4,"construido":93.8,"temp":47.9,"urbano":true,"classe":"critica","prioridade":91},"geometry":{"type":"Polygon","coordinates":[[[-42.76358,-5.1099],[-42.76255,-5.1082],[-42.76351,-5.10646],[-42.7655,-5.10642],[-42.76654,-5.10812],[-42.76557,-5.10986],[-42.76358,-5.1099]]]}},{"type":"Feature","id":1367605417,"properties":{"h3":"89800554053ffff","bairro":"Dirceu Arcoverde II","copa":1.1,"verde":4.1,"construido":94.8,"temp":47.1,"urbano":true,"classe":"critica","prioridade":87},"geometry":{"type":"Polygon","coordinates":[[[-42.75759,-5.11002],[-42.75656,-5.10832],[-42.75752,-5.10658],[-42.75952,-5.10654],[-42.76055,-5.10824],[-42.75959,-5.10998],[-42.75759,-5.11002]]]}},{"type":"Feature","id":1465909417,"properties":{"h3":"8980055462fffff","bairro":"Vila Cel. Carlos Falcão","copa":1.6,"verde":14.6,"construido":85.4,"temp":46.8,"urbano":true,"classe":"critica","prioridade":84},"geometry":{"type":"Polygon","coordinates":[[[-42.7516,-5.11014],[-42.75057,-5.10844],[-42.75153,-5.1067],[-42.75353,-5.10666],[-42.75456,-5.10836],[-42.7536,-5.1101],[-42.7516,-5.11014]]]}},{"type":"Feature","id":1469579433,"properties":{"h3":"89800554667ffff","bairro":"Manoel Evangelista II","copa":6.7,"verde":79.5,"construido":20.5,"temp":48.0,"urbano":false,"classe":"pouca","prioridade":0},"geometry":{"type":"Polygon","coordinates":[[[-42.74561,-5.11026],[-42.74458,-5.10856],[-42.74554,-5.10682],[-42.74754,-5.10678],[-42.74857,-5.10848],[-42.74761,-5.11022],[-42.74561,-5.11026]]]}},{"type":"Feature","id":1469841577,"properties":{"h3":"8980055466bffff","bairro":"Lot. Sales","copa":26.4,"verde":29.4,"construido":67.6,"temp":47.4,"urbano":true,"classe":"arborizada","prioridade":37},"geometry":{"type":"Polygon","coordinates":[[[-42.73962,-5.11039],[-42.73859,-5.10868],[-42.73955,-5.10694],[-42.74155,-5.1069],[-42.74258,-5.1086],[-42.74162,-5.11035],[-42.73962,-5.11039]]]}},{"type":"Feature","id":1725169833,"properties":{"h3":"898005555a3ffff","bairro":"Vila Bagdá","copa":27.6,"verde":32.5,"construido":67.5,"temp":43.4,"urbano":true,"classe":"arborizada","prioridade":12},"geometry":{"type":"Polygon","coordinates":[[[-42.73364,-5.11051],[-42.7326,-5.10881],[-42.73357,-5.10706],[-42.73556,-5.10702],[-42.7366,-5.10872],[-42.73563,-5.11047],[-42.73364,-5.11051]]]}},{"type":"Feature","id":2079064233,"properties":{"h3":"89800556abbffff","bairro":"Vila Nova Parnaíba","copa":47.7,"verde":56.2,"construido":43.1,"temp":35.1,"urbano":true,"classe":"arborizada","prioridade":0},"geometry":{"type":"Polygon","coordinates":[[[-42.81451,-5.11059],[-42.81348,-5.10888],[-42.81444,-5.10714],[-42.81644,-5.1071],[-42.81747,-5.1088],[-42.81651,-5.11054],[-42.81451,-5.11059]]]}},{"type":"Feature","id":2068054185,"properties":{"h3":"89800556a13ffff","bairro":"Vermelha","copa":0.5,"verde":0.5,"construido":99.5,"temp":45.8,"urbano":true,"classe":"critica","prioridade":80},"geometry":{"type":"Polygon","coordinates":[[[-42.80853,-5.11071],[-42.80749,-5.10901],[-42.80846,-5.10726],[-42.81045,-5.10722],[-42.81149,-5.10892],[-42.81052,-5.11067],[-42.80853,-5.11071]]]}},{"type":"Feature","id":2080374953,"properties":{"h3":"89800556acfffff","bairro":"Macaúba","copa":1.1,"verde":3.2,"construido":96.8,"temp":45.9,"urbano":true,"classe":"critica","prioridade":80},"geometry":{"type":"Polygon","coordinates":[[[-42.80254,-5.11083],[-42.8015,-5.10913],[-42.80247,-5.10739],[-42.80446,-5.10735],[-42.8055,-5.10905],[-42.80453,-5.11079],[-42.80254,-5.11083]]]}},{"type":"Feature","id":1448607913,"properties":{"h3":"89800554527ffff","bairro":"Monte Castelo","copa":17.6,"verde":20.1,"construido":79.1,"temp":45.1,"urbano":true,"classe":"moderada","prioridade":42},"geometry":{"type":"Polygon","coordinates":[[[-42.79655,-5.11095],[-42.79552,-5.10925],[-42.79648,-5.10751],[-42.79848,-5.10747],[-42.79951,-5.10917],[-42.79855,-5.11091],[-42.79655,-5.11095]]]}},{"type":"Feature","id":1719926953,"properties":{"h3":"89800555553ffff","bairro":"Conj. Rodoviários II","copa":29.5,"verde":49.9,"construido":49.6,"temp":45.0,"urbano":true,"classe":"arborizada","prioridade":17},"geometry":{"type":"Polygon","coordinates":[[[-42.71567,-5.11087],[-42.71464,-5.10917],[-42.7156,-5.10743],[-42.7176,-5.10739],[-42.71863,-5.10909],[-42.71767,-5.11083],[-42.71567,-5.11087]]]}},{"type":"Feature","id":1700790441,"properties":{"h3":"8980055542fffff","bairro":"Conj. Rodoviários I","copa":44.7,"verde":90.6,"construido":9.4,"temp":42.4,"urbano":false,"classe":"arborizada","prioridade":0},"geometry":{"type":"Polygon","coordinates":[[[-42.70968,-5.11099],[-42.70865,-5.10929],[-42.70961,-5.10755],[-42.71161,-5.10751],[-42.71264,-5.10921],[-42.71168,-5.11095],[-42.70968,-5.11099]]]}},{"type":"Feature","id":1448870057,"properties":{"h3":"8980055452bffff","bairro":"Cidade Nova","copa":14.5,"verde":16.6,"construido":83.1,"temp":45.9,"urbano":true,"classe":"moderada","prioridade":53},"geometry":{"type":"Polygon","coordinates":[[[-42.79056,-5.11107],[-42.78953,-5.10937],[-42.79049,-5.10763],[-42.79249,-5.10759],[-42.79352,-5.10929],[-42.79256,-5.11103],[-42.79056,-5.11107]]]}},{"type":"Feature","id":1704460457,"properties":{"h3":"89800555467ffff","bairro":"Verdecap","copa":40.1,"verde":85.9,"construido":5.0,"temp":38.5,"urbano":false,"classe":"arborizada","prioridade":0},"geometry":{"type":"Polygon","coordinates":[[[-42.70369,-5.11111],[-42.70266,-5.10941],[-42.70362,-5.10767],[-42.70562,-5.10763],[-42.70665,-5.10933],[-42.70569,-5.11107],[-42.70369,-5.11111]]]}},{"type":"Feature","id":1452540073,"properties":{"h3":"89800554563ffff","bairro":"Cidade Nova","copa":4.9,"verde":4.9,"construido":95.1,"temp":47.1,"urbano":true,"classe":"critica","prioridade":79},"geometry":{"type":"Polygon","coordinates":[[[-42.78457,-5.1112],[-42.78354,-5.10949],[-42.7845,-5.10775],[-42.7865,-5.10771],[-42.78753,-5.10941],[-42.78657,-5.11115],[-42.78457,-5.1112]]]}},{"type":"Feature","id":1374159017,"properties":{"h3":"898005540b7ffff","bairro":"Beira Rio","copa":68.0,"verde":87.5,"construido":7.4,"temp":null,"urbano":false,"classe":"arborizada","prioridade":0},"geometry":{"type":"Polygon","coordinates":[[[-42.77858,-5.11132],[-42.77755,-5.10962],[-42.77851,-5.10787],[-42.78051,-5.10783],[-42.78154,-5.10953],[-42.78058,-5.11128],[-42.77858,-5.11132]]]}},{"type":"Feature","id":1374421161,"properties":{"h3":"898005540bbffff","bairro":"Beira Rio","copa":22.4,"verde":46.9,"construido":52.0,"temp":47.9,"urbano":true,"classe":"moderada","prioridade":48},"geometry":{"type":"Polygon","coordinates":[[[-42.7726,-5.11144],[-42.77156,-5.10974],[-42.77253,-5.108],[-42.77452,-5.10795],[-42.77556,-5.10966],[-42.77459,-5.1114],[-42.7726,-5.11144]]]}},{"type":"Feature","id":1363411113,"properties":{"h3":"89800554013ffff","bairro":"Vila da Benção","copa":13.6,"verde":20.9,"construido":79.1,"temp":46.8,"urbano":true,"classe":"moderada","prioridade":60},"geometry":{"type":"Polygon","coordinates":[[[-42.76661,-5.11156],[-42.76557,-5.10986],[-42.76654,-5.10812],[-42.76853,-5.10808],[-42.76957,-5.10978],[-42.7686,-5.11152],[-42.76661,-5.11156]]]}},{"type":"Feature","id":1375731881,"properties":{"h3":"898005540cfffff","bairro":"Dirceu Arcoverde II","copa":3.5,"verde":12.3,"construido":85.0,"temp":47.4,"urbano":true,"classe":"critica","prioridade":83},"geometry":{"type":"Polygon","coordinates":[[[-42.76062,-5.11168],[-42.75959,-5.10998],[-42.76055,-5.10824],[-42.76255,-5.1082],[-42.76358,-5.1099],[-42.76262,-5.11164],[-42.76062,-5.11168]]]}},{"type":"Feature","id":1465385129,"properties":{"h3":"89800554627ffff","bairro":"Dirceu Arcoverde II","copa":0.8,"verde":18.4,"construido":78.9,"temp":47.8,"urbano":true,"classe":"critica","prioridade":91},"geometry":{"type":"Polygon","coordinates":[[[-42.75463,-5.1118],[-42.7536,-5.1101],[-42.75456,-5.10836],[-42.75656,-5.10832],[-42.75759,-5.11002],[-42.75663,-5.11176],[-42.75463,-5.1118]]]}},{"type":"Feature","id":1465647273,"properties":{"h3":"8980055462bffff","bairro":"Novo Horizonte","copa":0.0,"verde":13.8,"construido":86.2,"temp":48.8,"urbano":true,"classe":"critica","prioridade":99},"geometry":{"type":"Polygon","coordinates":[[[-42.74864,-5.11193],[-42.74761,-5.11022],[-42.74857,-5.10848],[-42.75057,-5.10844],[-42.7516,-5.11014],[-42.75064,-5.11188],[-42.74864,-5.11193]]]}},{"type":"Feature","id":1469317289,"properties":{"h3":"89800554663ffff","bairro":"Manoel Evangelista II","copa":16.4,"verde":27.7,"construido":70.7,"temp":45.1,"urbano":true,"classe":"moderada","prioridade":45},"geometry":{"type":"Polygon","coordinates":[[[-42.74265,-5.11205],[-42.74162,-5.11035],[-42.74258,-5.1086],[-42.74458,-5.10856],[-42.74561,-5.11026],[-42.74465,-5.11201],[-42.74265,-5.11205]]]}},{"type":"Feature","id":1726480553,"properties":{"h3":"898005555b7ffff","bairro":"Parque Poti","copa":0.3,"verde":0.8,"construido":99.2,"temp":46.6,"urbano":true,"classe":"critica","prioridade":85},"geometry":{"type":"Polygon","coordinates":[[[-42.73667,-5.11217],[-42.73563,-5.11047],[-42.7366,-5.10872],[-42.73859,-5.10868],[-42.73962,-5.11039],[-42.73866,-5.11213],[-42.73667,-5.11217]]]}},{"type":"Feature","id":1726742697,"properties":{"h3":"898005555bbffff","bairro":"Conj. São Paulo","copa":10.7,"verde":34.0,"construido":65.8,"temp":45.4,"urbano":true,"classe":"pouca","prioridade":58},"geometry":{"type":"Polygon","coordinates":[[[-42.73068,-5.11229],[-42.72964,-5.11059],[-42.73061,-5.10885],[-42.7326,-5.10881],[-42.73364,-5.11051],[-42.73267,-5.11225],[-42.73068,-5.11229]]]}},{"type":"Feature","id":2076180649,"properties":{"h3":"89800556a8fffff","bairro":"Vila Nova Parnaíba","copa":10.2,"verde":15.5,"construido":84.5,"temp":44.4,"urbano":true,"classe":"pouca","prioridade":53},"geometry":{"type":"Polygon","coordinates":[[[-42.81156,-5.11237],[-42.81052,-5.11067],[-42.81149,-5.10892],[-42.81348,-5.10888],[-42.81451,-5.11059],[-42.81355,-5.11233],[-42.81156,-5.11237]]]}},{"type":"Feature","id":2079850665,"properties":{"h3":"89800556ac7ffff","bairro":"Pio XII","copa":0.3,"verde":3.5,"construido":96.5,"temp":46.2,"urbano":true,"classe":"critica","prioridade":83},"geometry":{"type":"Polygon","coordinates":[[[-42.80557,-5.11249],[-42.80453,-5.11079],[-42.8055,-5.10905],[-42.80749,-5.10901],[-42.80853,-5.11071],[-42.80756,-5.11245],[-42.80557,-5.11249]]]}},{"type":"Feature","id":2080112809,"properties":{"h3":"89800556acbffff","bairro":"Pio XII","copa":1.1,"verde":6.1,"construido":93.9,"temp":46.7,"urbano":true,"classe":"critica","prioridade":84},"geometry":{"type":"Polygon","coordinates":[[[-42.79958,-5.11261],[-42.79855,-5.11091],[-42.79951,-5.10917],[-42.8015,-5.10913],[-42.80254,-5.11083],[-42.80158,-5.11257],[-42.79958,-5.11261]]]}},{"type":"Feature","id":1728053417,"properties":{"h3":"898005555cfffff","bairro":"Conj. Rodoviários II","copa":70.9,"verde":96.7,"construido":3.3,"temp":41.3,"urbano":false,"classe":"arborizada","prioridade":0},"geometry":{"type":"Polygon","coordinates":[[[-42.7187,-5.11253],[-42.71767,-5.11083],[-42.71863,-5.10909],[-42.72063,-5.10905],[-42.72166,-5.11075],[-42.7207,-5.11249],[-42.7187,-5.11253]]]}},{"type":"Feature","id":1700266153,"properties":{"h3":"89800555427ffff","bairro":"Conj. Rodoviários I","copa":58.8,"verde":96.3,"construido":3.7,"temp":39.7,"urbano":false,"classe":"arborizada","prioridade":0},"geometry":{"type":"Polygon","coordinates":[[[-42.71271,-5.11265],[-42.71168,-5.11095],[-42.71264,-5.10921],[-42.71464,-5.10917],[-42.71567,-5.11087],[-42.71471,-5.11261],[-42.71271,-5.11265]]]}},{"type":"Feature","id":1448345769,"properties":{"h3":"89800554523ffff","bairro":"Cidade Nova","copa":8.6,"verde":9.9,"construido":88.7,"temp":47.2,"urbano":true,"classe":"pouca","prioridade":72},"geometry":{"type":"Polygon","coordinates":[[[-42.79359,-5.11273],[-42.79256,-5.11103],[-42.79352,-5.10929],[-42.79552,-5.10925],[-42.79655,-5.11095],[-42.79559,-5.11269],[-42.79359,-5.11273]]]}},{"type":"Feature","id":1453850793,"properties":{"h3":"89800554577ffff","bairro":"Cidade Nova","copa":8.5,"verde":8.5,"construido":91.5,"temp":47.2,"urbano":true,"classe":"pouca","prioridade":72},"geometry":{"type":"Polygon","coordinates":[[[-42.7876,-5.11286],[-42.78657,-5.11115],[-42.78753,-5.10941],[-42.78953,-5.10937],[-42.79056,-5.11107],[-42.7896,-5.11282],[-42.7876,-5.11286]]]}},{"type":"Feature","id":1454112937,"properties":{"h3":"8980055457bffff","bairro":"Vila da Paz","copa":0.8,"verde":4.3,"construido":94.9,"temp":47.0,"urbano":true,"classe":"critica","prioridade":86},"geometry":{"type":"Polygon","coordinates":[[[-42.78161,-5.11298],[-42.78058,-5.11128],[-42.78154,-5.10953],[-42.78354,-5.10949],[-42.78457,-5.1112],[-42.78361,-5.11294],[-42.78161,-5.11298]]]}},{"type":"Feature","id":1704198313,"properties":{"h3":"89800555463ffff","bairro":"Verdecap","copa":55.4,"verde":96.5,"construido":3.5,"temp":42.3,"urbano":false,"classe":"arborizada","prioridade":0},"geometry":{"type":"Polygon","coordinates":[[[-42.70073,-5.1129],[-42.6997,-5.11119],[-42.70066,-5.10945],[-42.70266,-5.10941],[-42.70369,-5.11111],[-42.70273,-5.11286],[-42.70073,-5.1129]]]}},{"type":"Feature","id":1371537577,"properties":{"h3":"8980055408fffff","bairro":"Tancredo Neves","copa":3.8,"verde":10.1,"construido":89.6,"temp":47.9,"urbano":true,"classe":"critica","prioridade":86},"geometry":{"type":"Polygon","coordinates":[[[-42.76964,-5.11322],[-42.7686,-5.11152],[-42.76957,-5.10978],[-42.77156,-5.10974],[-42.7726,-5.11144],[-42.77163,-5.11318],[-42.76964,-5.11322]]]}},{"type":"Feature","id":1375207593,"properties":{"h3":"898005540c7ffff","bairro":"Vila Francisca Lemos","copa":18.8,"verde":30.8,"construido":68.1,"temp":47.1,"urbano":true,"classe":"moderada","prioridade":51},"geometry":{"type":"Polygon","coordinates":[[[-42.76365,-5.11334],[-42.76262,-5.11164],[-42.76358,-5.1099],[-42.76557,-5.10986],[-42.76661,-5.11156],[-42.76564,-5.1133],[-42.76365,-5.11334]]]}},{"type":"Feature","id":1375469737,"properties":{"h3":"898005540cbffff","bairro":"Dirceu Arcoverde II","copa":0.5,"verde":9.6,"construido":89.1,"temp":47.4,"urbano":true,"classe":"critica","prioridade":89},"geometry":{"type":"Polygon","coordinates":[[[-42.75766,-5.11346],[-42.75663,-5.11176],[-42.75759,-5.11002],[-42.75959,-5.10998],[-42.76062,-5.11168],[-42.75966,-5.11342],[-42.75766,-5.11346]]]}},{"type":"Feature","id":1465122985,"properties":{"h3":"89800554623ffff","bairro":"Vila Cel. Carlos Falcão","copa":0.3,"verde":0.3,"construido":99.7,"temp":47.6,"urbano":true,"classe":"critica","prioridade":91},"geometry":{"type":"Polygon","coordinates":[[[-42.75167,-5.11359],[-42.75064,-5.11188],[-42.7516,-5.11014],[-42.7536,-5.1101],[-42.75463,-5.1118],[-42.75367,-5.11355],[-42.75167,-5.11359]]]}},{"type":"Feature","id":1470628009,"properties":{"h3":"89800554677ffff","bairro":"Manoel Evangelista I","copa":0.3,"verde":17.6,"construido":76.6,"temp":46.7,"urbano":true,"classe":"critica","prioridade":86},"geometry":{"type":"Polygon","coordinates":[[[-42.74568,-5.11371],[-42.74465,-5.11201],[-42.74561,-5.11026],[-42.74761,-5.11022],[-42.74864,-5.11193],[-42.74768,-5.11367],[-42.74568,-5.11371]]]}},{"type":"Feature","id":1470890153,"properties":{"h3":"8980055467bffff","bairro":"Parque Poti","copa":14.8,"verde":20.7,"construido":76.9,"temp":45.4,"urbano":true,"classe":"moderada","prioridade":50},"geometry":{"type":"Polygon","coordinates":[[[-42.73969,-5.11383],[-42.73866,-5.11213],[-42.73962,-5.11039],[-42.74162,-5.11035],[-42.74265,-5.11205],[-42.74169,-5.11379],[-42.73969,-5.11383]]]}},{"type":"Feature","id":1726218409,"properties":{"h3":"898005555b3ffff","bairro":"Conj. Firmino Filho","copa":37.1,"verde":41.4,"construido":58.6,"temp":44.8,"urbano":true,"classe":"arborizada","prioridade":16},"geometry":{"type":"Polygon","coordinates":[[[-42.73371,-5.11395],[-42.73267,-5.11225],[-42.73364,-5.11051],[-42.73563,-5.11047],[-42.73667,-5.11217],[-42.7357,-5.11391],[-42.73371,-5.11395]]]}},{"type":"Feature","id":2075918505,"properties":{"h3":"89800556a8bffff","bairro":"Vila Nova Parnaíba","copa":4.5,"verde":4.8,"construido":95.0,"temp":44.5,"urbano":true,"classe":"critica","prioridade":65},"geometry":{"type":"Polygon","coordinates":[[[-42.8086,-5.11415],[-42.80756,-5.11245],[-42.80853,-5.11071],[-42.81052,-5.11067],[-42.81156,-5.11237],[-42.81059,-5.11411],[-42.8086,-5.11415]]]}},{"type":"Feature","id":2079588521,"properties":{"h3":"89800556ac3ffff","bairro":"Pio XII","copa":0.0,"verde":2.7,"construido":97.3,"temp":47.2,"urbano":true,"classe":"critica","prioridade":89},"geometry":{"type":"Polygon","coordinates":[[[-42.80261,-5.11427],[-42.80158,-5.11257],[-42.80254,-5.11083],[-42.80453,-5.11079],[-42.80557,-5.11249],[-42.8046,-5.11423],[-42.80261,-5.11427]]]}},{"type":"Feature","id":1727529129,"properties":{"h3":"898005555c7ffff","bairro":"Conj. Rodoviários II","copa":61.3,"verde":90.9,"construido":8.8,"temp":43.1,"urbano":false,"classe":"arborizada","prioridade":0},"geometry":{"type":"Polygon","coordinates":[[[-42.72173,-5.11419],[-42.7207,-5.11249],[-42.72166,-5.11075],[-42.72366,-5.11071],[-42.72469,-5.11241],[-42.72373,-5.11415],[-42.72173,-5.11419]]]}},{"type":"Feature","id":1449656489,"properties":{"h3":"89800554537ffff","bairro":"Pio XII","copa":4.3,"verde":6.0,"construido":94.0,"temp":47.6,"urbano":true,"classe":"critica","prioridade":83},"geometry":{"type":"Polygon","coordinates":[[[-42.79662,-5.1144],[-42.79559,-5.11269],[-42.79655,-5.11095],[-42.79855,-5.11091],[-42.79958,-5.11261],[-42.79862,-5.11435],[-42.79662,-5.1144]]]}},{"type":"Feature","id":1449918633,"properties":{"h3":"8980055453bffff","bairro":"Vila Costa Rica","copa":0.5,"verde":1.6,"construido":96.2,"temp":47.3,"urbano":true,"classe":"critica","prioridade":88},"geometry":{"type":"Polygon","coordinates":[[[-42.79063,-5.11452],[-42.7896,-5.11282],[-42.79056,-5.11107],[-42.79256,-5.11103],[-42.79359,-5.11273],[-42.79263,-5.11448],[-42.79063,-5.11452]]]}},{"type":"Feature","id":1453588649,"properties":{"h3":"89800554573ffff","bairro":"Três Andares","copa":0.8,"verde":0.8,"construido":99.2,"temp":48.1,"urbano":true,"classe":"critica","prioridade":93},"geometry":{"type":"Polygon","coordinates":[[[-42.78464,-5.11464],[-42.78361,-5.11294],[-42.78457,-5.1112],[-42.78657,-5.11115],[-42.7876,-5.11286],[-42.78664,-5.1146],[-42.78464,-5.11464]]]}},{"type":"Feature","id":1705771177,"properties":{"h3":"8980055547bffff","bairro":"Lot. Nova Santana","copa":64.3,"verde":96.5,"construido":3.5,"temp":39.7,"urbano":false,"classe":"arborizada","prioridade":0},"geometry":{"type":"Polygon","coordinates":[[[-42.69777,-5.11468],[-42.69674,-5.11298],[-42.6977,-5.11123],[-42.6997,-5.11119],[-42.70073,-5.1129],[-42.69977,-5.11464],[-42.69777,-5.11468]]]}},{"type":"Feature","id":1451229353,"properties":{"h3":"8980055454fffff","bairro":"Parque Rodoviário","copa":47.5,"verde":56.2,"construido":43.5,"temp":39.9,"urbano":true,"classe":"arborizada","prioridade":0},"geometry":{"type":"Polygon","coordinates":[[[-42.77865,-5.11476],[-42.77762,-5.11306],[-42.77858,-5.11132],[-42.78058,-5.11128],[-42.78161,-5.11298],[-42.78065,-5.11472],[-42.77865,-5.11476]]]}},{"type":"Feature","id":1371013289,"properties":{"h3":"89800554087ffff","bairro":"Tancredo Neves","copa":40.4,"verde":54.7,"construido":45.3,"temp":41.6,"urbano":true,"classe":"arborizada","prioridade":0},"geometry":{"type":"Polygon","coordinates":[[[-42.77267,-5.11488],[-42.77163,-5.11318],[-42.7726,-5.11144],[-42.77459,-5.1114],[-42.77563,-5.1131],[-42.77466,-5.11484],[-42.77267,-5.11488]]]}},{"type":"Feature","id":1371275433,"properties":{"h3":"8980055408bffff","bairro":"Tancredo Neves","copa":24.1,"verde":47.3,"construido":52.7,"temp":44.4,"urbano":true,"classe":"moderada","prioridade":25},"geometry":{"type":"Polygon","coordinates":[[[-42.76668,-5.115],[-42.76564,-5.1133],[-42.76661,-5.11156],[-42.7686,-5.11152],[-42.76964,-5.11322],[-42.76867,-5.11496],[-42.76668,-5.115]]]}},{"type":"Feature","id":1374945449,"properties":{"h3":"898005540c3ffff","bairro":"Vila Eugênia Ferraz","copa":1.1,"verde":4.5,"construido":91.2,"temp":48.1,"urbano":true,"classe":"critica","prioridade":92},"geometry":{"type":"Polygon","coordinates":[[[-42.76069,-5.11513],[-42.75966,-5.11342],[-42.76062,-5.11168],[-42.76262,-5.11164],[-42.76365,-5.11334],[-42.76269,-5.11509],[-42.76069,-5.11513]]]}},{"type":"Feature","id":1466433705,"properties":{"h3":"89800554637ffff","bairro":"Dirceu Arcoverde II","copa":0.0,"verde":0.0,"construido":100.0,"temp":48.4,"urbano":true,"classe":"critica","prioridade":96},"geometry":{"type":"Polygon","coordinates":[[[-42.7547,-5.11525],[-42.75367,-5.11355],[-42.75463,-5.1118],[-42.75663,-5.11176],[-42.75766,-5.11346],[-42.7567,-5.11521],[-42.7547,-5.11525]]]}},{"type":"Feature","id":1466695849,"properties":{"h3":"8980055463bffff","bairro":"Novo Horizonte","copa":0.0,"verde":0.0,"construido":100.0,"temp":48.5,"urbano":true,"classe":"critica","prioridade":96},"geometry":{"type":"Polygon","coordinates":[[[-42.74871,-5.11537],[-42.74768,-5.11367],[-42.74864,-5.11193],[-42.75064,-5.11188],[-42.75167,-5.11359],[-42.75071,-5.11533],[-42.74871,-5.11537]]]}},{"type":"Feature","id":1470365865,"properties":{"h3":"89800554673ffff","bairro":"Manoel Evangelista I","copa":18.9,"verde":43.7,"construido":54.9,"temp":42.9,"urbano":true,"classe":"moderada","prioridade":27},"geometry":{"type":"Polygon","coordinates":[[[-42.74272,-5.11549],[-42.74169,-5.11379],[-42.74265,-5.11205],[-42.74465,-5.11201],[-42.74568,-5.11371],[-42.74472,-5.11545],[-42.74272,-5.11549]]]}},{"type":"Feature","id":1468006569,"properties":{"h3":"8980055464fffff","bairro":"Conj. Firmino Filho","copa":30.7,"verde":39.7,"construido":60.3,"temp":46.1,"urbano":true,"classe":"arborizada","prioridade":23},"geometry":{"type":"Polygon","coordinates":[[[-42.73674,-5.11561],[-42.7357,-5.11391],[-42.73667,-5.11217],[-42.73866,-5.11213],[-42.73969,-5.11383],[-42.73873,-5.11557],[-42.73674,-5.11561]]]}},{"type":"Feature","id":2075394217,"properties":{"h3":"89800556a83ffff","bairro":"Vila Nova Parnaíba","copa":24.1,"verde":25.4,"construido":74.6,"temp":43.6,"urbano":true,"classe":"moderada","prioridade":21},"geometry":{"type":"Polygon","coordinates":[[[-42.81163,-5.11581],[-42.81059,-5.11411],[-42.81156,-5.11237],[-42.81355,-5.11233],[-42.81458,-5.11403],[-42.81362,-5.11577],[-42.81163,-5.11581]]]}},{"type":"Feature","id":2080899241,"properties":{"h3":"89800556ad7ffff","bairro":"Pio XII","copa":0.0,"verde":0.0,"construido":100.0,"temp":46.2,"urbano":true,"classe":"critica","prioridade":84},"geometry":{"type":"Polygon","coordinates":[[[-42.80564,-5.11593],[-42.8046,-5.11423],[-42.80557,-5.11249],[-42.80756,-5.11245],[-42.8086,-5.11415],[-42.80763,-5.11589],[-42.80564,-5.11593]]]}},{"type":"Feature","id":1727266985,"properties":{"h3":"898005555c3ffff","bairro":"Lot. Parque Poty II","copa":71.6,"verde":94.4,"construido":5.6,"temp":41.0,"urbano":false,"classe":"arborizada","prioridade":0},"geometry":{"type":"Polygon","coordinates":[[[-42.71877,-5.11598],[-42.71774,-5.11427],[-42.7187,-5.11253],[-42.7207,-5.11249],[-42.72173,-5.11419],[-42.72077,-5.11594],[-42.71877,-5.11598]]]}},{"type":"Feature","id":2081161385,"properties":{"h3":"89800556adbffff","bairro":"Pio XII","copa":3.8,"verde":8.4,"construido":90.2,"temp":46.8,"urbano":true,"classe":"critica","prioridade":79},"geometry":{"type":"Polygon","coordinates":[[[-42.79965,-5.11606],[-42.79862,-5.11435],[-42.79958,-5.11261],[-42.80158,-5.11257],[-42.80261,-5.11427],[-42.80165,-5.11602],[-42.79965,-5.11606]]]}},{"type":"Feature","id":1449394345,"properties":{"h3":"89800554533ffff","bairro":"Redenção","copa":0.8,"verde":2.5,"construido":95.4,"temp":48.5,"urbano":true,"classe":"critica","prioridade":95},"geometry":{"type":"Polygon","coordinates":[[[-42.79366,-5.11618],[-42.79263,-5.11448],[-42.79359,-5.11273],[-42.79559,-5.11269],[-42.79662,-5.1144],[-42.79566,-5.11614],[-42.79366,-5.11618]]]}},{"type":"Feature","id":1701314729,"properties":{"h3":"89800555437ffff","bairro":"Lot. Parque Poty II","copa":37.6,"verde":90.1,"construido":9.6,"temp":40.5,"urbano":false,"classe":"arborizada","prioridade":0},"geometry":{"type":"Polygon","coordinates":[[[-42.71278,-5.1161],[-42.71175,-5.1144],[-42.71271,-5.11265],[-42.71471,-5.11261],[-42.71574,-5.11431],[-42.71478,-5.11606],[-42.71278,-5.1161]]]}},{"type":"Feature","id":1447035049,"properties":{"h3":"8980055450fffff","bairro":"Vila Costa Rica","copa":1.3,"verde":1.3,"construido":98.7,"temp":47.0,"urbano":true,"classe":"critica","prioridade":85},"geometry":{"type":"Polygon","coordinates":[[[-42.78767,-5.1163],[-42.78664,-5.1146],[-42.7876,-5.11286],[-42.7896,-5.11282],[-42.79063,-5.11452],[-42.78967,-5.11626],[-42.78767,-5.1163]]]}},{"type":"Feature","id":1450705065,"properties":{"h3":"89800554547ffff","bairro":"Vila da Paz","copa":11.7,"verde":22.6,"construido":77.4,"temp":45.6,"urbano":true,"classe":"pouca","prioridade":57},"geometry":{"type":"Polygon","coordinates":[[[-42.78168,-5.11642],[-42.78065,-5.11472],[-42.78161,-5.11298],[-42.78361,-5.11294],[-42.78464,-5.11464],[-42.78368,-5.11638],[-42.78168,-5.11642]]]}},{"type":"Feature","id":1702887593,"properties":{"h3":"8980055544fffff","bairro":"Lot. Nova Santana","copa":36.3,"verde":96.0,"construido":3.5,"temp":43.9,"urbano":false,"classe":"arborizada","prioridade":0},"geometry":{"type":"Polygon","coordinates":[[[-42.69482,-5.11646],[-42.69378,-5.11476],[-42.69475,-5.11302],[-42.69674,-5.11298],[-42.69777,-5.11468],[-42.69681,-5.11642],[-42.69482,-5.11646]]]}},{"type":"Feature","id":1450967209,"properties":{"h3":"8980055454bffff","bairro":"Parque Rodoviário","copa":54.2,"verde":78.6,"construido":21.4,"temp":44.1,"urbano":false,"classe":"arborizada","prioridade":0},"geometry":{"type":"Polygon","coordinates":[[[-42.7757,-5.11654],[-42.77466,-5.11484],[-42.77563,-5.1131],[-42.77762,-5.11306],[-42.77865,-5.11476],[-42.77769,-5.1165],[-42.7757,-5.11654]]]}},{"type":"Feature","id":1370751145,"properties":{"h3":"89800554083ffff","bairro":"Tancredo Neves","copa":48.8,"verde":57.1,"construido":42.3,"temp":42.7,"urbano":true,"classe":"arborizada","prioridade":3},"geometry":{"type":"Polygon","coordinates":[[[-42.76971,-5.11667],[-42.76867,-5.11496],[-42.76964,-5.11322],[-42.77163,-5.11318],[-42.77267,-5.11488],[-42.7717,-5.11662],[-42.76971,-5.11667]]]}},{"type":"Feature","id":1376256169,"properties":{"h3":"898005540d7ffff","bairro":"Res. Fortes","copa":7.8,"verde":35.8,"construido":50.3,"temp":49.4,"urbano":true,"classe":"pouca","prioridade":84},"geometry":{"type":"Polygon","coordinates":[[[-42.76372,-5.11679],[-42.76269,-5.11509],[-42.76365,-5.11334],[-42.76564,-5.1133],[-42.76668,-5.115],[-42.76571,-5.11675],[-42.76372,-5.11679]]]}},{"type":"Feature","id":1376518313,"properties":{"h3":"898005540dbffff","bairro":"Vila Eugênia Ferraz","copa":2.1,"verde":2.7,"construido":97.3,"temp":47.1,"urbano":true,"classe":"critica","prioridade":84},"geometry":{"type":"Polygon","coordinates":[[[-42.75773,-5.11691],[-42.7567,-5.11521],[-42.75766,-5.11346],[-42.75966,-5.11342],[-42.76069,-5.11513],[-42.75973,-5.11687],[-42.75773,-5.11691]]]}},{"type":"Feature","id":1466171561,"properties":{"h3":"89800554633ffff","bairro":"Vila Cel. Carlos Falcão","copa":2.5,"verde":3.0,"construido":97.0,"temp":47.6,"urbano":true,"classe":"critica","prioridade":86},"geometry":{"type":"Polygon","coordinates":[[[-42.75174,-5.11703],[-42.75071,-5.11533],[-42.75167,-5.11359],[-42.75367,-5.11355],[-42.7547,-5.11525],[-42.75374,-5.11699],[-42.75174,-5.11703]]]}},{"type":"Feature","id":1463812265,"properties":{"h3":"8980055460fffff","bairro":"Manoel Evangelista I","copa":3.2,"verde":5.3,"construido":94.7,"temp":48.6,"urbano":true,"classe":"critica","prioridade":91},"geometry":{"type":"Polygon","coordinates":[[[-42.74575,-5.11715],[-42.74472,-5.11545],[-42.74568,-5.11371],[-42.74768,-5.11367],[-42.74871,-5.11537],[-42.74775,-5.11711],[-42.74575,-5.11715]]]}},{"type":"Feature","id":1467482281,"properties":{"h3":"89800554647ffff","bairro":"Manoel Evangelista II","copa":37.0,"verde":49.2,"construido":44.7,"temp":45.0,"urbano":true,"classe":"arborizada","prioridade":15},"geometry":{"type":"Polygon","coordinates":[[[-42.73976,-5.11727],[-42.73873,-5.11557],[-42.73969,-5.11383],[-42.74169,-5.11379],[-42.74272,-5.11549],[-42.74176,-5.11723],[-42.73976,-5.11727]]]}},{"type":"Feature","id":2076967081,"properties":{"h3":"89800556a9bffff","bairro":"São Pedro","copa":0.5,"verde":0.5,"construido":99.5,"temp":46.1,"urbano":true,"classe":"critica","prioridade":82},"geometry":{"type":"Polygon","coordinates":[[[-42.80867,-5.11759],[-42.80763,-5.11589],[-42.8086,-5.11415],[-42.81059,-5.11411],[-42.81163,-5.11581],[-42.81066,-5.11755],[-42.80867,-5.11759]]]}},{"type":"Feature","id":1728577705,"properties":{"h3":"898005555d7ffff","bairro":"Lot. Parque Poty II","copa":46.9,"verde":91.5,"construido":8.5,"temp":41.5,"urbano":false,"classe":"arborizada","prioridade":0},"geometry":{"type":"Polygon","coordinates":[[[-42.7218,-5.11764],[-42.72077,-5.11594],[-42.72173,-5.11419],[-42.72373,-5.11415],[-42.72476,-5.11585],[-42.7238,-5.1176],[-42.7218,-5.11764]]]}},{"type":"Feature","id":2080637097,"properties":{"h3":"89800556ad3ffff","bairro":"Pio XII","copa":1.9,"verde":4.4,"construido":95.6,"temp":46.6,"urbano":true,"classe":"critica","prioridade":82},"geometry":{"type":"Polygon","coordinates":[[[-42.80268,-5.11772],[-42.80165,-5.11602],[-42.80261,-5.11427],[-42.8046,-5.11423],[-42.80564,-5.11593],[-42.80467,-5.11768],[-42.80268,-5.11772]]]}},{"type":"Feature","id":1457520809,"properties":{"h3":"898005545afffff","bairro":"Redenção","copa":2.2,"verde":6.8,"construido":91.6,"temp":47.9,"urbano":true,"classe":"critica","prioridade":89},"geometry":{"type":"Polygon","coordinates":[[[-42.79669,-5.11784],[-42.79566,-5.11614],[-42.79662,-5.1144],[-42.79862,-5.11435],[-42.79965,-5.11606],[-42.79869,-5.1178],[-42.79669,-5.11784]]]}},{"type":"Feature","id":1728839849,"properties":{"h3":"898005555dbffff","bairro":"Lot. Parque Poty II","copa":33.2,"verde":79.8,"construido":17.0,"temp":44.6,"urbano":false,"classe":"arborizada","prioridade":0},"geometry":{"type":"Polygon","coordinates":[[[-42.71581,-5.11776],[-42.71478,-5.11606],[-42.71574,-5.11431],[-42.71774,-5.11427],[-42.71877,-5.11598],[-42.71781,-5.11772],[-42.71581,-5.11776]]]}},{"type":"Feature","id":1446510761,"properties":{"h3":"89800554507ffff","bairro":"Vila Jerusalém","copa":0.0,"verde":15.6,"construido":84.1,"temp":48.1,"urbano":true,"classe":"critica","prioridade":94},"geometry":{"type":"Polygon","coordinates":[[[-42.7907,-5.11796],[-42.78967,-5.11626],[-42.79063,-5.11452],[-42.79263,-5.11448],[-42.79366,-5.11618],[-42.7927,-5.11792],[-42.7907,-5.11796]]]}},{"type":"Feature","id":1701052585,"properties":{"h3":"89800555433ffff","bairro":"Conj. Recanto dos Pássaros","copa":30.1,"verde":86.6,"construido":13.2,"temp":41.2,"urbano":false,"classe":"arborizada","prioridade":0},"geometry":{"type":"Polygon","coordinates":[[[-42.70982,-5.11788],[-42.70879,-5.11618],[-42.70975,-5.11444],[-42.71175,-5.1144],[-42.71278,-5.1161],[-42.71182,-5.11784],[-42.70982,-5.11788]]]}},{"type":"Feature","id":1698693289,"properties":{"h3":"8980055540fffff","bairro":"Conj. Recanto dos Pássaros","copa":14.1,"verde":69.2,"construido":30.8,"temp":48.1,"urbano":true,"classe":"moderada","prioridade":41},"geometry":{"type":"Polygon","coordinates":[[[-42.70383,-5.118],[-42.7028,-5.1163],[-42.70376,-5.11456],[-42.70576,-5.11452],[-42.70679,-5.11622],[-42.70583,-5.11796],[-42.70383,-5.118]]]}},{"type":"Feature","id":1446772905,"properties":{"h3":"8980055450bffff","bairro":"Vila da Paz","copa":14.4,"verde":18.1,"construido":81.6,"temp":45.3,"urbano":true,"classe":"moderada","prioridade":50},"geometry":{"type":"Polygon","coordinates":[[[-42.78471,-5.11808],[-42.78368,-5.11638],[-42.78464,-5.11464],[-42.78664,-5.1146],[-42.78767,-5.1163],[-42.78671,-5.11804],[-42.78471,-5.11808]]]}},{"type":"Feature","id":1702363305,"properties":{"h3":"89800555447ffff","bairro":"Lot. Nova Santana","copa":11.0,"verde":74.9,"construido":19.3,"temp":50.3,"urbano":false,"classe":"pouca","prioridade":0},"geometry":{"type":"Polygon","coordinates":[[[-42.69784,-5.11812],[-42.69681,-5.11642],[-42.69777,-5.11468],[-42.69977,-5.11464],[-42.7008,-5.11634],[-42.69984,-5.11808],[-42.69784,-5.11812]]]}},{"type":"Feature","id":1450442921,"properties":{"h3":"89800554543ffff","bairro":"Parque Rodoviário","copa":16.8,"verde":18.5,"construido":81.5,"temp":47.1,"urbano":true,"classe":"moderada","prioridade":55},"geometry":{"type":"Polygon","coordinates":[[[-42.77872,-5.1182],[-42.77769,-5.1165],[-42.77865,-5.11476],[-42.78065,-5.11472],[-42.78168,-5.11642],[-42.78072,-5.11816],[-42.77872,-5.1182]]]}},{"type":"Feature","id":1372061865,"properties":{"h3":"89800554097ffff","bairro":"Tancredo Neves","copa":62.2,"verde":93.6,"construido":6.4,"temp":41.7,"urbano":false,"classe":"arborizada","prioridade":0},"geometry":{"type":"Polygon","coordinates":[[[-42.77274,-5.11833],[-42.7717,-5.11662],[-42.77267,-5.11488],[-42.77466,-5.11484],[-42.7757,-5.11654],[-42.77473,-5.11829],[-42.77274,-5.11833]]]}},{"type":"Feature","id":1702625449,"properties":{"h3":"8980055544bffff","bairro":"Lot. Nova Santana","copa":30.6,"verde":72.4,"construido":27.6,"temp":45.5,"urbano":true,"classe":"arborizada","prioridade":11},"geometry":{"type":"Polygon","coordinates":[[[-42.69186,-5.11824],[-42.69082,-5.11654],[-42.69179,-5.1148],[-42.69378,-5.11476],[-42.69482,-5.11646],[-42.69385,-5.1182],[-42.69186,-5.11824]]]}},{"type":"Feature","id":1372324009,"properties":{"h3":"8980055409bffff","bairro":"Comprida","copa":31.1,"verde":53.7,"construido":44.9,"temp":44.2,"urbano":true,"classe":"arborizada","prioridade":11},"geometry":{"type":"Polygon","coordinates":[[[-42.76675,-5.11845],[-42.76571,-5.11675],[-42.76668,-5.115],[-42.76867,-5.11496],[-42.76971,-5.11667],[-42.76874,-5.11841],[-42.76675,-5.11845]]]}},{"type":"Feature","id":1375994025,"properties":{"h3":"898005540d3ffff","bairro":"Parque Alexandria","copa":13.2,"verde":14.5,"construido":85.5,"temp":44.4,"urbano":true,"classe":"moderada","prioridade":47},"geometry":{"type":"Polygon","coordinates":[[[-42.76076,-5.11857],[-42.75973,-5.11687],[-42.76069,-5.11513],[-42.76269,-5.11509],[-42.76372,-5.11679],[-42.76276,-5.11853],[-42.76076,-5.11857]]]}},{"type":"Feature","id":1474298025,"properties":{"h3":"898005546afffff","bairro":"Vila Lucy","copa":0.0,"verde":0.0,"construido":100.0,"temp":47.3,"urbano":true,"classe":"critica","prioridade":90},"geometry":{"type":"Polygon","coordinates":[[[-42.75477,-5.11869],[-42.75374,-5.11699],[-42.7547,-5.11525],[-42.7567,-5.11521],[-42.75773,-5.11691],[-42.75677,-5.11865],[-42.75477,-5.11869]]]}},{"type":"Feature","id":1463287977,"properties":{"h3":"89800554607ffff","bairro":"Lot. Cidade Verde","copa":0.0,"verde":11.4,"construido":86.7,"temp":46.8,"urbano":true,"classe":"critica","prioridade":87},"geometry":{"type":"Polygon","coordinates":[[[-42.74878,-5.11881],[-42.74775,-5.11711],[-42.74871,-5.11537],[-42.75071,-5.11533],[-42.75174,-5.11703],[-42.75078,-5.11877],[-42.74878,-5.11881]]]}},{"type":"Feature","id":1463550121,"properties":{"h3":"8980055460bffff","bairro":"Manoel Evangelista II","copa":9.0,"verde":24.5,"construido":74.7,"temp":46.5,"urbano":true,"classe":"pouca","prioridade":67},"geometry":{"type":"Polygon","coordinates":[[[-42.74279,-5.11893],[-42.74176,-5.11723],[-42.74272,-5.11549],[-42.74472,-5.11545],[-42.74575,-5.11715],[-42.74479,-5.11889],[-42.74279,-5.11893]]]}},{"type":"Feature","id":2076442793,"properties":{"h3":"89800556a93ffff","bairro":"Vila Nova Parnaíba","copa":9.4,"verde":9.9,"construido":90.1,"temp":44.1,"urbano":true,"classe":"pouca","prioridade":53},"geometry":{"type":"Polygon","coordinates":[[[-42.8117,-5.11926],[-42.81066,-5.11755],[-42.81163,-5.11581],[-42.81362,-5.11577],[-42.81466,-5.11747],[-42.81369,-5.11922],[-42.8117,-5.11926]]]}},{"type":"Feature","id":2141192361,"properties":{"h3":"89800556e6fffff","bairro":"São Pedro","copa":0.3,"verde":0.3,"construido":99.7,"temp":46.7,"urbano":true,"classe":"critica","prioridade":86},"geometry":{"type":"Polygon","coordinates":[[[-42.80571,-5.11938],[-42.80467,-5.11768],[-42.80564,-5.11593],[-42.80763,-5.11589],[-42.80867,-5.11759],[-42.8077,-5.11934],[-42.80571,-5.11938]]]}},{"type":"Feature","id":1456996521,"properties":{"h3":"898005545a7ffff","bairro":"Pio XII","copa":0.5,"verde":1.1,"construido":98.9,"temp":46.7,"urbano":true,"classe":"critica","prioridade":86},"geometry":{"type":"Polygon","coordinates":[[[-42.79972,-5.1195],[-42.79869,-5.1178],[-42.79965,-5.11606],[-42.80165,-5.11602],[-42.80268,-5.11772],[-42.80172,-5.11946],[-42.79972,-5.1195]]]}},{"type":"Feature","id":1728315561,"properties":{"h3":"898005555d3ffff","bairro":"Lot. Parque Poty I","copa":45.5,"verde":88.3,"construido":11.7,"temp":42.3,"urbano":false,"classe":"arborizada","prioridade":0},"geometry":{"type":"Polygon","coordinates":[[[-42.71884,-5.11942],[-42.71781,-5.11772],[-42.71877,-5.11598],[-42.72077,-5.11594],[-42.7218,-5.11764],[-42.72084,-5.11938],[-42.71884,-5.11942]]]}},{"type":"Feature","id":1457258665,"properties":{"h3":"898005545abffff","bairro":"Redenção","copa":0.3,"verde":19.5,"construido":62.9,"temp":47.3,"urbano":true,"classe":"critica","prioridade":89},"geometry":{"type":"Polygon","coordinates":[[[-42.79373,-5.11962],[-42.7927,-5.11792],[-42.79366,-5.11618],[-42.79566,-5.11614],[-42.79669,-5.11784],[-42.79573,-5.11958],[-42.79373,-5.11962]]]}},{"type":"Feature","id":1709179049,"properties":{"h3":"898005554afffff","bairro":"Lot. Parque Poty II","copa":48.2,"verde":89.5,"construido":5.8,"temp":40.6,"urbano":false,"classe":"arborizada","prioridade":0},"geometry":{"type":"Polygon","coordinates":[[[-42.71285,-5.11954],[-42.71182,-5.11784],[-42.71278,-5.1161],[-42.71478,-5.11606],[-42.71581,-5.11776],[-42.71485,-5.1195],[-42.71285,-5.11954]]]}},{"type":"Feature","id":1698169001,"properties":{"h3":"89800555407ffff","bairro":"Conj. Recanto dos Pássaros","copa":20.1,"verde":46.9,"construido":53.1,"temp":46.2,"urbano":true,"classe":"moderada","prioridade":43},"geometry":{"type":"Polygon","coordinates":[[[-42.70686,-5.11966],[-42.70583,-5.11796],[-42.70679,-5.11622],[-42.70879,-5.11618],[-42.70982,-5.11788],[-42.70886,-5.11962],[-42.70686,-5.11966]]]}},{"type":"Feature","id":1446248617,"properties":{"h3":"89800554503ffff","bairro":"Vila Menino Deus","copa":14.7,"verde":21.4,"construido":77.8,"temp":46.9,"urbano":true,"classe":"moderada","prioridade":58},"geometry":{"type":"Polygon","coordinates":[[[-42.78774,-5.11974],[-42.78671,-5.11804],[-42.78767,-5.1163],[-42.78967,-5.11626],[-42.7907,-5.11796],[-42.78974,-5.1197],[-42.78774,-5.11974]]]}},{"type":"Feature","id":1698431145,"properties":{"h3":"8980055540bffff","bairro":"Lot. Nova Santana","copa":29.8,"verde":71.5,"construido":27.1,"temp":46.8,"urbano":true,"classe":"arborizada","prioridade":15},"geometry":{"type":"Polygon","coordinates":[[[-42.70087,-5.11978],[-42.69984,-5.11808],[-42.7008,-5.11634],[-42.7028,-5.1163],[-42.70383,-5.118],[-42.70287,-5.11974],[-42.70087,-5.11978]]]}},{"type":"Feature","id":1451753641,"properties":{"h3":"89800554557ffff","bairro":"Catarina","copa":41.9,"verde":67.9,"construido":30.7,"temp":48.3,"urbano":true,"classe":"arborizada","prioridade":22},"geometry":{"type":"Polygon","coordinates":[[[-42.78175,-5.11987],[-42.78072,-5.11816],[-42.78168,-5.11642],[-42.78368,-5.11638],[-42.78471,-5.11808],[-42.78375,-5.11982],[-42.78175,-5.11987]]]}},{"type":"Feature","id":1452015785,"properties":{"h3":"8980055455bffff","bairro":"Parque Rodoviário","copa":45.4,"verde":79.2,"construido":19.0,"temp":42.0,"urbano":false,"classe":"arborizada","prioridade":0},"geometry":{"type":"Polygon","coordinates":[[[-42.77577,-5.11999],[-42.77473,-5.11829],[-42.7757,-5.11654],[-42.77769,-5.1165],[-42.77872,-5.1182],[-42.77776,-5.11995],[-42.77577,-5.11999]]]}},{"type":"Feature","id":1702101161,"properties":{"h3":"89800555443ffff","bairro":"Lot. Nova Santana","copa":22.3,"verde":49.1,"construido":47.5,"temp":47.7,"urbano":true,"classe":"moderada","prioridade":45},"geometry":{"type":"Polygon","coordinates":[[[-42.69488,-5.1199],[-42.69385,-5.1182],[-42.69482,-5.11646],[-42.69681,-5.11642],[-42.69784,-5.11812],[-42.69688,-5.11986],[-42.69488,-5.1199]]]}},{"type":"Feature","id":1371799721,"properties":{"h3":"89800554093ffff","bairro":"Comprida","copa":34.8,"verde":96.5,"construido":3.5,"temp":43.1,"urbano":false,"classe":"arborizada","prioridade":0},"geometry":{"type":"Polygon","coordinates":[[[-42.76978,-5.12011],[-42.76874,-5.11841],[-42.76971,-5.11667],[-42.7717,-5.11662],[-42.77274,-5.11833],[-42.77177,-5.12007],[-42.76978,-5.12011]]]}},{"type":"Feature","id":1436549289,"properties":{"h3":"8980055446fffff","bairro":"Comprida","copa":38.8,"verde":48.0,"construido":51.2,"temp":42.4,"urbano":true,"classe":"arborizada","prioridade":2},"geometry":{"type":"Polygon","coordinates":[[[-42.76379,-5.12023],[-42.76276,-5.11853],[-42.76372,-5.11679],[-42.76571,-5.11675],[-42.76675,-5.11845],[-42.76578,-5.12019],[-42.76379,-5.12023]]]}},{"type":"Feature","id":1473773737,"properties":{"h3":"898005546a7ffff","bairro":"Parque Jurema","copa":0.3,"verde":0.5,"construido":99.5,"temp":46.8,"urbano":true,"classe":"critica","prioridade":86},"geometry":{"type":"Polygon","coordinates":[[[-42.7578,-5.12035],[-42.75677,-5.11865],[-42.75773,-5.11691],[-42.75973,-5.11687],[-42.76076,-5.11857],[-42.7598,-5.12031],[-42.7578,-5.12035]]]}},{"type":"Feature","id":1474035881,"properties":{"h3":"898005546abffff","bairro":"Vila Lucy","copa":4.0,"verde":30.1,"construido":67.7,"temp":46.9,"urbano":true,"classe":"critica","prioridade":80},"geometry":{"type":"Polygon","coordinates":[[[-42.75181,-5.12047],[-42.75078,-5.11877],[-42.75174,-5.11703],[-42.75374,-5.11699],[-42.75477,-5.11869],[-42.75381,-5.12043],[-42.75181,-5.12047]]]}},{"type":"Feature","id":1463025833,"properties":{"h3":"89800554603ffff","bairro":"Redonda","copa":1.1,"verde":76.8,"construido":22.9,"temp":48.5,"urbano":false,"classe":"critica","prioridade":0},"geometry":{"type":"Polygon","coordinates":[[[-42.74582,-5.1206],[-42.74479,-5.11889],[-42.74575,-5.11715],[-42.74775,-5.11711],[-42.74878,-5.11881],[-42.74782,-5.12056],[-42.74582,-5.1206]]]}},{"type":"Feature","id":2140668073,"properties":{"h3":"89800556e67ffff","bairro":"São Pedro","copa":5.8,"verde":5.8,"construido":94.2,"temp":46.5,"urbano":true,"classe":"pouca","prioridade":74},"geometry":{"type":"Polygon","coordinates":[[[-42.80874,-5.12104],[-42.8077,-5.11934],[-42.80867,-5.11759],[-42.81066,-5.11755],[-42.8117,-5.11926],[-42.81073,-5.121],[-42.80874,-5.12104]]]}},{"type":"Feature","id":2140930217,"properties":{"h3":"89800556e6bffff","bairro":"Tabuleta","copa":0.0,"verde":0.0,"construido":99.7,"temp":46.9,"urbano":true,"classe":"critica","prioridade":87},"geometry":{"type":"Polygon","coordinates":[[[-42.80275,-5.12116],[-42.80172,-5.11946],[-42.80268,-5.11772],[-42.80467,-5.11768],[-42.80571,-5.11938],[-42.80474,-5.12112],[-42.80275,-5.12116]]]}},{"type":"Feature","id":1456734377,"properties":{"h3":"898005545a3ffff","bairro":"Redenção","copa":3.5,"verde":14.9,"construido":83.5,"temp":46.8,"urbano":true,"classe":"critica","prioridade":80},"geometry":{"type":"Polygon","coordinates":[[[-42.79676,-5.12128],[-42.79573,-5.11958],[-42.79669,-5.11784],[-42.79869,-5.1178],[-42.79972,-5.1195],[-42.79876,-5.12124],[-42.79676,-5.12128]]]}},{"type":"Feature","id":1708654761,"properties":{"h3":"898005554a7ffff","bairro":"Lot. Parque Poty I","copa":28.3,"verde":78.8,"construido":20.3,"temp":45.8,"urbano":false,"classe":"arborizada","prioridade":0},"geometry":{"type":"Polygon","coordinates":[[[-42.71588,-5.1212],[-42.71485,-5.1195],[-42.71581,-5.11776],[-42.71781,-5.11772],[-42.71884,-5.11942],[-42.71788,-5.12116],[-42.71588,-5.1212]]]}},{"type":"Feature","id":1708916905,"properties":{"h3":"898005554abffff","bairro":"Bom Princípio","copa":32.8,"verde":61.9,"construido":36.5,"temp":42.4,"urbano":true,"classe":"arborizada","prioridade":2},"geometry":{"type":"Polygon","coordinates":[[[-42.70989,-5.12132],[-42.70886,-5.11962],[-42.70982,-5.11788],[-42.71182,-5.11784],[-42.71285,-5.11954],[-42.71189,-5.12128],[-42.70989,-5.12132]]]}},{"type":"Feature","id":1447559337,"properties":{"h3":"89800554517ffff","bairro":"Conj. Redenção","copa":7.8,"verde":10.2,"construido":89.0,"temp":47.1,"urbano":true,"classe":"pouca","prioridade":73},"geometry":{"type":"Polygon","coordinates":[[[-42.79077,-5.1214],[-42.78974,-5.1197],[-42.7907,-5.11796],[-42.7927,-5.11792],[-42.79373,-5.11962],[-42.79277,-5.12136],[-42.79077,-5.1214]]]}},{"type":"Feature","id":1697906857,"properties":{"h3":"89800555403ffff","bairro":"Deus Quer","copa":18.4,"verde":38.9,"construido":60.5,"temp":46.1,"urbano":true,"classe":"moderada","prioridade":46},"geometry":{"type":"Polygon","coordinates":[[[-42.7039,-5.12144],[-42.70287,-5.11974],[-42.70383,-5.118],[-42.70583,-5.11796],[-42.70686,-5.11966],[-42.7059,-5.1214],[-42.7039,-5.12144]]]}},{"type":"Feature","id":1447821481,"properties":{"h3":"8980055451bffff","bairro":"Res. Hugo Prado","copa":7.2,"verde":14.0,"construido":85.7,"temp":48.1,"urbano":true,"classe":"pouca","prioridade":80},"geometry":{"type":"Polygon","coordinates":[[[-42.78478,-5.12153],[-42.78375,-5.11982],[-42.78471,-5.11808],[-42.78671,-5.11804],[-42.78774,-5.11974],[-42.78678,-5.12149],[-42.78478,-5.12153]]]}},{"type":"Feature","id":1451491497,"properties":{"h3":"89800554553ffff","bairro":"Parque Rodoviário","copa":27.0,"verde":79.1,"construido":18.4,"temp":49.5,"urbano":false,"classe":"arborizada","prioridade":0},"geometry":{"type":"Polygon","coordinates":[[[-42.7788,-5.12165],[-42.77776,-5.11995],[-42.77872,-5.1182],[-42.78072,-5.11816],[-42.78175,-5.11987],[-42.78079,-5.12161],[-42.7788,-5.12165]]]}},{"type":"Feature","id":1703411881,"properties":{"h3":"89800555457ffff","bairro":"Lot. Nova Santana","copa":37.7,"verde":62.3,"construido":36.0,"temp":43.9,"urbano":true,"classe":"arborizada","prioridade":8},"geometry":{"type":"Polygon","coordinates":[[[-42.69791,-5.12157],[-42.69688,-5.11986],[-42.69784,-5.11812],[-42.69984,-5.11808],[-42.70087,-5.11978],[-42.69991,-5.12153],[-42.69791,-5.12157]]]}},{"type":"Feature","id":1703674025,"properties":{"h3":"8980055545bffff","bairro":"Lot. Nova Santana","copa":12.9,"verde":91.5,"construido":7.1,"temp":46.9,"urbano":false,"classe":"moderada","prioridade":0},"geometry":{"type":"Polygon","coordinates":[[[-42.69193,-5.12169],[-42.69089,-5.11999],[-42.69186,-5.11824],[-42.69385,-5.1182],[-42.69488,-5.1199],[-42.69392,-5.12165],[-42.69193,-5.12169]]]}},{"type":"Feature","id":1432354985,"properties":{"h3":"8980055442fffff","bairro":"Lot. Recanto do Sul","copa":85.9,"verde":93.9,"construido":5.4,"temp":37.1,"urbano":false,"classe":"arborizada","prioridade":0},"geometry":{"type":"Polygon","coordinates":[[[-42.77281,-5.12177],[-42.77177,-5.12007],[-42.77274,-5.11833],[-42.77473,-5.11829],[-42.77577,-5.11999],[-42.7748,-5.12173],[-42.77281,-5.12177]]]}},{"type":"Feature","id":1436287145,"properties":{"h3":"8980055446bffff","bairro":"Vila Pantanal","copa":42.9,"verde":63.9,"construido":35.5,"temp":41.0,"urbano":true,"classe":"arborizada","prioridade":0},"geometry":{"type":"Polygon","coordinates":[[[-42.76083,-5.12201],[-42.7598,-5.12031],[-42.76076,-5.11857],[-42.76276,-5.11853],[-42.76379,-5.12023],[-42.76283,-5.12197],[-42.76083,-5.12201]]]}},{"type":"Feature","id":1473511593,"properties":{"h3":"898005546a3ffff","bairro":"Pq. Esperança","copa":7.4,"verde":15.7,"construido":84.0,"temp":45.1,"urbano":true,"classe":"pouca","prioridade":63},"geometry":{"type":"Polygon","coordinates":[[[-42.75484,-5.12214],[-42.75381,-5.12043],[-42.75477,-5.11869],[-42.75677,-5.11865],[-42.7578,-5.12035],[-42.75684,-5.12209],[-42.75484,-5.12214]]]}},{"type":"Feature","id":1464336553,"properties":{"h3":"89800554617ffff","bairro":"Lot. Cidade Verde","copa":4.8,"verde":89.1,"construido":10.9,"temp":45.4,"urbano":false,"classe":"critica","prioridade":0},"geometry":{"type":"Polygon","coordinates":[[[-42.74885,-5.12226],[-42.74782,-5.12056],[-42.74878,-5.11881],[-42.75078,-5.11877],[-42.75181,-5.12047],[-42.75085,-5.12222],[-42.74885,-5.12226]]]}},{"type":"Feature","id":2136735913,"properties":{"h3":"89800556e2bffff","bairro":"São Pedro","copa":6.9,"verde":84.8,"construido":13.3,"temp":46.7,"urbano":false,"classe":"pouca","prioridade":0},"geometry":{"type":"Polygon","coordinates":[[[-42.81177,-5.1227],[-42.81073,-5.121],[-42.8117,-5.11926],[-42.81369,-5.11922],[-42.81473,-5.12092],[-42.81376,-5.12266],[-42.81177,-5.1227]]]}},{"type":"Feature","id":2140405929,"properties":{"h3":"89800556e63ffff","bairro":"Tabuleta","copa":5.1,"verde":6.6,"construido":93.4,"temp":44.1,"urbano":true,"classe":"pouca","prioridade":62},"geometry":{"type":"Polygon","coordinates":[[[-42.80578,-5.12282],[-42.80474,-5.12112],[-42.80571,-5.11938],[-42.8077,-5.11934],[-42.80874,-5.12104],[-42.80777,-5.12278],[-42.80578,-5.12282]]]}},{"type":"Feature","id":1458045097,"properties":{"h3":"898005545b7ffff","bairro":"Tabuleta","copa":0.3,"verde":0.5,"construido":99.5,"temp":47.3,"urbano":true,"classe":"critica","prioridade":89},"geometry":{"type":"Polygon","coordinates":[[[-42.79979,-5.12294],[-42.79876,-5.12124],[-42.79972,-5.1195],[-42.80172,-5.11946],[-42.80275,-5.12116],[-42.80179,-5.1229],[-42.79979,-5.12294]]]}},{"type":"Feature","id":77332650,"properties":{"h3":"8980055736bffff","bairro":"Lot. Parque Poty I","copa":52.6,"verde":78.6,"construido":21.4,"temp":41.0,"urbano":false,"classe":"arborizada","prioridade":0},"geometry":{"type":"Polygon","coordinates":[[[-42.71891,-5.12286],[-42.71788,-5.12116],[-42.71884,-5.11942],[-42.72084,-5.11938],[-42.72187,-5.12108],[-42.72091,-5.12282],[-42.71891,-5.12286]]]}},{"type":"Feature","id":1708392617,"properties":{"h3":"898005554a3ffff","bairro":"Bom Princípio","copa":52.8,"verde":82.9,"construido":17.1,"temp":43.2,"urbano":false,"classe":"arborizada","prioridade":0},"geometry":{"type":"Polygon","coordinates":[[[-42.71292,-5.12298],[-42.71189,-5.12128],[-42.71285,-5.11954],[-42.71485,-5.1195],[-42.71588,-5.1212],[-42.71492,-5.12294],[-42.71292,-5.12298]]]}},{"type":"Feature","id":1458307241,"properties":{"h3":"898005545bbffff","bairro":"Conj. Redenção","copa":1.6,"verde":14.0,"construido":72.5,"temp":null,"urbano":true,"classe":"critica","prioridade":77},"geometry":{"type":"Polygon","coordinates":[[[-42.7938,-5.12307],[-42.79277,-5.12136],[-42.79373,-5.11962],[-42.79573,-5.11958],[-42.79676,-5.12128],[-42.7958,-5.12302],[-42.7938,-5.12307]]]}},{"type":"Feature","id":1447297193,"properties":{"h3":"89800554513ffff","bairro":"Morada Nova","copa":18.4,"verde":45.2,"construido":44.4,"temp":47.6,"urbano":true,"classe":"moderada","prioridade":49},"geometry":{"type":"Polygon","coordinates":[[[-42.78781,-5.12319],[-42.78678,-5.12149],[-42.78774,-5.11974],[-42.78974,-5.1197],[-42.79077,-5.1214],[-42.78981,-5.12315],[-42.78781,-5.12319]]]}},{"type":"Feature","id":1699217577,"properties":{"h3":"89800555417ffff","bairro":"Deus Quer","copa":18.4,"verde":41.6,"construido":58.4,"temp":46.1,"urbano":true,"classe":"moderada","prioridade":46},"geometry":{"type":"Polygon","coordinates":[[[-42.70693,-5.12311],[-42.7059,-5.1214],[-42.70686,-5.11966],[-42.70886,-5.11962],[-42.70989,-5.12132],[-42.70893,-5.12307],[-42.70693,-5.12311]]]}},{"type":"Feature","id":1459617961,"properties":{"h3":"898005545cfffff","bairro":"Catarina","copa":13.1,"verde":59.2,"construido":40.0,"temp":48.8,"urbano":true,"classe":"moderada","prioridade":58},"geometry":{"type":"Polygon","coordinates":[[[-42.78182,-5.12331],[-42.78079,-5.12161],[-42.78175,-5.11987],[-42.78375,-5.11982],[-42.78478,-5.12153],[-42.78382,-5.12327],[-42.78182,-5.12331]]]}},{"type":"Feature","id":1699479721,"properties":{"h3":"8980055541bffff","bairro":"Deus Quer","copa":18.2,"verde":56.6,"construido":41.2,"temp":45.0,"urbano":true,"classe":"moderada","prioridade":34},"geometry":{"type":"Polygon","coordinates":[[[-42.70094,-5.12323],[-42.69991,-5.12153],[-42.70087,-5.11978],[-42.70287,-5.11974],[-42.7039,-5.12144],[-42.70294,-5.12319],[-42.70094,-5.12323]]]}},{"type":"Feature","id":1432092841,"properties":{"h3":"8980055442bffff","bairro":"Vila Jacarezinho","copa":50.8,"verde":90.1,"construido":5.7,"temp":38.5,"urbano":false,"classe":"arborizada","prioridade":0},"geometry":{"type":"Polygon","coordinates":[[[-42.76985,-5.12355],[-42.76881,-5.12185],[-42.76978,-5.12011],[-42.77177,-5.12007],[-42.77281,-5.12177],[-42.77184,-5.12351],[-42.76985,-5.12355]]]}},{"type":"Feature","id":1435762857,"properties":{"h3":"89800554463ffff","bairro":"Vila Jacarezinho","copa":15.1,"verde":85.1,"construido":14.9,"temp":46.0,"urbano":false,"classe":"moderada","prioridade":0},"geometry":{"type":"Polygon","coordinates":[[[-42.76386,-5.12367],[-42.76283,-5.12197],[-42.76379,-5.12023],[-42.76578,-5.12019],[-42.76682,-5.12189],[-42.76586,-5.12363],[-42.76386,-5.12367]]]}},{"type":"Feature","id":1474822313,"properties":{"h3":"898005546b7ffff","bairro":"Vila Pantanal","copa":25.5,"verde":29.3,"construido":70.7,"temp":44.3,"urbano":true,"classe":"arborizada","prioridade":22},"geometry":{"type":"Polygon","coordinates":[[[-42.75787,-5.1238],[-42.75684,-5.12209],[-42.7578,-5.12035],[-42.7598,-5.12031],[-42.76083,-5.12201],[-42.75987,-5.12376],[-42.75787,-5.1238]]]}},{"type":"Feature","id":1475084457,"properties":{"h3":"898005546bbffff","bairro":"Pq. Esperança","copa":47.6,"verde":68.4,"construido":31.1,"temp":41.9,"urbano":true,"classe":"arborizada","prioridade":0},"geometry":{"type":"Polygon","coordinates":[[[-42.75188,-5.12392],[-42.75085,-5.12222],[-42.75181,-5.12047],[-42.75381,-5.12043],[-42.75484,-5.12214],[-42.75388,-5.12388],[-42.75188,-5.12392]]]}},{"type":"Feature","id":2141716649,"properties":{"h3":"89800556e77ffff","bairro":"São Pedro","copa":21.1,"verde":21.3,"construido":78.7,"temp":44.1,"urbano":true,"classe":"moderada","prioridade":29},"geometry":{"type":"Polygon","coordinates":[[[-42.80881,-5.12448],[-42.80777,-5.12278],[-42.80874,-5.12104],[-42.81073,-5.121],[-42.81177,-5.1227],[-42.8108,-5.12444],[-42.80881,-5.12448]]]}},{"type":"Feature","id":2141978793,"properties":{"h3":"89800556e7bffff","bairro":"Tabuleta","copa":4.8,"verde":10.4,"construido":89.6,"temp":46.3,"urbano":true,"classe":"critica","prioridade":75},"geometry":{"type":"Polygon","coordinates":[[[-42.80282,-5.1246],[-42.80179,-5.1229],[-42.80275,-5.12116],[-42.80474,-5.12112],[-42.80578,-5.12282],[-42.80482,-5.12456],[-42.80282,-5.1246]]]}},{"type":"Feature","id":1457782953,"properties":{"h3":"898005545b3ffff","bairro":"Triunfo","copa":1.1,"verde":4.3,"construido":95.4,"temp":50.7,"urbano":true,"classe":"critica","prioridade":98},"geometry":{"type":"Polygon","coordinates":[[[-42.79683,-5.12473],[-42.7958,-5.12302],[-42.79676,-5.12128],[-42.79876,-5.12124],[-42.79979,-5.12294],[-42.79883,-5.12469],[-42.79683,-5.12473]]]}},{"type":"Feature","id":1455423657,"properties":{"h3":"8980055458fffff","bairro":"Conj. Redenção","copa":19.9,"verde":60.7,"construido":15.8,"temp":null,"urbano":false,"classe":"moderada","prioridade":0},"geometry":{"type":"Polygon","coordinates":[[[-42.79084,-5.12485],[-42.78981,-5.12315],[-42.79077,-5.1214],[-42.79277,-5.12136],[-42.7938,-5.12307],[-42.79284,-5.12481],[-42.79084,-5.12485]]]}},{"type":"Feature","id":1709965481,"properties":{"h3":"898005554bbffff","bairro":"Bom Princípio","copa":27.7,"verde":52.9,"construido":46.5,"temp":45.8,"urbano":true,"classe":"arborizada","prioridade":24},"geometry":{"type":"Polygon","coordinates":[[[-42.70996,-5.12477],[-42.70893,-5.12307],[-42.70989,-5.12132],[-42.71189,-5.12128],[-42.71292,-5.12298],[-42.71196,-5.12473],[-42.70996,-5.12477]]]}},{"type":"Feature","id":1459093673,"properties":{"h3":"898005545c7ffff","bairro":"Res. Hugo Prado","copa":0.3,"verde":12.0,"construido":81.3,"temp":48.6,"urbano":true,"classe":"critica","prioridade":97},"geometry":{"type":"Polygon","coordinates":[[[-42.78485,-5.12497],[-42.78382,-5.12327],[-42.78478,-5.12153],[-42.78678,-5.12149],[-42.78781,-5.12319],[-42.78685,-5.12493],[-42.78485,-5.12497]]]}},{"type":"Feature","id":1698955433,"properties":{"h3":"89800555413ffff","bairro":"Deus Quer","copa":33.2,"verde":94.6,"construido":5.4,"temp":45.0,"urbano":false,"classe":"arborizada","prioridade":0},"geometry":{"type":"Polygon","coordinates":[[[-42.70397,-5.12489],[-42.70294,-5.12319],[-42.7039,-5.12144],[-42.7059,-5.1214],[-42.70693,-5.12311],[-42.70597,-5.12485],[-42.70397,-5.12489]]]}},{"type":"Feature","id":1459355817,"properties":{"h3":"898005545cbffff","bairro":"Catarina","copa":52.3,"verde":89.3,"construido":10.7,"temp":null,"urbano":false,"classe":"arborizada","prioridade":0},"geometry":{"type":"Polygon","coordinates":[[[-42.77887,-5.12509],[-42.77783,-5.12339],[-42.7788,-5.12165],[-42.78079,-5.12161],[-42.78182,-5.12331],[-42.78086,-5.12505],[-42.77887,-5.12509]]]}},{"type":"Feature","id":1474560169,"properties":{"h3":"898005546b3ffff","bairro":"Vila Verde","copa":18.0,"verde":86.6,"construido":10.7,"temp":39.2,"urbano":false,"classe":"moderada","prioridade":0},"geometry":{"type":"Polygon","coordinates":[[[-42.75491,-5.12558],[-42.75388,-5.12388],[-42.75484,-5.12214],[-42.75684,-5.12209],[-42.75787,-5.1238],[-42.75691,-5.12554],[-42.75491,-5.12558]]]}},{"type":"Feature","id":2137784489,"properties":{"h3":"89800556e3bffff","bairro":"São Pedro","copa":25.2,"verde":60.8,"construido":22.7,"temp":46.9,"urbano":false,"classe":"arborizada","prioridade":0},"geometry":{"type":"Polygon","coordinates":[[[-42.81184,-5.12614],[-42.8108,-5.12444],[-42.81177,-5.1227],[-42.81376,-5.12266],[-42.8148,-5.12436],[-42.81383,-5.1261],[-42.81184,-5.12614]]]}},{"type":"Feature","id":2141454505,"properties":{"h3":"89800556e73ffff","bairro":"Tabuleta","copa":2.7,"verde":3.5,"construido":96.5,"temp":45.5,"urbano":true,"classe":"critica","prioridade":74},"geometry":{"type":"Polygon","coordinates":[[[-42.80585,-5.12627],[-42.80482,-5.12456],[-42.80578,-5.12282],[-42.80777,-5.12278],[-42.80881,-5.12448],[-42.80784,-5.12622],[-42.80585,-5.12627]]]}},{"type":"Feature","id":2139095209,"properties":{"h3":"89800556e4fffff","bairro":"Tabuleta","copa":11.2,"verde":19.3,"construido":80.4,"temp":46.0,"urbano":true,"classe":"pouca","prioridade":60},"geometry":{"type":"Polygon","coordinates":[[[-42.79986,-5.12639],[-42.79883,-5.12469],[-42.79979,-5.12294],[-42.80179,-5.1229],[-42.80282,-5.1246],[-42.80186,-5.12635],[-42.79986,-5.12639]]]}},{"type":"Feature","id":1454899369,"properties":{"h3":"89800554587ffff","bairro":"Triunfo","copa":4.1,"verde":43.8,"construido":48.4,"temp":48.6,"urbano":true,"classe":"critica","prioridade":86},"geometry":{"type":"Polygon","coordinates":[[[-42.79387,-5.12651],[-42.79284,-5.12481],[-42.7938,-5.12307],[-42.7958,-5.12302],[-42.79683,-5.12473],[-42.79587,-5.12647],[-42.79387,-5.12651]]]}},{"type":"Feature","id":1455161513,"properties":{"h3":"8980055458bffff","bairro":"Morada Nova","copa":4.5,"verde":16.3,"construido":83.5,"temp":46.7,"urbano":true,"classe":"critica","prioridade":78},"geometry":{"type":"Polygon","coordinates":[[[-42.78788,-5.12663],[-42.78685,-5.12493],[-42.78781,-5.12319],[-42.78981,-5.12315],[-42.79084,-5.12485],[-42.78988,-5.12659],[-42.78788,-5.12663]]]}},{"type":"Feature","id":1458831529,"properties":{"h3":"898005545c3ffff","bairro":"Lot. Santa Rita","copa":49.5,"verde":56.6,"construido":42.8,"temp":44.5,"urbano":true,"classe":"arborizada","prioridade":12},"geometry":{"type":"Polygon","coordinates":[[[-42.78189,-5.12675],[-42.78086,-5.12505],[-42.78182,-5.12331],[-42.78382,-5.12327],[-42.78485,-5.12497],[-42.78389,-5.12671],[-42.78189,-5.12675]]]}},{"type":"Feature","id":1433141417,"properties":{"h3":"8980055443bffff","bairro":"Lot. Recanto do Sul","copa":63.5,"verde":73.5,"construido":26.0,"temp":43.5,"urbano":true,"classe":"arborizada","prioridade":4},"geometry":{"type":"Polygon","coordinates":[[[-42.76992,-5.127],[-42.76888,-5.1253],[-42.76985,-5.12355],[-42.77184,-5.12351],[-42.77288,-5.12521],[-42.77191,-5.12696],[-42.76992,-5.127]]]}},{"type":"Feature","id":1471676585,"properties":{"h3":"89800554687ffff","bairro":"Vila Verde","copa":24.2,"verde":92.0,"construido":6.6,"temp":44.9,"urbano":false,"classe":"moderada","prioridade":0},"geometry":{"type":"Polygon","coordinates":[[[-42.75195,-5.12736],[-42.75092,-5.12566],[-42.75188,-5.12392],[-42.75388,-5.12388],[-42.75491,-5.12558],[-42.75395,-5.12732],[-42.75195,-5.12736]]]}},{"type":"Feature","id":2134900905,"properties":{"h3":"89800556e0fffff","bairro":"Santa Luzia","copa":3.2,"verde":6.6,"construido":91.5,"temp":46.8,"urbano":true,"classe":"critica","prioridade":80},"geometry":{"type":"Polygon","coordinates":[[[-42.80888,-5.12793],[-42.80784,-5.12622],[-42.80881,-5.12448],[-42.8108,-5.12444],[-42.81184,-5.12614],[-42.81087,-5.12789],[-42.80888,-5.12793]]]}},{"type":"Feature","id":2138570921,"properties":{"h3":"89800556e47ffff","bairro":"Tabuleta","copa":4.9,"verde":30.1,"construido":69.4,"temp":48.4,"urbano":true,"classe":"critica","prioridade":86},"geometry":{"type":"Polygon","coordinates":[[[-42.80289,-5.12805],[-42.80186,-5.12635],[-42.80282,-5.1246],[-42.80482,-5.12456],[-42.80585,-5.12627],[-42.80489,-5.12801],[-42.80289,-5.12805]]]}},{"type":"Feature","id":2138833065,"properties":{"h3":"89800556e4bffff","bairro":"Triunfo","copa":10.0,"verde":37.7,"construido":60.6,"temp":47.3,"urbano":true,"classe":"pouca","prioridade":70},"geometry":{"type":"Polygon","coordinates":[[[-42.7969,-5.12817],[-42.79587,-5.12647],[-42.79683,-5.12473],[-42.79883,-5.12469],[-42.79986,-5.12639],[-42.7989,-5.12813],[-42.7969,-5.12817]]]}},{"type":"Feature","id":1454637225,"properties":{"h3":"89800554583ffff","bairro":"Morada Nova","copa":1.1,"verde":3.2,"construido":94.1,"temp":46.6,"urbano":true,"classe":"critica","prioridade":84},"geometry":{"type":"Polygon","coordinates":[[[-42.79091,-5.12829],[-42.78988,-5.12659],[-42.79084,-5.12485],[-42.79284,-5.12481],[-42.79387,-5.12651],[-42.79291,-5.12825],[-42.79091,-5.12829]]]}},{"type":"Feature","id":1706557609,"properties":{"h3":"89800555487ffff","bairro":"Bom Princípio","copa":58.0,"verde":96.2,"construido":3.8,"temp":38.3,"urbano":false,"classe":"arborizada","prioridade":0},"geometry":{"type":"Polygon","coordinates":[[[-42.71003,-5.12821],[-42.709,-5.12651],[-42.70996,-5.12477],[-42.71196,-5.12473],[-42.71299,-5.12643],[-42.71203,-5.12817],[-42.71003,-5.12821]]]}},{"type":"Feature","id":1460142249,"properties":{"h3":"898005545d7ffff","bairro":"Morada Nova","copa":6.7,"verde":8.3,"construido":91.4,"temp":47.1,"urbano":true,"classe":"pouca","prioridade":75},"geometry":{"type":"Polygon","coordinates":[[[-42.78492,-5.12841],[-42.78389,-5.12671],[-42.78485,-5.12497],[-42.78685,-5.12493],[-42.78788,-5.12663],[-42.78692,-5.12837],[-42.78492,-5.12841]]]}},{"type":"Feature","id":1460404393,"properties":{"h3":"898005545dbffff","bairro":"Lot. Santa Rita","copa":42.4,"verde":55.4,"construido":39.1,"temp":42.8,"urbano":true,"classe":"arborizada","prioridade":4},"geometry":{"type":"Polygon","coordinates":[[[-42.77894,-5.12854],[-42.7779,-5.12683],[-42.77887,-5.12509],[-42.78086,-5.12505],[-42.78189,-5.12675],[-42.78093,-5.1285],[-42.77894,-5.12854]]]}},{"type":"Feature","id":1432617129,"properties":{"h3":"89800554433ffff","bairro":"Lot. Recanto do Sul","copa":19.8,"verde":39.0,"construido":51.1,"temp":46.3,"urbano":true,"classe":"moderada","prioridade":45},"geometry":{"type":"Polygon","coordinates":[[[-42.77295,-5.12866],[-42.77191,-5.12696],[-42.77288,-5.12521],[-42.77487,-5.12517],[-42.77591,-5.12687],[-42.77494,-5.12862],[-42.77295,-5.12866]]]}},{"type":"Feature","id":1430257833,"properties":{"h3":"8980055440fffff","bairro":"Vila Jacarezinho","copa":44.7,"verde":79.0,"construido":16.5,"temp":47.7,"urbano":false,"classe":"arborizada","prioridade":0},"geometry":{"type":"Polygon","coordinates":[[[-42.76696,-5.12878],[-42.76593,-5.12708],[-42.76689,-5.12534],[-42.76888,-5.1253],[-42.76992,-5.127],[-42.76895,-5.12874],[-42.76696,-5.12878]]]}},{"type":"Feature","id":1434189993,"properties":{"h3":"8980055444bffff","bairro":"Vila Verde","copa":35.7,"verde":91.6,"construido":5.4,"temp":43.4,"urbano":false,"classe":"arborizada","prioridade":0},"geometry":{"type":"Polygon","coordinates":[[[-42.75498,-5.12902],[-42.75395,-5.12732],[-42.75491,-5.12558],[-42.75691,-5.12554],[-42.75794,-5.12724],[-42.75698,-5.12898],[-42.75498,-5.12902]]]}},{"type":"Feature","id":2134376617,"properties":{"h3":"89800556e07ffff","bairro":"Santa Luzia","copa":46.8,"verde":62.9,"construido":36.7,"temp":41.6,"urbano":true,"classe":"arborizada","prioridade":0},"geometry":{"type":"Polygon","coordinates":[[[-42.81191,-5.12959],[-42.81087,-5.12789],[-42.81184,-5.12614],[-42.81383,-5.1261],[-42.81487,-5.1278],[-42.8139,-5.12955],[-42.81191,-5.12959]]]}},{"type":"Feature","id":2134638761,"properties":{"h3":"89800556e0bffff","bairro":"Santa Luzia","copa":0.5,"verde":3.0,"construido":95.6,"temp":47.5,"urbano":true,"classe":"critica","prioridade":90},"geometry":{"type":"Polygon","coordinates":[[[-42.80592,-5.12971],[-42.80489,-5.12801],[-42.80585,-5.12627],[-42.80784,-5.12622],[-42.80888,-5.12793],[-42.80791,-5.12967],[-42.80592,-5.12971]]]}},{"type":"Feature","id":2138308777,"properties":{"h3":"89800556e43ffff","bairro":"Parque São João","copa":5.6,"verde":23.9,"construido":72.0,"temp":51.0,"urbano":true,"classe":"pouca","prioridade":89},"geometry":{"type":"Polygon","coordinates":[[[-42.79993,-5.12983],[-42.7989,-5.12813],[-42.79986,-5.12639],[-42.80186,-5.12635],[-42.80289,-5.12805],[-42.80193,-5.12979],[-42.79993,-5.12983]]]}},{"type":"Feature","id":1455947945,"properties":{"h3":"89800554597ffff","bairro":"Triunfo","copa":3.2,"verde":15.2,"construido":82.9,"temp":47.0,"urbano":true,"classe":"critica","prioridade":81},"geometry":{"type":"Polygon","coordinates":[[[-42.79394,-5.12995],[-42.79291,-5.12825],[-42.79387,-5.12651],[-42.79587,-5.12647],[-42.7969,-5.12817],[-42.79594,-5.12991],[-42.79394,-5.12995]]]}},{"type":"Feature","id":1456210089,"properties":{"h3":"8980055459bffff","bairro":"Morada Nova","copa":1.3,"verde":11.0,"construido":89.0,"temp":46.0,"urbano":true,"classe":"critica","prioridade":80},"geometry":{"type":"Polygon","coordinates":[[[-42.78795,-5.13007],[-42.78692,-5.12837],[-42.78788,-5.12663],[-42.78988,-5.12659],[-42.79091,-5.12829],[-42.78995,-5.13003],[-42.78795,-5.13007]]]}},{"type":"Feature","id":1459880105,"properties":{"h3":"898005545d3ffff","bairro":"Lot. Santa Rita","copa":22.0,"verde":23.1,"construido":76.9,"temp":45.2,"urbano":true,"classe":"moderada","prioridade":34},"geometry":{"type":"Polygon","coordinates":[[[-42.78196,-5.1302],[-42.78093,-5.1285],[-42.78189,-5.12675],[-42.78389,-5.12671],[-42.78492,-5.12841],[-42.78396,-5.13016],[-42.78196,-5.1302]]]}},{"type":"Feature","id":1440743593,"properties":{"h3":"898005544afffff","bairro":"Vila Concórdia","copa":22.7,"verde":45.9,"construido":49.9,"temp":45.4,"urbano":true,"classe":"moderada","prioridade":34},"geometry":{"type":"Polygon","coordinates":[[[-42.77598,-5.13032],[-42.77494,-5.12862],[-42.77591,-5.12687],[-42.7779,-5.12683],[-42.77894,-5.12854],[-42.77797,-5.13028],[-42.77598,-5.13032]]]}},{"type":"Feature","id":1429733545,"properties":{"h3":"89800554407ffff","bairro":"Planalto Bela Vista","copa":44.0,"verde":49.3,"construido":50.7,"temp":44.1,"urbano":true,"classe":"arborizada","prioridade":12},"geometry":{"type":"Polygon","coordinates":[[[-42.76999,-5.13044],[-42.76895,-5.12874],[-42.76992,-5.127],[-42.77191,-5.12696],[-42.77295,-5.12866],[-42.77198,-5.1304],[-42.76999,-5.13044]]]}},{"type":"Feature","id":440402089,"properties":{"h3":"8980055090fffff","bairro":"Santana","copa":11.7,"verde":95.8,"construido":4.2,"temp":44.8,"urbano":false,"classe":"pouca","prioridade":0},"geometry":{"type":"Polygon","coordinates":[[[-42.68312,-5.13048],[-42.68208,-5.12878],[-42.68305,-5.12703],[-42.68504,-5.12699],[-42.68608,-5.1287],[-42.68511,-5.13044],[-42.68312,-5.13048]]]}},{"type":"Feature","id":1433665705,"properties":{"h3":"89800554443ffff","bairro":"Vila Verde","copa":31.6,"verde":81.2,"construido":13.9,"temp":44.6,"urbano":false,"classe":"arborizada","prioridade":0},"geometry":{"type":"Polygon","coordinates":[[[-42.75801,-5.13068],[-42.75698,-5.12898],[-42.75794,-5.12724],[-42.75994,-5.1272],[-42.76097,-5.1289],[-42.76001,-5.13064],[-42.75801,-5.13068]]]}},{"type":"Feature","id":1472725161,"properties":{"h3":"89800554697ffff","bairro":"Vila Verde","copa":83.2,"verde":94.7,"construido":5.3,"temp":39.8,"urbano":false,"classe":"arborizada","prioridade":0},"geometry":{"type":"Polygon","coordinates":[[[-42.75202,-5.13081],[-42.75099,-5.1291],[-42.75195,-5.12736],[-42.75395,-5.12732],[-42.75498,-5.12902],[-42.75402,-5.13076],[-42.75202,-5.13081]]]}},{"type":"Feature","id":81789098,"properties":{"h3":"898005573afffff","bairro":"Res. Francisco das Chagas Oliveira","copa":53.8,"verde":92.7,"construido":3.5,"temp":41.8,"urbano":false,"classe":"arborizada","prioridade":0},"geometry":{"type":"Polygon","coordinates":[[[-42.73406,-5.13117],[-42.73302,-5.12947],[-42.73399,-5.12773],[-42.73598,-5.12769],[-42.73702,-5.12939],[-42.73605,-5.13113],[-42.73406,-5.13117]]]}},{"type":"Feature","id":2134114473,"properties":{"h3":"89800556e03ffff","bairro":"Santa Luzia","copa":24.8,"verde":39.7,"construido":50.1,"temp":45.6,"urbano":true,"classe":"moderada","prioridade":31},"geometry":{"type":"Polygon","coordinates":[[[-42.80895,-5.13137],[-42.80791,-5.12967],[-42.80888,-5.12793],[-42.81087,-5.12789],[-42.81191,-5.12959],[-42.81094,-5.13133],[-42.80895,-5.13137]]]}},{"type":"Feature","id":2139619497,"properties":{"h3":"89800556e57ffff","bairro":"Parque São João","copa":6.1,"verde":40.9,"construido":55.6,"temp":48.8,"urbano":true,"classe":"pouca","prioridade":86},"geometry":{"type":"Polygon","coordinates":[[[-42.80296,-5.13149],[-42.80193,-5.12979],[-42.80289,-5.12805],[-42.80489,-5.12801],[-42.80592,-5.12971],[-42.80496,-5.13145],[-42.80296,-5.13149]]]}},{"type":"Feature","id":2139881641,"properties":{"h3":"89800556e5bffff","bairro":"Triunfo","copa":11.7,"verde":12.5,"construido":85.1,"temp":46.9,"urbano":true,"classe":"pouca","prioridade":64},"geometry":{"type":"Polygon","coordinates":[[[-42.79697,-5.13161],[-42.79594,-5.12991],[-42.7969,-5.12817],[-42.7989,-5.12813],[-42.79993,-5.12983],[-42.79897,-5.13157],[-42.79697,-5.13161]]]}},{"type":"Feature","id":1455685801,"properties":{"h3":"89800554593ffff","bairro":"Triunfo","copa":0.0,"verde":5.9,"construido":93.3,"temp":46.5,"urbano":true,"classe":"critica","prioridade":85},"geometry":{"type":"Polygon","coordinates":[[[-42.79098,-5.13174],[-42.78995,-5.13003],[-42.79091,-5.12829],[-42.79291,-5.12825],[-42.79394,-5.12995],[-42.79298,-5.1317],[-42.79098,-5.13174]]]}},{"type":"Feature","id":1956642985,"properties":{"h3":"8980055636fffff","bairro":"Lourival Parente","copa":0.3,"verde":0.3,"construido":99.7,"temp":47.5,"urbano":true,"classe":"critica","prioridade":91},"geometry":{"type":"Polygon","coordinates":[[[-42.78499,-5.13186],[-42.78396,-5.13016],[-42.78492,-5.12841],[-42.78692,-5.12837],[-42.78795,-5.13007],[-42.78699,-5.13182],[-42.78499,-5.13186]]]}},{"type":"Feature","id":1440219305,"properties":{"h3":"898005544a7ffff","bairro":"Vila Concórdia","copa":32.2,"verde":42.3,"construido":57.7,"temp":44.7,"urbano":true,"classe":"arborizada","prioridade":15},"geometry":{"type":"Polygon","coordinates":[[[-42.77901,-5.13198],[-42.77797,-5.13028],[-42.77894,-5.12854],[-42.78093,-5.1285],[-42.78196,-5.1302],[-42.781,-5.13194],[-42.77901,-5.13198]]]}},{"type":"Feature","id":1440481449,"properties":{"h3":"898005544abffff","bairro":"Planalto Bela Vista","copa":9.0,"verde":9.8,"construido":90.2,"temp":46.1,"urbano":true,"classe":"pouca","prioridade":65},"geometry":{"type":"Polygon","coordinates":[[[-42.77302,-5.1321],[-42.77198,-5.1304],[-42.77295,-5.12866],[-42.77494,-5.12862],[-42.77598,-5.13032],[-42.77501,-5.13206],[-42.77302,-5.1321]]]}},{"type":"Feature","id":1429471401,"properties":{"h3":"89800554403ffff","bairro":"Planalto Bela Vista","copa":86.4,"verde":90.7,"construido":9.0,"temp":41.1,"urbano":false,"classe":"arborizada","prioridade":0},"geometry":{"type":"Polygon","coordinates":[[[-42.76703,-5.13222],[-42.766,-5.13052],[-42.76696,-5.12878],[-42.76895,-5.12874],[-42.76999,-5.13044],[-42.76902,-5.13218],[-42.76703,-5.13222]]]}},{"type":"Feature","id":2135425193,"properties":{"h3":"89800556e17ffff","bairro":"Santa Luzia","copa":48.8,"verde":61.3,"construido":38.8,"temp":35.2,"urbano":true,"classe":"arborizada","prioridade":0},"geometry":{"type":"Polygon","coordinates":[[[-42.81198,-5.13303],[-42.81094,-5.13133],[-42.81191,-5.12959],[-42.8139,-5.12955],[-42.81494,-5.13125],[-42.81397,-5.13299],[-42.81198,-5.13303]]]}},{"type":"Feature","id":2135687337,"properties":{"h3":"89800556e1bffff","bairro":"Santa Luzia","copa":4.0,"verde":26.9,"construido":71.7,"temp":48.0,"urbano":true,"classe":"critica","prioridade":86},"geometry":{"type":"Polygon","coordinates":[[[-42.80599,-5.13315],[-42.80496,-5.13145],[-42.80592,-5.12971],[-42.80791,-5.12967],[-42.80895,-5.13137],[-42.80799,-5.13311],[-42.80599,-5.13315]]]}},{"type":"Feature","id":2139357353,"properties":{"h3":"89800556e53ffff","bairro":"Parque São João","copa":41.4,"verde":56.7,"construido":40.6,"temp":42.6,"urbano":true,"classe":"arborizada","prioridade":3},"geometry":{"type":"Polygon","coordinates":[[[-42.8,-5.13327],[-42.79897,-5.13157],[-42.79993,-5.12983],[-42.80193,-5.12979],[-42.80296,-5.13149],[-42.802,-5.13323],[-42.8,-5.13327]]]}},{"type":"Feature","id":1952448681,"properties":{"h3":"8980055632fffff","bairro":"Triunfo","copa":0.8,"verde":11.1,"construido":88.9,"temp":47.1,"urbano":true,"classe":"critica","prioridade":87},"geometry":{"type":"Polygon","coordinates":[[[-42.79401,-5.1334],[-42.79298,-5.1317],[-42.79394,-5.12995],[-42.79594,-5.12991],[-42.79697,-5.13161],[-42.79601,-5.13336],[-42.79401,-5.1334]]]}},{"type":"Feature","id":1956118697,"properties":{"h3":"89800556367ffff","bairro":"Lourival Parente","copa":0.0,"verde":0.0,"construido":100.0,"temp":46.6,"urbano":true,"classe":"critica","prioridade":86},"geometry":{"type":"Polygon","coordinates":[[[-42.78802,-5.13352],[-42.78699,-5.13182],[-42.78795,-5.13007],[-42.78995,-5.13003],[-42.79098,-5.13174],[-42.79002,-5.13348],[-42.78802,-5.13352]]]}},{"type":"Feature","id":1956380841,"properties":{"h3":"8980055636bffff","bairro":"Lourival Parente","copa":2.4,"verde":2.7,"construido":97.3,"temp":47.1,"urbano":true,"classe":"critica","prioridade":84},"geometry":{"type":"Polygon","coordinates":[[[-42.78203,-5.13364],[-42.781,-5.13194],[-42.78196,-5.1302],[-42.78396,-5.13016],[-42.78499,-5.13186],[-42.78403,-5.1336],[-42.78203,-5.13364]]]}},{"type":"Feature","id":1439957161,"properties":{"h3":"898005544a3ffff","bairro":"Vila Concórdia","copa":54.3,"verde":65.2,"construido":34.8,"temp":41.2,"urbano":true,"classe":"arborizada","prioridade":0},"geometry":{"type":"Polygon","coordinates":[[[-42.77605,-5.13376],[-42.77501,-5.13206],[-42.77598,-5.13032],[-42.77797,-5.13028],[-42.77901,-5.13198],[-42.77804,-5.13372],[-42.77605,-5.13376]]]}},{"type":"Feature","id":1430782121,"properties":{"h3":"89800554417ffff","bairro":"Planalto Bela Vista","copa":46.6,"verde":51.5,"construido":48.5,"temp":44.8,"urbano":true,"classe":"arborizada","prioridade":15},"geometry":{"type":"Polygon","coordinates":[[[-42.77006,-5.13388],[-42.76902,-5.13218],[-42.76999,-5.13044],[-42.77198,-5.1304],[-42.77302,-5.1321],[-42.77205,-5.13384],[-42.77006,-5.13388]]]}},{"type":"Feature","id":39846058,"properties":{"h3":"8980055712fffff","bairro":"Nova Alegria II","copa":43.3,"verde":88.8,"construido":3.5,"temp":44.0,"urbano":false,"classe":"arborizada","prioridade":0},"geometry":{"type":"Polygon","coordinates":[[[-42.75209,-5.13425],[-42.75106,-5.13255],[-42.75202,-5.13081],[-42.75402,-5.13076],[-42.75505,-5.13247],[-42.75409,-5.13421],[-42.75209,-5.13425]]]}},{"type":"Feature","id":43516074,"properties":{"h3":"89800557167ffff","bairro":"Res. Francisco das Chagas Oliveira","copa":51.0,"verde":89.3,"construido":9.1,"temp":41.9,"urbano":false,"classe":"arborizada","prioridade":0},"geometry":{"type":"Polygon","coordinates":[[[-42.7461,-5.13437],[-42.74507,-5.13267],[-42.74603,-5.13093],[-42.74803,-5.13089],[-42.74906,-5.13259],[-42.7481,-5.13433],[-42.7461,-5.13437]]]}},{"type":"Feature","id":2135163049,"properties":{"h3":"89800556e13ffff","bairro":"Santa Luzia","copa":68.1,"verde":85.4,"construido":14.6,"temp":39.3,"urbano":false,"classe":"arborizada","prioridade":0},"geometry":{"type":"Polygon","coordinates":[[[-42.80902,-5.13481],[-42.80799,-5.13311],[-42.80895,-5.13137],[-42.81094,-5.13133],[-42.81198,-5.13303],[-42.81101,-5.13477],[-42.80902,-5.13481]]]}},{"type":"Feature","id":170,"properties":{"h3":"89800556ecfffff","bairro":"Parque São João","copa":66.2,"verde":72.1,"construido":23.7,"temp":37.7,"urbano":false,"classe":"arborizada","prioridade":0},"geometry":{"type":"Polygon","coordinates":[[[-42.80303,-5.13494],[-42.802,-5.13323],[-42.80296,-5.13149],[-42.80496,-5.13145],[-42.80599,-5.13315],[-42.80503,-5.13489],[-42.80303,-5.13494]]]}},{"type":"Feature","id":1951924393,"properties":{"h3":"89800556327ffff","bairro":"Parque São João","copa":1.6,"verde":6.8,"construido":82.7,"temp":48.0,"urbano":true,"classe":"critica","prioridade":90},"geometry":{"type":"Polygon","coordinates":[[[-42.79704,-5.13506],[-42.79601,-5.13336],[-42.79697,-5.13161],[-42.79897,-5.13157],[-42.8,-5.13327],[-42.79904,-5.13502],[-42.79704,-5.13506]]]}},{"type":"Feature","id":1952186537,"properties":{"h3":"8980055632bffff","bairro":"Lourival Parente","copa":0.0,"verde":0.0,"construido":100.0,"temp":46.7,"urbano":true,"classe":"critica","prioridade":87},"geometry":{"type":"Polygon","coordinates":[[[-42.79105,-5.13518],[-42.79002,-5.13348],[-42.79098,-5.13174],[-42.79298,-5.1317],[-42.79401,-5.1334],[-42.79305,-5.13514],[-42.79105,-5.13518]]]}},{"type":"Feature","id":1955856553,"properties":{"h3":"89800556363ffff","bairro":"Lourival Parente","copa":0.0,"verde":0.0,"construido":100.0,"temp":47.3,"urbano":true,"classe":"critica","prioridade":90},"geometry":{"type":"Polygon","coordinates":[[[-42.78506,-5.1353],[-42.78403,-5.1336],[-42.78499,-5.13186],[-42.78699,-5.13182],[-42.78802,-5.13352],[-42.78706,-5.13526],[-42.78506,-5.1353]]]}},{"type":"Feature","id":1441267881,"properties":{"h3":"898005544b7ffff","bairro":"Vila Concórdia","copa":6.4,"verde":9.8,"construido":90.2,"temp":47.5,"urbano":true,"classe":"pouca","prioridade":78},"geometry":{"type":"Polygon","coordinates":[[[-42.77908,-5.13542],[-42.77804,-5.13372],[-42.77901,-5.13198],[-42.781,-5.13194],[-42.78203,-5.13364],[-42.78107,-5.13538],[-42.77908,-5.13542]]]}},{"type":"Feature","id":1441530025,"properties":{"h3":"898005544bbffff","bairro":"Bela Vista","copa":3.8,"verde":4.7,"construido":95.3,"temp":47.9,"urbano":true,"classe":"critica","prioridade":86},"geometry":{"type":"Polygon","coordinates":[[[-42.77309,-5.13555],[-42.77205,-5.13384],[-42.77302,-5.1321],[-42.77501,-5.13206],[-42.77605,-5.13376],[-42.77508,-5.1355],[-42.77309,-5.13555]]]}},{"type":"Feature","id":440926377,"properties":{"h3":"89800550917ffff","bairro":"Santana","copa":44.9,"verde":86.7,"construido":13.3,"temp":44.0,"urbano":false,"classe":"arborizada","prioridade":0},"geometry":{"type":"Polygon","coordinates":[[[-42.68622,-5.13558],[-42.68518,-5.13388],[-42.68615,-5.13214],[-42.68814,-5.1321],[-42.68917,-5.1338],[-42.68821,-5.13554],[-42.68622,-5.13558]]]}},{"type":"Feature","id":39321770,"properties":{"h3":"89800557127ffff","bairro":"Nova Alegria II","copa":57.0,"verde":75.7,"construido":24.1,"temp":43.3,"urbano":false,"classe":"arborizada","prioridade":0},"geometry":{"type":"Polygon","coordinates":[[[-42.75512,-5.13591],[-42.75409,-5.13421],[-42.75505,-5.13247],[-42.75705,-5.13243],[-42.75808,-5.13413],[-42.75712,-5.13587],[-42.75512,-5.13591]]]}},{"type":"Feature","id":39583914,"properties":{"h3":"8980055712bffff","bairro":"Res. Francisco das Chagas Oliveira","copa":49.6,"verde":75.2,"construido":6.3,"temp":39.8,"urbano":false,"classe":"arborizada","prioridade":0},"geometry":{"type":"Polygon","coordinates":[[[-42.74913,-5.13603],[-42.7481,-5.13433],[-42.74906,-5.13259],[-42.75106,-5.13255],[-42.75209,-5.13425],[-42.75113,-5.13599],[-42.74913,-5.13603]]]}},{"type":"Feature","id":43253930,"properties":{"h3":"89800557163ffff","bairro":"Res. Francisco das Chagas Oliveira","copa":10.2,"verde":61.2,"construido":38.2,"temp":48.3,"urbano":true,"classe":"pouca","prioridade":58},"geometry":{"type":"Polygon","coordinates":[[[-42.74314,-5.13615],[-42.74211,-5.13445],[-42.74307,-5.13271],[-42.74507,-5.13267],[-42.7461,-5.13437],[-42.74514,-5.13611],[-42.74314,-5.13615]]]}},{"type":"Feature","id":82313386,"properties":{"h3":"898005573b7ffff","bairro":"Res. Francisco das Chagas Oliveira","copa":25.5,"verde":78.2,"construido":21.3,"temp":44.0,"urbano":false,"classe":"arborizada","prioridade":0},"geometry":{"type":"Polygon","coordinates":[[[-42.73716,-5.13627],[-42.73612,-5.13457],[-42.73709,-5.13283],[-42.73908,-5.13279],[-42.74011,-5.13449],[-42.73915,-5.13623],[-42.73716,-5.13627]]]}},{"type":"Feature","id":2146959529,"properties":{"h3":"89800556ec7ffff","bairro":"Conj. Velho Monge","copa":43.9,"verde":60.6,"construido":38.0,"temp":42.8,"urbano":true,"classe":"arborizada","prioridade":3},"geometry":{"type":"Polygon","coordinates":[[[-42.80606,-5.1366],[-42.80503,-5.13489],[-42.80599,-5.13315],[-42.80799,-5.13311],[-42.80902,-5.13481],[-42.80806,-5.13656],[-42.80606,-5.1366]]]}},{"type":"Feature","id":2147221673,"properties":{"h3":"89800556ecbffff","bairro":"Saci","copa":4.6,"verde":23.2,"construido":74.9,"temp":47.9,"urbano":true,"classe":"critica","prioridade":84},"geometry":{"type":"Polygon","coordinates":[[[-42.80007,-5.13672],[-42.79904,-5.13502],[-42.8,-5.13327],[-42.802,-5.13323],[-42.80303,-5.13494],[-42.80207,-5.13668],[-42.80007,-5.13672]]]}},{"type":"Feature","id":1951662249,"properties":{"h3":"89800556323ffff","bairro":"Saci","copa":0.5,"verde":3.3,"construido":89.7,"temp":47.0,"urbano":true,"classe":"critica","prioridade":87},"geometry":{"type":"Polygon","coordinates":[[[-42.79408,-5.13684],[-42.79305,-5.13514],[-42.79401,-5.1334],[-42.79601,-5.13336],[-42.79704,-5.13506],[-42.79608,-5.1368],[-42.79408,-5.13684]]]}},{"type":"Feature","id":56098986,"properties":{"h3":"89800557227ffff","bairro":"Bom Princípio","copa":4.8,"verde":95.7,"construido":4.0,"temp":47.4,"urbano":false,"classe":"critica","prioridade":0},"geometry":{"type":"Polygon","coordinates":[[[-42.7132,-5.13676],[-42.71217,-5.13506],[-42.71313,-5.13332],[-42.71513,-5.13328],[-42.71616,-5.13498],[-42.7152,-5.13672],[-42.7132,-5.13676]]]}},{"type":"Feature","id":1957167273,"properties":{"h3":"89800556377ffff","bairro":"Lourival Parente","copa":0.0,"verde":0.5,"construido":99.5,"temp":48.2,"urbano":true,"classe":"critica","prioridade":95},"geometry":{"type":"Polygon","coordinates":[[[-42.78809,-5.13696],[-42.78706,-5.13526],[-42.78802,-5.13352],[-42.79002,-5.13348],[-42.79105,-5.13518],[-42.79009,-5.13692],[-42.78809,-5.13696]]]}},{"type":"Feature","id":1957429417,"properties":{"h3":"8980055637bffff","bairro":"Lourival Parente","copa":0.3,"verde":0.8,"construido":99.2,"temp":47.1,"urbano":true,"classe":"critica","prioridade":88},"geometry":{"type":"Polygon","coordinates":[[[-42.7821,-5.13708],[-42.78107,-5.13538],[-42.78203,-5.13364],[-42.78403,-5.1336],[-42.78506,-5.1353],[-42.7841,-5.13704],[-42.7821,-5.13708]]]}},{"type":"Feature","id":1441005737,"properties":{"h3":"898005544b3ffff","bairro":"Conj. Bela Vista II","copa":1.4,"verde":1.7,"construido":98.3,"temp":47.9,"urbano":true,"classe":"critica","prioridade":90},"geometry":{"type":"Polygon","coordinates":[[[-42.77612,-5.13721],[-42.77508,-5.1355],[-42.77605,-5.13376],[-42.77804,-5.13372],[-42.77908,-5.13542],[-42.77811,-5.13717],[-42.77612,-5.13721]]]}},{"type":"Feature","id":1438646441,"properties":{"h3":"8980055448fffff","bairro":"Bela Vista","copa":27.9,"verde":46.1,"construido":53.9,"temp":43.5,"urbano":true,"classe":"arborizada","prioridade":12},"geometry":{"type":"Polygon","coordinates":[[[-42.77013,-5.13733],[-42.76909,-5.13563],[-42.77006,-5.13388],[-42.77205,-5.13384],[-42.77309,-5.13555],[-42.77212,-5.13729],[-42.77013,-5.13733]]]}},{"type":"Feature","id":451674281,"properties":{"h3":"898005509bbffff","bairro":"Santana","copa":52.7,"verde":89.3,"construido":10.4,"temp":41.4,"urbano":false,"classe":"arborizada","prioridade":0},"geometry":{"type":"Polygon","coordinates":[[[-42.68924,-5.13724],[-42.68821,-5.13554],[-42.68917,-5.1338],[-42.69117,-5.13376],[-42.6922,-5.13546],[-42.69124,-5.1372],[-42.68924,-5.13724]]]}},{"type":"Feature","id":440664233,"properties":{"h3":"89800550913ffff","bairro":"Santana","copa":51.8,"verde":90.4,"construido":9.6,"temp":43.6,"urbano":false,"classe":"arborizada","prioridade":0},"geometry":{"type":"Polygon","coordinates":[[[-42.68326,-5.13737],[-42.68222,-5.13566],[-42.68319,-5.13392],[-42.68518,-5.13388],[-42.68622,-5.13558],[-42.68525,-5.13733],[-42.68326,-5.13737]]]}},{"type":"Feature","id":39059626,"properties":{"h3":"89800557123ffff","bairro":"Nova Alegria II","copa":2.5,"verde":15.7,"construido":83.4,"temp":46.3,"urbano":true,"classe":"critica","prioridade":79},"geometry":{"type":"Polygon","coordinates":[[[-42.75216,-5.13769],[-42.75113,-5.13599],[-42.75209,-5.13425],[-42.75409,-5.13421],[-42.75512,-5.13591],[-42.75416,-5.13765],[-42.75216,-5.13769]]]}},{"type":"Feature","id":44564650,"properties":{"h3":"89800557177ffff","bairro":"Res. Francisco das Chagas Oliveira","copa":15.4,"verde":41.4,"construido":51.5,"temp":50.1,"urbano":true,"classe":"moderada","prioridade":69},"geometry":{"type":"Polygon","coordinates":[[[-42.74617,-5.13781],[-42.74514,-5.13611],[-42.7461,-5.13437],[-42.7481,-5.13433],[-42.74913,-5.13603],[-42.74817,-5.13777],[-42.74617,-5.13781]]]}},{"type":"Feature","id":44826794,"properties":{"h3":"8980055717bffff","bairro":"Res. Francisco das Chagas Oliveira","copa":22.7,"verde":75.5,"construido":24.5,"temp":41.4,"urbano":false,"classe":"moderada","prioridade":0},"geometry":{"type":"Polygon","coordinates":[[[-42.74018,-5.13794],[-42.73915,-5.13623],[-42.74011,-5.13449],[-42.74211,-5.13445],[-42.74314,-5.13615],[-42.74218,-5.1379],[-42.74018,-5.13794]]]}},{"type":"Feature","id":82051242,"properties":{"h3":"898005573b3ffff","bairro":"Res. Francisco das Chagas Oliveira","copa":19.4,"verde":74.2,"construido":9.7,"temp":null,"urbano":false,"classe":"moderada","prioridade":0},"geometry":{"type":"Polygon","coordinates":[[[-42.7342,-5.13806],[-42.73316,-5.13636],[-42.73413,-5.13461],[-42.73612,-5.13457],[-42.73716,-5.13627],[-42.73619,-5.13802],[-42.7342,-5.13806]]]}},{"type":"Feature","id":2143027369,"properties":{"h3":"89800556e8bffff","bairro":"Conj. Velho Monge","copa":61.3,"verde":93.4,"construido":6.6,"temp":40.1,"urbano":false,"classe":"arborizada","prioridade":0},"geometry":{"type":"Polygon","coordinates":[[[-42.80909,-5.13826],[-42.80806,-5.13656],[-42.80902,-5.13481],[-42.81101,-5.13477],[-42.81205,-5.13647],[-42.81108,-5.13822],[-42.80909,-5.13826]]]}},{"type":"Feature","id":2146697385,"properties":{"h3":"89800556ec3ffff","bairro":"Conj. Velho Monge","copa":1.4,"verde":2.2,"construido":97.8,"temp":47.0,"urbano":true,"classe":"critica","prioridade":86},"geometry":{"type":"Polygon","coordinates":[[[-42.8031,-5.13838],[-42.80207,-5.13668],[-42.80303,-5.13494],[-42.80503,-5.13489],[-42.80606,-5.1366],[-42.8051,-5.13834],[-42.8031,-5.13838]]]}},{"type":"Feature","id":1952972969,"properties":{"h3":"89800556337ffff","bairro":"Saci","copa":7.0,"verde":10.2,"construido":77.4,"temp":46.6,"urbano":true,"classe":"pouca","prioridade":72},"geometry":{"type":"Polygon","coordinates":[[[-42.79711,-5.1385],[-42.79608,-5.1368],[-42.79704,-5.13506],[-42.79904,-5.13502],[-42.80007,-5.13672],[-42.79911,-5.13846],[-42.79711,-5.1385]]]}},{"type":"Feature","id":1953235113,"properties":{"h3":"8980055633bffff","bairro":"Lourival Parente","copa":0.3,"verde":1.3,"construido":96.3,"temp":46.9,"urbano":true,"classe":"critica","prioridade":87},"geometry":{"type":"Polygon","coordinates":[[[-42.79112,-5.13862],[-42.79009,-5.13692],[-42.79105,-5.13518],[-42.79305,-5.13514],[-42.79408,-5.13684],[-42.79312,-5.13858],[-42.79112,-5.13862]]]}},{"type":"Feature","id":1956905129,"properties":{"h3":"89800556373ffff","bairro":"Conj. Agespisa","copa":0.0,"verde":0.0,"construido":100.0,"temp":47.4,"urbano":true,"classe":"critica","prioridade":90},"geometry":{"type":"Polygon","coordinates":[[[-42.78513,-5.13875],[-42.7841,-5.13704],[-42.78506,-5.1353],[-42.78706,-5.13526],[-42.78809,-5.13696],[-42.78713,-5.1387],[-42.78513,-5.13875]]]}},{"type":"Feature","id":1954545833,"properties":{"h3":"8980055634fffff","bairro":"Conj. Bela Vista I","copa":2.2,"verde":8.2,"construido":91.8,"temp":47.4,"urbano":true,"classe":"critica","prioridade":86},"geometry":{"type":"Polygon","coordinates":[[[-42.77915,-5.13887],[-42.77811,-5.13717],[-42.77908,-5.13542],[-42.78107,-5.13538],[-42.7821,-5.13708],[-42.78114,-5.13883],[-42.77915,-5.13887]]]}},{"type":"Feature","id":1438122153,"properties":{"h3":"89800554487ffff","bairro":"Res. Monsenhor Chaves","copa":18.4,"verde":18.4,"construido":81.6,"temp":46.7,"urbano":true,"classe":"moderada","prioridade":49},"geometry":{"type":"Polygon","coordinates":[[[-42.77316,-5.13899],[-42.77212,-5.13729],[-42.77309,-5.13555],[-42.77508,-5.1355],[-42.77612,-5.13721],[-42.77515,-5.13895],[-42.77316,-5.13899]]]}},{"type":"Feature","id":1438384297,"properties":{"h3":"8980055448bffff","bairro":"Lot. Novo Bela Vista","copa":20.9,"verde":54.8,"construido":44.1,"temp":43.8,"urbano":true,"classe":"moderada","prioridade":25},"geometry":{"type":"Polygon","coordinates":[[[-42.76717,-5.13911],[-42.76614,-5.13741],[-42.7671,-5.13567],[-42.76909,-5.13563],[-42.77013,-5.13733],[-42.76916,-5.13907],[-42.76717,-5.13911]]]}},{"type":"Feature","id":40370346,"properties":{"h3":"89800557137ffff","bairro":"Nova Alegria II","copa":14.0,"verde":18.4,"construido":81.6,"temp":44.8,"urbano":true,"classe":"moderada","prioridade":48},"geometry":{"type":"Polygon","coordinates":[[[-42.75519,-5.13935],[-42.75416,-5.13765],[-42.75512,-5.13591],[-42.75712,-5.13587],[-42.75815,-5.13757],[-42.75719,-5.13931],[-42.75519,-5.13935]]]}},{"type":"Feature","id":40632490,"properties":{"h3":"8980055713bffff","bairro":"Res. Portal do Sul","copa":12.3,"verde":31.7,"construido":64.8,"temp":45.8,"urbano":true,"classe":"moderada","prioridade":57},"geometry":{"type":"Polygon","coordinates":[[[-42.7492,-5.13948],[-42.74817,-5.13777],[-42.74913,-5.13603],[-42.75113,-5.13599],[-42.75216,-5.13769],[-42.7512,-5.13944],[-42.7492,-5.13948]]]}},{"type":"Feature","id":79167658,"properties":{"h3":"89800557387ffff","bairro":"Res. Francisco das Chagas Oliveira","copa":4.3,"verde":63.1,"construido":29.0,"temp":46.2,"urbano":true,"classe":"critica","prioridade":43},"geometry":{"type":"Polygon","coordinates":[[[-42.73124,-5.13984],[-42.7302,-5.13814],[-42.73117,-5.1364],[-42.73316,-5.13636],[-42.7342,-5.13806],[-42.73323,-5.1398],[-42.73124,-5.13984]]]}},{"type":"Feature","id":524458,"properties":{"h3":"89800556ed7ffff","bairro":"Conj. Velho Monge","copa":31.1,"verde":34.2,"construido":65.8,"temp":44.2,"urbano":true,"classe":"arborizada","prioridade":12},"geometry":{"type":"Polygon","coordinates":[[[-42.80613,-5.14004],[-42.8051,-5.13834],[-42.80606,-5.1366],[-42.80806,-5.13656],[-42.80909,-5.13826],[-42.80813,-5.14],[-42.80613,-5.14004]]]}},{"type":"Feature","id":786602,"properties":{"h3":"89800556edbffff","bairro":"Saci","copa":12.7,"verde":15.6,"construido":84.1,"temp":46.1,"urbano":true,"classe":"moderada","prioridade":58},"geometry":{"type":"Polygon","coordinates":[[[-42.80014,-5.14016],[-42.79911,-5.13846],[-42.80007,-5.13672],[-42.80207,-5.13668],[-42.8031,-5.13838],[-42.80214,-5.14012],[-42.80014,-5.14016]]]}},{"type":"Feature","id":1952710825,"properties":{"h3":"89800556333ffff","bairro":"Saci","copa":1.6,"verde":1.6,"construido":92.3,"temp":48.0,"urbano":true,"classe":"critica","prioridade":91},"geometry":{"type":"Polygon","coordinates":[[[-42.79415,-5.14028],[-42.79312,-5.13858],[-42.79408,-5.13684],[-42.79608,-5.1368],[-42.79711,-5.1385],[-42.79615,-5.14024],[-42.79415,-5.14028]]]}},{"type":"Feature","id":1950351529,"properties":{"h3":"8980055630fffff","bairro":"Conj. Agespisa","copa":0.5,"verde":0.5,"construido":99.5,"temp":47.1,"urbano":true,"classe":"critica","prioridade":88},"geometry":{"type":"Polygon","coordinates":[[[-42.78816,-5.14041],[-42.78713,-5.1387],[-42.78809,-5.13696],[-42.79009,-5.13692],[-42.79112,-5.13862],[-42.79016,-5.14037],[-42.78816,-5.14041]]]}},{"type":"Feature","id":61079722,"properties":{"h3":"89800557273ffff","bairro":"Santana","copa":35.1,"verde":84.6,"construido":9.6,"temp":44.8,"urbano":false,"classe":"arborizada","prioridade":0},"geometry":{"type":"Polygon","coordinates":[[[-42.70129,-5.14045],[-42.70026,-5.13874],[-42.70122,-5.137],[-42.70322,-5.13696],[-42.70425,-5.13866],[-42.70329,-5.14041],[-42.70129,-5.14045]]]}},{"type":"Feature","id":1954021545,"properties":{"h3":"89800556347ffff","bairro":"Conj. Agespisa","copa":0.0,"verde":0.8,"construido":96.4,"temp":45.3,"urbano":true,"classe":"critica","prioridade":78},"geometry":{"type":"Polygon","coordinates":[[[-42.78218,-5.14053],[-42.78114,-5.13883],[-42.7821,-5.13708],[-42.7841,-5.13704],[-42.78513,-5.13875],[-42.78417,-5.14049],[-42.78218,-5.14053]]]}},{"type":"Feature","id":1954283689,"properties":{"h3":"8980055634bffff","bairro":"Res. Monsenhor Chaves","copa":2.1,"verde":2.1,"construido":97.9,"temp":47.6,"urbano":true,"classe":"critica","prioridade":87},"geometry":{"type":"Polygon","coordinates":[[[-42.77619,-5.14065],[-42.77515,-5.13895],[-42.77612,-5.13721],[-42.77811,-5.13717],[-42.77915,-5.13887],[-42.77818,-5.14061],[-42.77619,-5.14065]]]}},{"type":"Feature","id":58720426,"properties":{"h3":"8980055724fffff","bairro":"Santana","copa":42.9,"verde":93.5,"construido":6.2,"temp":45.2,"urbano":false,"classe":"arborizada","prioridade":0},"geometry":{"type":"Polygon","coordinates":[[[-42.6953,-5.14057],[-42.69427,-5.13887],[-42.69523,-5.13712],[-42.69723,-5.13708],[-42.69826,-5.13878],[-42.6973,-5.14053],[-42.6953,-5.14057]]]}},{"type":"Feature","id":448266409,"properties":{"h3":"89800550987ffff","bairro":"Santana","copa":49.3,"verde":95.9,"construido":4.1,"temp":44.8,"urbano":false,"classe":"arborizada","prioridade":0},"geometry":{"type":"Polygon","coordinates":[[[-42.68931,-5.14069],[-42.68828,-5.13899],[-42.68924,-5.13724],[-42.69124,-5.1372],[-42.69227,-5.13891],[-42.69131,-5.14065],[-42.68931,-5.14069]]]}},{"type":"Feature","id":1437860009,"properties":{"h3":"89800554483ffff","bairro":"Lot. Novo Bela Vista","copa":9.3,"verde":17.2,"construido":82.8,"temp":47.3,"urbano":true,"classe":"pouca","prioridade":71},"geometry":{"type":"Polygon","coordinates":[[[-42.7702,-5.14077],[-42.76916,-5.13907],[-42.77013,-5.13733],[-42.77212,-5.13729],[-42.77316,-5.13899],[-42.77219,-5.14073],[-42.7702,-5.14077]]]}},{"type":"Feature","id":1443365033,"properties":{"h3":"898005544d7ffff","bairro":"Lot. Novo Bela Vista","copa":7.3,"verde":90.2,"construido":6.8,"temp":45.7,"urbano":false,"classe":"pouca","prioridade":0},"geometry":{"type":"Polygon","coordinates":[[[-42.76421,-5.14089],[-42.76318,-5.13919],[-42.76414,-5.13745],[-42.76614,-5.13741],[-42.76717,-5.13911],[-42.76621,-5.14085],[-42.76421,-5.14089]]]}},{"type":"Feature","id":1443627177,"properties":{"h3":"898005544dbffff","bairro":"São Lourenço","copa":71.3,"verde":83.9,"construido":5.7,"temp":37.2,"urbano":false,"classe":"arborizada","prioridade":0},"geometry":{"type":"Polygon","coordinates":[[[-42.75822,-5.14102],[-42.75719,-5.13931],[-42.75815,-5.13757],[-42.76015,-5.13753],[-42.76118,-5.13923],[-42.76022,-5.14097],[-42.75822,-5.14102]]]}},{"type":"Feature","id":40108202,"properties":{"h3":"89800557133ffff","bairro":"Nova Alegria I","copa":0.0,"verde":0.3,"construido":99.2,"temp":44.9,"urbano":true,"classe":"critica","prioridade":76},"geometry":{"type":"Polygon","coordinates":[[[-42.75223,-5.14114],[-42.7512,-5.13944],[-42.75216,-5.13769],[-42.75416,-5.13765],[-42.75519,-5.13935],[-42.75423,-5.1411],[-42.75223,-5.14114]]]}},{"type":"Feature","id":37748906,"properties":{"h3":"8980055710fffff","bairro":"Projeto Cazulo","copa":15.4,"verde":39.4,"construido":55.9,"temp":46.0,"urbano":true,"classe":"moderada","prioridade":52},"geometry":{"type":"Polygon","coordinates":[[[-42.74624,-5.14126],[-42.74521,-5.13956],[-42.74617,-5.13781],[-42.74817,-5.13777],[-42.7492,-5.13948],[-42.74824,-5.14122],[-42.74624,-5.14126]]]}},{"type":"Feature","id":41681066,"properties":{"h3":"8980055714bffff","bairro":"Res. Francisco das Chagas Oliveira","copa":16.1,"verde":85.1,"construido":7.9,"temp":45.8,"urbano":false,"classe":"moderada","prioridade":0},"geometry":{"type":"Polygon","coordinates":[[[-42.73427,-5.1415],[-42.73323,-5.1398],[-42.7342,-5.13806],[-42.73619,-5.13802],[-42.73722,-5.13972],[-42.73626,-5.14146],[-42.73427,-5.1415]]]}},{"type":"Feature","id":78905514,"properties":{"h3":"89800557383ffff","bairro":"Res. Francisco das Chagas Oliveira","copa":29.9,"verde":71.2,"construido":24.3,"temp":43.6,"urbano":false,"classe":"arborizada","prioridade":0},"geometry":{"type":"Polygon","coordinates":[[[-42.72828,-5.14162],[-42.72724,-5.13992],[-42.72821,-5.13818],[-42.7302,-5.13814],[-42.73124,-5.13984],[-42.73027,-5.14158],[-42.72828,-5.14162]]]}},{"type":"Feature","id":262314,"properties":{"h3":"89800556ed3ffff","bairro":"Vila Parque Saci","copa":7.8,"verde":10.2,"construido":89.3,"temp":45.8,"urbano":true,"classe":"pouca","prioridade":66},"geometry":{"type":"Polygon","coordinates":[[[-42.80317,-5.14182],[-42.80214,-5.14012],[-42.8031,-5.13838],[-42.8051,-5.13834],[-42.80613,-5.14004],[-42.80517,-5.14178],[-42.80317,-5.14182]]]}},{"type":"Feature","id":1960837289,"properties":{"h3":"898005563afffff","bairro":"Saci","copa":2.1,"verde":2.4,"construido":97.6,"temp":46.5,"urbano":true,"classe":"critica","prioridade":81},"geometry":{"type":"Polygon","coordinates":[[[-42.79718,-5.14195],[-42.79615,-5.14024],[-42.79711,-5.1385],[-42.79911,-5.13846],[-42.80014,-5.14016],[-42.79918,-5.1419],[-42.79718,-5.14195]]]}},{"type":"Feature","id":1949827241,"properties":{"h3":"89800556307ffff","bairro":"Conj. Cepisa","copa":0.0,"verde":0.0,"construido":99.5,"temp":46.0,"urbano":true,"classe":"critica","prioridade":83},"geometry":{"type":"Polygon","coordinates":[[[-42.79119,-5.14207],[-42.79016,-5.14037],[-42.79112,-5.13862],[-42.79312,-5.13858],[-42.79415,-5.14028],[-42.79319,-5.14203],[-42.79119,-5.14207]]]}},{"type":"Feature","id":1950089385,"properties":{"h3":"8980055630bffff","bairro":"Conj. Agespisa","copa":5.7,"verde":6.0,"construido":94.0,"temp":45.4,"urbano":true,"classe":"pouca","prioridade":67},"geometry":{"type":"Polygon","coordinates":[[[-42.7852,-5.14219],[-42.78417,-5.14049],[-42.78513,-5.13875],[-42.78713,-5.1387],[-42.78816,-5.14041],[-42.7872,-5.14215],[-42.7852,-5.14219]]]}},{"type":"Feature","id":1953759401,"properties":{"h3":"89800556343ffff","bairro":"Conj. Bela Vista I","copa":5.1,"verde":8.5,"construido":91.5,"temp":47.6,"urbano":true,"classe":"pouca","prioridade":82},"geometry":{"type":"Polygon","coordinates":[[[-42.77922,-5.14231],[-42.77818,-5.14061],[-42.77915,-5.13887],[-42.78114,-5.13883],[-42.78218,-5.14053],[-42.78121,-5.14227],[-42.77922,-5.14231]]]}},{"type":"Feature","id":58196138,"properties":{"h3":"89800557247ffff","bairro":"Santana","copa":24.9,"verde":95.4,"construido":4.6,"temp":44.1,"urbano":false,"classe":"moderada","prioridade":0},"geometry":{"type":"Polygon","coordinates":[[[-42.69833,-5.14223],[-42.6973,-5.14053],[-42.69826,-5.13878],[-42.70026,-5.13874],[-42.70129,-5.14045],[-42.70033,-5.14219],[-42.69833,-5.14223]]]}},{"type":"Feature","id":1439170729,"properties":{"h3":"89800554497ffff","bairro":"Res. Oswaldo Parente","copa":3.2,"verde":7.7,"construido":92.3,"temp":47.6,"urbano":true,"classe":"critica","prioridade":85},"geometry":{"type":"Polygon","coordinates":[[[-42.77323,-5.14243],[-42.77219,-5.14073],[-42.77316,-5.13899],[-42.77515,-5.13895],[-42.77619,-5.14065],[-42.77522,-5.14239],[-42.77323,-5.14243]]]}},{"type":"Feature","id":448004265,"properties":{"h3":"89800550983ffff","bairro":"Santana","copa":56.5,"verde":93.6,"construido":6.4,"temp":41.8,"urbano":false,"classe":"arborizada","prioridade":0},"geometry":{"type":"Polygon","coordinates":[[[-42.68635,-5.14247],[-42.68532,-5.14077],[-42.68629,-5.13903],[-42.68828,-5.13899],[-42.68931,-5.14069],[-42.68835,-5.14243],[-42.68635,-5.14247]]]}},{"type":"Feature","id":1439432873,"properties":{"h3":"8980055449bffff","bairro":"Lot. Novo Bela Vista","copa":11.7,"verde":59.7,"construido":39.5,"temp":46.6,"urbano":true,"classe":"pouca","prioridade":50},"geometry":{"type":"Polygon","coordinates":[[[-42.76724,-5.14255],[-42.76621,-5.14085],[-42.76717,-5.13911],[-42.76916,-5.13907],[-42.7702,-5.14077],[-42.76923,-5.14251],[-42.76724,-5.14255]]]}},{"type":"Feature","id":48234666,"properties":{"h3":"898005571afffff","bairro":"São Lourenço","copa":0.0,"verde":1.1,"construido":91.2,"temp":45.4,"urbano":true,"classe":"critica","prioridade":79},"geometry":{"type":"Polygon","coordinates":[[[-42.75526,-5.1428],[-42.75423,-5.1411],[-42.75519,-5.13935],[-42.75719,-5.13931],[-42.75822,-5.14102],[-42.75726,-5.14276],[-42.75526,-5.1428]]]}},{"type":"Feature","id":37224618,"properties":{"h3":"89800557107ffff","bairro":"Res. Portal do Sul","copa":1.9,"verde":7.2,"construido":91.2,"temp":45.6,"urbano":true,"classe":"critica","prioridade":76},"geometry":{"type":"Polygon","coordinates":[[[-42.74927,-5.14292],[-42.74824,-5.14122],[-42.7492,-5.13948],[-42.7512,-5.13944],[-42.75223,-5.14114],[-42.75127,-5.14288],[-42.74927,-5.14292]]]}},{"type":"Feature","id":80216234,"properties":{"h3":"89800557397ffff","bairro":"Projeto Cazulo","copa":12.0,"verde":56.1,"construido":41.2,"temp":44.3,"urbano":true,"classe":"pouca","prioridade":40},"geometry":{"type":"Polygon","coordinates":[[[-42.73131,-5.14328],[-42.73027,-5.14158],[-42.73124,-5.13984],[-42.73323,-5.1398],[-42.73427,-5.1415],[-42.7333,-5.14324],[-42.73131,-5.14328]]]}},{"type":"Feature","id":1923088553,"properties":{"h3":"8980055616fffff","bairro":"Vila Parque Saci","copa":60.0,"verde":88.6,"construido":11.4,"temp":37.9,"urbano":false,"classe":"arborizada","prioridade":0},"geometry":{"type":"Polygon","coordinates":[[[-42.8062,-5.14348],[-42.80517,-5.14178],[-42.80613,-5.14004],[-42.80813,-5.14],[-42.80916,-5.1417],[-42.8082,-5.14344],[-42.8062,-5.14348]]]}},{"type":"Feature","id":1960313001,"properties":{"h3":"898005563a7ffff","bairro":"Vila Parque Saci","copa":24.8,"verde":32.8,"construido":66.4,"temp":42.7,"urbano":true,"classe":"moderada","prioridade":14},"geometry":{"type":"Polygon","coordinates":[[[-42.80021,-5.14361],[-42.79918,-5.1419],[-42.80014,-5.14016],[-42.80214,-5.14012],[-42.80317,-5.14182],[-42.80221,-5.14357],[-42.80021,-5.14361]]]}},{"type":"Feature","id":1960575145,"properties":{"h3":"898005563abffff","bairro":"Conj. Cepisa","copa":5.7,"verde":16.7,"construido":82.5,"temp":45.6,"urbano":true,"classe":"pouca","prioridade":69},"geometry":{"type":"Polygon","coordinates":[[[-42.79422,-5.14373],[-42.79319,-5.14203],[-42.79415,-5.14028],[-42.79615,-5.14024],[-42.79718,-5.14195],[-42.79622,-5.14369],[-42.79422,-5.14373]]]}},{"type":"Feature","id":1949565097,"properties":{"h3":"89800556303ffff","bairro":"Parque Piauí","copa":6.0,"verde":15.0,"construido":84.2,"temp":45.4,"urbano":true,"classe":"pouca","prioridade":67},"geometry":{"type":"Polygon","coordinates":[[[-42.78823,-5.14385],[-42.7872,-5.14215],[-42.78816,-5.14041],[-42.79016,-5.14037],[-42.79119,-5.14207],[-42.79023,-5.14381],[-42.78823,-5.14385]]]}},{"type":"Feature","id":1955070121,"properties":{"h3":"89800556357ffff","bairro":"Conj. Agespisa","copa":1.3,"verde":1.6,"construido":98.1,"temp":46.4,"urbano":true,"classe":"critica","prioridade":82},"geometry":{"type":"Polygon","coordinates":[[[-42.78225,-5.14397],[-42.78121,-5.14227],[-42.78218,-5.14053],[-42.78417,-5.14049],[-42.7852,-5.14219],[-42.78424,-5.14393],[-42.78225,-5.14397]]]}},{"type":"Feature","id":57933994,"properties":{"h3":"89800557243ffff","bairro":"Santana","copa":26.1,"verde":94.6,"construido":5.2,"temp":48.1,"urbano":false,"classe":"arborizada","prioridade":0},"geometry":{"type":"Polygon","coordinates":[[[-42.69537,-5.14401],[-42.69434,-5.14231],[-42.6953,-5.14057],[-42.6973,-5.14053],[-42.69833,-5.14223],[-42.69737,-5.14397],[-42.69537,-5.14401]]]}},{"type":"Feature","id":1955332265,"properties":{"h3":"8980055635bffff","bairro":"Conj. Bela Vista I","copa":0.8,"verde":2.9,"construido":91.8,"temp":49.4,"urbano":true,"classe":"critica","prioridade":98},"geometry":{"type":"Polygon","coordinates":[[[-42.77626,-5.14409],[-42.77522,-5.14239],[-42.77619,-5.14065],[-42.77818,-5.14061],[-42.77922,-5.14231],[-42.77825,-5.14405],[-42.77626,-5.14409]]]}},{"type":"Feature","id":449314985,"properties":{"h3":"89800550997ffff","bairro":"Santana","copa":25.1,"verde":89.1,"construido":10.7,"temp":45.8,"urbano":false,"classe":"arborizada","prioridade":0},"geometry":{"type":"Polygon","coordinates":[[[-42.68938,-5.14413],[-42.68835,-5.14243],[-42.68931,-5.14069],[-42.69131,-5.14065],[-42.69234,-5.14235],[-42.69138,-5.14409],[-42.68938,-5.14413]]]}},{"type":"Feature","id":1438908585,"properties":{"h3":"89800554493ffff","bairro":"Vila Tiradentes","copa":23.3,"verde":51.2,"construido":46.6,"temp":46.3,"urbano":true,"classe":"moderada","prioridade":35},"geometry":{"type":"Polygon","coordinates":[[[-42.77027,-5.14422],[-42.76923,-5.14251],[-42.7702,-5.14077],[-42.77219,-5.14073],[-42.77323,-5.14243],[-42.77226,-5.14417],[-42.77027,-5.14422]]]}},{"type":"Feature","id":47710378,"properties":{"h3":"898005571a7ffff","bairro":"São Lourenço","copa":65.7,"verde":72.6,"construido":27.1,"temp":40.4,"urbano":true,"classe":"arborizada","prioridade":0},"geometry":{"type":"Polygon","coordinates":[[[-42.75829,-5.14446],[-42.75726,-5.14276],[-42.75822,-5.14102],[-42.76022,-5.14097],[-42.76125,-5.14268],[-42.76029,-5.14442],[-42.75829,-5.14446]]]}},{"type":"Feature","id":453247145,"properties":{"h3":"898005509d3ffff","bairro":"Assent. Nova Santana","copa":25.5,"verde":92.6,"construido":7.4,"temp":44.2,"urbano":false,"classe":"arborizada","prioridade":0},"geometry":{"type":"Polygon","coordinates":[[[-42.67741,-5.14437],[-42.67637,-5.14267],[-42.67734,-5.14093],[-42.67933,-5.14089],[-42.68037,-5.14259],[-42.6794,-5.14433],[-42.67741,-5.14437]]]}},{"type":"Feature","id":47972522,"properties":{"h3":"898005571abffff","bairro":"Nova Alegria I","copa":0.0,"verde":0.0,"construido":100.0,"temp":47.2,"urbano":true,"classe":"critica","prioridade":89},"geometry":{"type":"Polygon","coordinates":[[[-42.7523,-5.14458],[-42.75127,-5.14288],[-42.75223,-5.14114],[-42.75423,-5.1411],[-42.75526,-5.1428],[-42.7543,-5.14454],[-42.7523,-5.14458]]]}},{"type":"Feature","id":36962474,"properties":{"h3":"89800557103ffff","bairro":"Projeto Cazulo","copa":33.6,"verde":95.0,"construido":5.0,"temp":47.9,"urbano":false,"classe":"arborizada","prioridade":0},"geometry":{"type":"Polygon","coordinates":[[[-42.74631,-5.1447],[-42.74528,-5.143],[-42.74624,-5.14126],[-42.74824,-5.14122],[-42.74927,-5.14292],[-42.74831,-5.14466],[-42.74631,-5.1447]]]}},{"type":"Feature","id":42729642,"properties":{"h3":"8980055715bffff","bairro":"Projeto Cazulo","copa":4.3,"verde":90.9,"construido":8.6,"temp":46.9,"urbano":false,"classe":"critica","prioridade":0},"geometry":{"type":"Polygon","coordinates":[[[-42.73434,-5.14494],[-42.7333,-5.14324],[-42.73427,-5.1415],[-42.73626,-5.14146],[-42.73729,-5.14316],[-42.73633,-5.1449],[-42.73434,-5.14494]]]}},{"type":"Feature","id":79954090,"properties":{"h3":"89800557393ffff","bairro":"Projeto Cazulo","copa":37.6,"verde":96.2,"construido":3.8,"temp":44.0,"urbano":false,"classe":"arborizada","prioridade":0},"geometry":{"type":"Polygon","coordinates":[[[-42.72835,-5.14507],[-42.72731,-5.14336],[-42.72828,-5.14162],[-42.73027,-5.14158],[-42.73131,-5.14328],[-42.73034,-5.14503],[-42.72835,-5.14507]]]}},{"type":"Feature","id":1922826409,"properties":{"h3":"8980055616bffff","bairro":"Vila Parque Saci","copa":32.4,"verde":54.0,"construido":45.2,"temp":43.0,"urbano":true,"classe":"arborizada","prioridade":5},"geometry":{"type":"Polygon","coordinates":[[[-42.80324,-5.14527],[-42.80221,-5.14357],[-42.80317,-5.14182],[-42.80517,-5.14178],[-42.8062,-5.14348],[-42.80524,-5.14523],[-42.80324,-5.14527]]]}},{"type":"Feature","id":1960050857,"properties":{"h3":"898005563a3ffff","bairro":"Distrito Industrial","copa":8.2,"verde":16.3,"construido":82.6,"temp":46.1,"urbano":true,"classe":"pouca","prioridade":67},"geometry":{"type":"Polygon","coordinates":[[[-42.79725,-5.14539],[-42.79622,-5.14369],[-42.79718,-5.14195],[-42.79918,-5.1419],[-42.80021,-5.14361],[-42.79925,-5.14535],[-42.79725,-5.14539]]]}},{"type":"Feature","id":1950875817,"properties":{"h3":"89800556317ffff","bairro":"Conj. Cepisa","copa":8.1,"verde":11.9,"construido":87.5,"temp":47.0,"urbano":true,"classe":"pouca","prioridade":72},"geometry":{"type":"Polygon","coordinates":[[[-42.79126,-5.14551],[-42.79023,-5.14381],[-42.79119,-5.14207],[-42.79319,-5.14203],[-42.79422,-5.14373],[-42.79326,-5.14547],[-42.79126,-5.14551]]]}},{"type":"Feature","id":1951137961,"properties":{"h3":"8980055631bffff","bairro":"Parque Piauí","copa":1.1,"verde":1.1,"construido":98.7,"temp":47.5,"urbano":true,"classe":"critica","prioridade":89},"geometry":{"type":"Polygon","coordinates":[[[-42.78527,-5.14563],[-42.78424,-5.14393],[-42.7852,-5.14219],[-42.7872,-5.14215],[-42.78823,-5.14385],[-42.78727,-5.14559],[-42.78527,-5.14563]]]}},{"type":"Feature","id":59244714,"properties":{"h3":"89800557257ffff","bairro":"Santana","copa":68.1,"verde":95.4,"construido":4.6,"temp":41.6,"urbano":false,"classe":"arborizada","prioridade":0},"geometry":{"type":"Polygon","coordinates":[[[-42.6984,-5.14567],[-42.69737,-5.14397],[-42.69833,-5.14223],[-42.70033,-5.14219],[-42.70136,-5.14389],[-42.7004,-5.14563],[-42.6984,-5.14567]]]}},{"type":"Feature","id":1954807977,"properties":{"h3":"89800556353ffff","bairro":"Conj. Bela Vista I","copa":3.5,"verde":4.3,"construido":95.5,"temp":49.2,"urbano":true,"classe":"critica","prioridade":93},"geometry":{"type":"Polygon","coordinates":[[[-42.77929,-5.14575],[-42.77825,-5.14405],[-42.77922,-5.14231],[-42.78121,-5.14227],[-42.78225,-5.14397],[-42.78128,-5.14571],[-42.77929,-5.14575]]]}},{"type":"Feature","id":59506858,"properties":{"h3":"8980055725bffff","bairro":"Santana","copa":37.6,"verde":74.7,"construido":23.7,"temp":44.6,"urbano":false,"classe":"arborizada","prioridade":0},"geometry":{"type":"Polygon","coordinates":[[[-42.69241,-5.14579],[-42.69138,-5.14409],[-42.69234,-5.14235],[-42.69434,-5.14231],[-42.69537,-5.14401],[-42.69441,-5.14575],[-42.69241,-5.14579]]]}},{"type":"Feature","id":1935671465,"properties":{"h3":"8980055622fffff","bairro":"Vila Tiradentes","copa":4.7,"verde":25.3,"construido":34.7,"temp":49.3,"urbano":true,"classe":"critica","prioridade":63},"geometry":{"type":"Polygon","coordinates":[[[-42.7733,-5.14588],[-42.77226,-5.14417],[-42.77323,-5.14243],[-42.77522,-5.14239],[-42.77626,-5.14409],[-42.77529,-5.14584],[-42.7733,-5.14588]]]}},{"type":"Feature","id":1939341481,"properties":{"h3":"89800556267ffff","bairro":"Vila Tiradentes","copa":1.9,"verde":76.3,"construido":17.8,"temp":50.7,"urbano":false,"classe":"critica","prioridade":0},"geometry":{"type":"Polygon","coordinates":[[[-42.76731,-5.146],[-42.76628,-5.1443],[-42.76724,-5.14255],[-42.76923,-5.14251],[-42.77027,-5.14422],[-42.7693,-5.14596],[-42.76731,-5.146]]]}},{"type":"Feature","id":513802409,"properties":{"h3":"89800550d6fffff","bairro":"Assent. Nova Santana","copa":26.2,"verde":90.1,"construido":5.5,"temp":46.8,"urbano":false,"classe":"arborizada","prioridade":0},"geometry":{"type":"Polygon","coordinates":[[[-42.68044,-5.14604],[-42.6794,-5.14433],[-42.68037,-5.14259],[-42.68236,-5.14255],[-42.6834,-5.14425],[-42.68243,-5.146],[-42.68044,-5.14604]]]}},{"type":"Feature","id":47448234,"properties":{"h3":"898005571a3ffff","bairro":"Parque Sul","copa":2.9,"verde":10.7,"construido":74.5,"temp":46.9,"urbano":true,"classe":"critica","prioridade":81},"geometry":{"type":"Polygon","coordinates":[[[-42.75533,-5.14624],[-42.7543,-5.14454],[-42.75526,-5.1428],[-42.75726,-5.14276],[-42.75829,-5.14446],[-42.75733,-5.1462],[-42.75533,-5.14624]]]}},{"type":"Feature","id":38273194,"properties":{"h3":"89800557117ffff","bairro":"Parque Sul","copa":31.7,"verde":49.6,"construido":47.4,"temp":46.1,"urbano":true,"classe":"arborizada","prioridade":22},"geometry":{"type":"Polygon","coordinates":[[[-42.74934,-5.14636],[-42.74831,-5.14466],[-42.74927,-5.14292],[-42.75127,-5.14288],[-42.7523,-5.14458],[-42.75134,-5.14632],[-42.74934,-5.14636]]]}},{"type":"Feature","id":26738858,"properties":{"h3":"89800557067ffff","bairro":"Projeto Cazulo","copa":49.9,"verde":94.8,"construido":4.9,"temp":42.6,"urbano":false,"classe":"arborizada","prioridade":0},"geometry":{"type":"Polygon","coordinates":[[[-42.72539,-5.14685],[-42.72435,-5.14515],[-42.72532,-5.14341],[-42.72731,-5.14336],[-42.72835,-5.14507],[-42.72738,-5.14681],[-42.72539,-5.14685]]]}},{"type":"Feature","id":1961361577,"properties":{"h3":"898005563b7ffff","bairro":"Distrito Industrial","copa":16.6,"verde":31.1,"construido":67.8,"temp":44.8,"urbano":true,"classe":"moderada","prioridade":42},"geometry":{"type":"Polygon","coordinates":[[[-42.80028,-5.14705],[-42.79925,-5.14535],[-42.80021,-5.14361],[-42.80221,-5.14357],[-42.80324,-5.14527],[-42.80228,-5.14701],[-42.80028,-5.14705]]]}},{"type":"Feature","id":1961623721,"properties":{"h3":"898005563bbffff","bairro":"Vila Nova","copa":20.3,"verde":34.6,"construido":60.5,"temp":47.3,"urbano":true,"classe":"moderada","prioridade":49},"geometry":{"type":"Polygon","coordinates":[[[-42.79429,-5.14717],[-42.79326,-5.14547],[-42.79422,-5.14373],[-42.79622,-5.14369],[-42.79725,-5.14539],[-42.79629,-5.14713],[-42.79429,-5.14717]]]}},{"type":"Feature","id":1950613673,"properties":{"h3":"89800556313ffff","bairro":"Conj. Cepisa","copa":0.0,"verde":0.0,"construido":99.5,"temp":48.3,"urbano":true,"classe":"critica","prioridade":96},"geometry":{"type":"Polygon","coordinates":[[[-42.7883,-5.14729],[-42.78727,-5.14559],[-42.78823,-5.14385],[-42.79023,-5.14381],[-42.79126,-5.14551],[-42.7903,-5.14725],[-42.7883,-5.14729]]]}},{"type":"Feature","id":55312554,"properties":{"h3":"8980055721bffff","bairro":"Santana","copa":53.5,"verde":96.0,"construido":4.0,"temp":45.3,"urbano":false,"classe":"arborizada","prioridade":0},"geometry":{"type":"Polygon","coordinates":[[[-42.70143,-5.14733],[-42.7004,-5.14563],[-42.70136,-5.14389],[-42.70336,-5.14385],[-42.70439,-5.14555],[-42.70343,-5.14729],[-42.70143,-5.14733]]]}},{"type":"Feature","id":1962934441,"properties":{"h3":"898005563cfffff","bairro":"Parque Piauí","copa":0.0,"verde":0.0,"construido":100.0,"temp":46.7,"urbano":true,"classe":"critica","prioridade":87},"geometry":{"type":"Polygon","coordinates":[[[-42.78232,-5.14742],[-42.78128,-5.14571],[-42.78225,-5.14397],[-42.78424,-5.14393],[-42.78527,-5.14563],[-42.78431,-5.14737],[-42.78232,-5.14742]]]}},{"type":"Feature","id":58982570,"properties":{"h3":"89800557253ffff","bairro":"Santana","copa":48.8,"verde":69.9,"construido":30.1,"temp":43.3,"urbano":true,"classe":"arborizada","prioridade":4},"geometry":{"type":"Polygon","coordinates":[[[-42.69544,-5.14745],[-42.69441,-5.14575],[-42.69537,-5.14401],[-42.69737,-5.14397],[-42.6984,-5.14567],[-42.69744,-5.14741],[-42.69544,-5.14745]]]}},{"type":"Feature","id":1935147177,"properties":{"h3":"89800556227ffff","bairro":"Parque Pioneiro","copa":0.8,"verde":2.5,"construido":95.9,"temp":47.7,"urbano":true,"classe":"critica","prioridade":90},"geometry":{"type":"Polygon","coordinates":[[[-42.77633,-5.14754],[-42.77529,-5.14584],[-42.77626,-5.14409],[-42.77825,-5.14405],[-42.77929,-5.14575],[-42.77832,-5.1475],[-42.77633,-5.14754]]]}},{"type":"Feature","id":1935409321,"properties":{"h3":"8980055622bffff","bairro":"Vila Tiradentes","copa":26.8,"verde":37.0,"construido":63.0,"temp":46.0,"urbano":true,"classe":"arborizada","prioridade":29},"geometry":{"type":"Polygon","coordinates":[[[-42.77034,-5.14766],[-42.7693,-5.14596],[-42.77027,-5.14422],[-42.77226,-5.14417],[-42.7733,-5.14588],[-42.77233,-5.14762],[-42.77034,-5.14766]]]}},{"type":"Feature","id":513540265,"properties":{"h3":"89800550d6bffff","bairro":"Assent. Nova Santana","copa":15.2,"verde":84.3,"construido":15.7,"temp":45.2,"urbano":false,"classe":"moderada","prioridade":0},"geometry":{"type":"Polygon","coordinates":[[[-42.67748,-5.14782],[-42.67644,-5.14612],[-42.67741,-5.14437],[-42.6794,-5.14433],[-42.68044,-5.14604],[-42.67947,-5.14778],[-42.67748,-5.14782]]]}},{"type":"Feature","id":48758954,"properties":{"h3":"898005571b7ffff","bairro":"Lot. Nova Alegria","copa":1.6,"verde":31.7,"construido":34.7,"temp":47.2,"urbano":true,"classe":"critica","prioridade":60},"geometry":{"type":"Polygon","coordinates":[[[-42.75836,-5.1479],[-42.75733,-5.1462],[-42.75829,-5.14446],[-42.76029,-5.14442],[-42.76132,-5.14612],[-42.76036,-5.14786],[-42.75836,-5.1479]]]}},{"type":"Feature","id":49021098,"properties":{"h3":"898005571bbffff","bairro":"Parque Sul","copa":7.9,"verde":18.9,"construido":80.0,"temp":46.2,"urbano":true,"classe":"pouca","prioridade":68},"geometry":{"type":"Polygon","coordinates":[[[-42.75237,-5.14802],[-42.75134,-5.14632],[-42.7523,-5.14458],[-42.7543,-5.14454],[-42.75533,-5.14624],[-42.75437,-5.14798],[-42.75237,-5.14802]]]}},{"type":"Feature","id":424411305,"properties":{"h3":"8980055081bffff","bairro":"Assent. Santana Nossa Esperança","copa":5.1,"verde":96.2,"construido":3.8,"temp":48.0,"urbano":false,"classe":"pouca","prioridade":0},"geometry":{"type":"Polygon","coordinates":[[[-42.65951,-5.14818],[-42.65848,-5.14648],[-42.65944,-5.14474],[-42.66144,-5.1447],[-42.66247,-5.1464],[-42.66151,-5.14814],[-42.65951,-5.14818]]]}},{"type":"Feature","id":1923874985,"properties":{"h3":"8980055617bffff","bairro":"Vila Parque Saci","copa":46.5,"verde":60.5,"construido":39.1,"temp":39.5,"urbano":true,"classe":"arborizada","prioridade":0},"geometry":{"type":"Polygon","coordinates":[[[-42.80331,-5.14871],[-42.80228,-5.14701],[-42.80324,-5.14527],[-42.80524,-5.14523],[-42.80627,-5.14693],[-42.80531,-5.14867],[-42.80331,-5.14871]]]}},{"type":"Feature","id":1961099433,"properties":{"h3":"898005563b3ffff","bairro":"Distrito Industrial","copa":50.1,"verde":58.5,"construido":41.5,"temp":45.4,"urbano":true,"classe":"arborizada","prioridade":16},"geometry":{"type":"Polygon","coordinates":[[[-42.79732,-5.14883],[-42.79629,-5.14713],[-42.79725,-5.14539],[-42.79925,-5.14535],[-42.80028,-5.14705],[-42.79932,-5.14879],[-42.79732,-5.14883]]]}},{"type":"Feature","id":1958740137,"properties":{"h3":"8980055638fffff","bairro":"Vila Nova","copa":4.5,"verde":14.1,"construido":85.9,"temp":47.0,"urbano":true,"classe":"critica","prioridade":79},"geometry":{"type":"Polygon","coordinates":[[[-42.79133,-5.14895],[-42.7903,-5.14725],[-42.79126,-5.14551],[-42.79326,-5.14547],[-42.79429,-5.14717],[-42.79333,-5.14891],[-42.79133,-5.14895]]]}},{"type":"Feature","id":1962410153,"properties":{"h3":"898005563c7ffff","bairro":"Promorar","copa":0.0,"verde":0.0,"construido":99.5,"temp":48.3,"urbano":true,"classe":"critica","prioridade":95},"geometry":{"type":"Polygon","coordinates":[[[-42.78534,-5.14908],[-42.78431,-5.14737],[-42.78527,-5.14563],[-42.78727,-5.14559],[-42.7883,-5.14729],[-42.78734,-5.14904],[-42.78534,-5.14908]]]}},{"type":"Feature","id":67109034,"properties":{"h3":"898005572cfffff","bairro":"Santana","copa":25.0,"verde":91.2,"construido":8.5,"temp":42.7,"urbano":false,"classe":"arborizada","prioridade":0},"geometry":{"type":"Polygon","coordinates":[[[-42.69847,-5.14912],[-42.69744,-5.14741],[-42.6984,-5.14567],[-42.7004,-5.14563],[-42.70143,-5.14733],[-42.70047,-5.14908],[-42.69847,-5.14912]]]}},{"type":"Feature","id":1962672297,"properties":{"h3":"898005563cbffff","bairro":"Vila Francisco Gerardo","copa":0.3,"verde":0.3,"construido":99.4,"temp":48.3,"urbano":true,"classe":"critica","prioridade":95},"geometry":{"type":"Polygon","coordinates":[[[-42.77936,-5.1492],[-42.77832,-5.1475],[-42.77929,-5.14575],[-42.78128,-5.14571],[-42.78232,-5.14742],[-42.78135,-5.14916],[-42.77936,-5.1492]]]}},{"type":"Feature","id":1934885033,"properties":{"h3":"89800556223ffff","bairro":"Vila Baixa Fria","copa":20.3,"verde":28.6,"construido":71.1,"temp":47.5,"urbano":true,"classe":"moderada","prioridade":50},"geometry":{"type":"Polygon","coordinates":[[[-42.77337,-5.14932],[-42.77233,-5.14762],[-42.7733,-5.14588],[-42.77529,-5.14584],[-42.77633,-5.14754],[-42.77536,-5.14928],[-42.77337,-5.14932]]]}},{"type":"Feature","id":509083817,"properties":{"h3":"89800550d27ffff","bairro":"Santana","copa":19.9,"verde":89.8,"construido":9.7,"temp":46.5,"urbano":false,"classe":"moderada","prioridade":0},"geometry":{"type":"Polygon","coordinates":[[[-42.69248,-5.14924],[-42.69145,-5.14754],[-42.69241,-5.14579],[-42.69441,-5.14575],[-42.69544,-5.14745],[-42.69448,-5.1492],[-42.69248,-5.14924]]]}},{"type":"Feature","id":48496810,"properties":{"h3":"898005571b3ffff","bairro":"Lot. Nova Alegria","copa":20.5,"verde":32.1,"construido":53.4,"temp":48.1,"urbano":true,"classe":"moderada","prioridade":53},"geometry":{"type":"Polygon","coordinates":[[[-42.7554,-5.14969],[-42.75437,-5.14798],[-42.75533,-5.14624],[-42.75733,-5.1462],[-42.75836,-5.1479],[-42.7574,-5.14964],[-42.7554,-5.14969]]]}},{"type":"Feature","id":434634921,"properties":{"h3":"898005508b7ffff","bairro":"Assent. Santana Nossa Esperança","copa":33.0,"verde":88.6,"construido":10.4,"temp":44.3,"urbano":false,"classe":"arborizada","prioridade":0},"geometry":{"type":"Polygon","coordinates":[[[-42.67452,-5.1496],[-42.67348,-5.1479],[-42.67445,-5.14616],[-42.67644,-5.14612],[-42.67748,-5.14782],[-42.67651,-5.14956],[-42.67452,-5.1496]]]}},{"type":"Feature","id":46137514,"properties":{"h3":"8980055718fffff","bairro":"Parque Sul","copa":26.7,"verde":66.9,"construido":30.4,"temp":48.2,"urbano":true,"classe":"arborizada","prioridade":25},"geometry":{"type":"Polygon","coordinates":[[[-42.74941,-5.14981],[-42.74838,-5.14811],[-42.74934,-5.14636],[-42.75134,-5.14632],[-42.75237,-5.14802],[-42.75141,-5.14977],[-42.74941,-5.14981]]]}},{"type":"Feature","id":49807530,"properties":{"h3":"898005571c7ffff","bairro":"Projeto Cazulo","copa":11.4,"verde":70.5,"construido":20.5,"temp":48.2,"urbano":false,"classe":"pouca","prioridade":0},"geometry":{"type":"Polygon","coordinates":[[[-42.74342,-5.14993],[-42.74239,-5.14823],[-42.74335,-5.14648],[-42.74535,-5.14644],[-42.74638,-5.14815],[-42.74542,-5.14989],[-42.74342,-5.14993]]]}},{"type":"Feature","id":27787434,"properties":{"h3":"89800557077ffff","bairro":"Projeto Cazulo","copa":65.4,"verde":94.9,"construido":3.7,"temp":49.4,"urbano":false,"classe":"arborizada","prioridade":0},"geometry":{"type":"Polygon","coordinates":[[[-42.72546,-5.15029],[-42.72442,-5.14859],[-42.72539,-5.14685],[-42.72738,-5.14681],[-42.72842,-5.14851],[-42.72745,-5.15025],[-42.72546,-5.15029]]]}},{"type":"Feature","id":1920991401,"properties":{"h3":"8980055614fffff","bairro":"Distrito Industrial","copa":50.8,"verde":91.7,"construido":7.8,"temp":40.4,"urbano":false,"classe":"arborizada","prioridade":0},"geometry":{"type":"Polygon","coordinates":[[[-42.80035,-5.15049],[-42.79932,-5.14879],[-42.80028,-5.14705],[-42.80228,-5.14701],[-42.80331,-5.14871],[-42.80235,-5.15045],[-42.80035,-5.15049]]]}},{"type":"Feature","id":1958215849,"properties":{"h3":"89800556387ffff","bairro":"Vila Afonso Gil","copa":10.1,"verde":14.4,"construido":84.0,"temp":46.8,"urbano":true,"classe":"pouca","prioridade":67},"geometry":{"type":"Polygon","coordinates":[[[-42.79436,-5.15062],[-42.79333,-5.14891],[-42.79429,-5.14717],[-42.79629,-5.14713],[-42.79732,-5.14883],[-42.79636,-5.15057],[-42.79436,-5.15062]]]}},{"type":"Feature","id":1958477993,"properties":{"h3":"8980055638bffff","bairro":"Promorar","copa":0.0,"verde":0.0,"construido":99.2,"temp":48.7,"urbano":true,"classe":"critica","prioridade":98},"geometry":{"type":"Polygon","coordinates":[[[-42.78837,-5.15074],[-42.78734,-5.14904],[-42.7883,-5.14729],[-42.7903,-5.14725],[-42.79133,-5.14895],[-42.79037,-5.1507],[-42.78837,-5.15074]]]}},{"type":"Feature","id":1962148009,"properties":{"h3":"898005563c3ffff","bairro":"Promorar","copa":0.6,"verde":8.0,"construido":92.0,"temp":45.8,"urbano":true,"classe":"critica","prioridade":80},"geometry":{"type":"Polygon","coordinates":[[[-42.78239,-5.15086],[-42.78135,-5.14916],[-42.78232,-5.14742],[-42.78431,-5.14737],[-42.78534,-5.14908],[-42.78438,-5.15082],[-42.78239,-5.15086]]]}},{"type":"Feature","id":1936195753,"properties":{"h3":"89800556237ffff","bairro":"Parque Pioneiro","copa":8.8,"verde":9.1,"construido":90.9,"temp":46.7,"urbano":true,"classe":"pouca","prioridade":69},"geometry":{"type":"Polygon","coordinates":[[[-42.7764,-5.15098],[-42.77536,-5.14928],[-42.77633,-5.14754],[-42.77832,-5.1475],[-42.77936,-5.1492],[-42.77839,-5.15094],[-42.7764,-5.15098]]]}},{"type":"Feature","id":1936457897,"properties":{"h3":"8980055623bffff","bairro":"Vila Baixa Fria","copa":41.9,"verde":62.1,"construido":37.6,"temp":46.5,"urbano":true,"classe":"arborizada","prioridade":19},"geometry":{"type":"Polygon","coordinates":[[[-42.77041,-5.1511],[-42.76937,-5.1494],[-42.77034,-5.14766],[-42.77233,-5.14762],[-42.77337,-5.14932],[-42.7724,-5.15106],[-42.77041,-5.1511]]]}},{"type":"Feature","id":1937768617,"properties":{"h3":"8980055624fffff","bairro":"Lot. Nova Alegria","copa":0.0,"verde":13.8,"construido":59.9,"temp":49.3,"urbano":true,"classe":"critica","prioridade":100},"geometry":{"type":"Polygon","coordinates":[[[-42.75843,-5.15135],[-42.7574,-5.14964],[-42.75836,-5.1479],[-42.76036,-5.14786],[-42.76139,-5.14956],[-42.76043,-5.15131],[-42.75843,-5.15135]]]}},{"type":"Feature","id":514588841,"properties":{"h3":"89800550d7bffff","bairro":"Assent. Santana Nossa Esperança","copa":21.5,"verde":96.3,"construido":3.7,"temp":45.7,"urbano":false,"classe":"moderada","prioridade":0},"geometry":{"type":"Polygon","coordinates":[[[-42.67755,-5.15126],[-42.67651,-5.14956],[-42.67748,-5.14782],[-42.67947,-5.14778],[-42.68051,-5.14948],[-42.67954,-5.15122],[-42.67755,-5.15126]]]}},{"type":"Feature","id":45613226,"properties":{"h3":"89800557187ffff","bairro":"Conj. Vamos Ver o Sol","copa":0.0,"verde":4.0,"construido":83.8,"temp":46.2,"urbano":true,"classe":"critica","prioridade":84},"geometry":{"type":"Polygon","coordinates":[[[-42.75244,-5.15147],[-42.75141,-5.14977],[-42.75237,-5.14802],[-42.75437,-5.14798],[-42.7554,-5.14969],[-42.75444,-5.15143],[-42.75244,-5.15147]]]}},{"type":"Feature","id":45875370,"properties":{"h3":"8980055718bffff","bairro":"Parque Sul","copa":10.9,"verde":92.5,"construido":6.7,"temp":46.0,"urbano":false,"classe":"pouca","prioridade":0},"geometry":{"type":"Polygon","coordinates":[[[-42.74645,-5.15159],[-42.74542,-5.14989],[-42.74638,-5.14815],[-42.74838,-5.14811],[-42.74941,-5.14981],[-42.74845,-5.15155],[-42.74645,-5.15159]]]}},{"type":"Feature","id":1920729257,"properties":{"h3":"8980055614bffff","bairro":"Distrito Industrial","copa":11.7,"verde":11.7,"construido":88.3,"temp":50.7,"urbano":true,"classe":"pouca","prioridade":77},"geometry":{"type":"Polygon","coordinates":[[[-42.79739,-5.15228],[-42.79636,-5.15057],[-42.79732,-5.14883],[-42.79932,-5.14879],[-42.80035,-5.15049],[-42.79939,-5.15224],[-42.79739,-5.15228]]]}},{"type":"Feature","id":1957953705,"properties":{"h3":"89800556383ffff","bairro":"Vila Afonso Gil","copa":0.8,"verde":7.8,"construido":90.9,"temp":47.1,"urbano":true,"classe":"critica","prioridade":87},"geometry":{"type":"Polygon","coordinates":[[[-42.7914,-5.1524],[-42.79037,-5.1507],[-42.79133,-5.14895],[-42.79333,-5.14891],[-42.79436,-5.15062],[-42.7934,-5.15236],[-42.7914,-5.1524]]]}},{"type":"Feature","id":1963458729,"properties":{"h3":"898005563d7ffff","bairro":"Promorar","copa":0.5,"verde":1.6,"construido":98.4,"temp":47.5,"urbano":true,"classe":"critica","prioridade":90},"geometry":{"type":"Polygon","coordinates":[[[-42.78542,-5.15252],[-42.78438,-5.15082],[-42.78534,-5.14908],[-42.78734,-5.14904],[-42.78837,-5.15074],[-42.78741,-5.15248],[-42.78542,-5.15252]]]}},{"type":"Feature","id":1963720873,"properties":{"h3":"898005563dbffff","bairro":"Vila Parque Promorar","copa":2.4,"verde":4.0,"construido":95.5,"temp":47.3,"urbano":true,"classe":"critica","prioridade":85},"geometry":{"type":"Polygon","coordinates":[[[-42.77943,-5.15264],[-42.77839,-5.15094],[-42.77936,-5.1492],[-42.78135,-5.14916],[-42.78239,-5.15086],[-42.78142,-5.1526],[-42.77943,-5.15264]]]}},{"type":"Feature","id":1935933609,"properties":{"h3":"89800556233ffff","bairro":"Vila Mariana","copa":12.3,"verde":15.7,"construido":83.7,"temp":47.1,"urbano":true,"classe":"moderada","prioridade":64},"geometry":{"type":"Polygon","coordinates":[[[-42.77344,-5.15276],[-42.7724,-5.15106],[-42.77337,-5.14932],[-42.77536,-5.14928],[-42.7764,-5.15098],[-42.77543,-5.15272],[-42.77344,-5.15276]]]}},{"type":"Feature","id":510394537,"properties":{"h3":"89800550d3bffff","bairro":"Jardim Europa","copa":4.5,"verde":65.4,"construido":34.6,"temp":46.3,"urbano":true,"classe":"critica","prioridade":52},"geometry":{"type":"Polygon","coordinates":[[[-42.68656,-5.1528],[-42.68553,-5.1511],[-42.68649,-5.14936],[-42.68849,-5.14932],[-42.68952,-5.15102],[-42.68856,-5.15276],[-42.68656,-5.1528]]]}},{"type":"Feature","id":514064553,"properties":{"h3":"89800550d73ffff","bairro":"Jardim Europa","copa":21.0,"verde":87.2,"construido":12.5,"temp":45.7,"urbano":false,"classe":"moderada","prioridade":0},"geometry":{"type":"Polygon","coordinates":[[[-42.68057,-5.15292],[-42.67954,-5.15122],[-42.68051,-5.14948],[-42.6825,-5.14944],[-42.68353,-5.15114],[-42.68257,-5.15288],[-42.68057,-5.15292]]]}},{"type":"Feature","id":1937506473,"properties":{"h3":"8980055624bffff","bairro":"Conj. Vamos Ver o Sol","copa":1.1,"verde":4.5,"construido":95.5,"temp":48.8,"urbano":true,"classe":"critica","prioridade":96},"geometry":{"type":"Polygon","coordinates":[[[-42.75547,-5.15313],[-42.75444,-5.15143],[-42.7554,-5.14969],[-42.7574,-5.14964],[-42.75843,-5.15135],[-42.75747,-5.15309],[-42.75547,-5.15313]]]}},{"type":"Feature","id":511705257,"properties":{"h3":"89800550d4fffff","bairro":"Assent. Santana Nossa Esperança","copa":19.2,"verde":87.1,"construido":12.9,"temp":45.2,"urbano":false,"classe":"moderada","prioridade":0},"geometry":{"type":"Polygon","coordinates":[[[-42.67459,-5.15304],[-42.67355,-5.15134],[-42.67452,-5.1496],[-42.67651,-5.14956],[-42.67755,-5.15126],[-42.67658,-5.153],[-42.67459,-5.15304]]]}},{"type":"Feature","id":45351082,"properties":{"h3":"89800557183ffff","bairro":"Conj. Vamos Ver o Sol","copa":11.7,"verde":71.3,"construido":21.8,"temp":45.1,"urbano":false,"classe":"pouca","prioridade":0},"geometry":{"type":"Polygon","coordinates":[[[-42.74948,-5.15325],[-42.74845,-5.15155],[-42.74941,-5.14981],[-42.75141,-5.14977],[-42.75244,-5.15147],[-42.75148,-5.15321],[-42.74948,-5.15325]]]}},{"type":"Feature","id":1920204969,"properties":{"h3":"89800556143ffff","bairro":"Distrito Industrial","copa":50.0,"verde":95.5,"construido":4.5,"temp":43.1,"urbano":false,"classe":"arborizada","prioridade":0},"geometry":{"type":"Polygon","coordinates":[[[-42.80042,-5.15394],[-42.79939,-5.15224],[-42.80035,-5.15049],[-42.80235,-5.15045],[-42.80338,-5.15215],[-42.80242,-5.1539],[-42.80042,-5.15394]]]}},{"type":"Feature","id":1959264425,"properties":{"h3":"89800556397ffff","bairro":"Vila Carolina SIlva","copa":13.6,"verde":29.3,"construido":65.8,"temp":49.8,"urbano":true,"classe":"moderada","prioridade":73},"geometry":{"type":"Polygon","coordinates":[[[-42.79443,-5.15406],[-42.7934,-5.15236],[-42.79436,-5.15062],[-42.79636,-5.15057],[-42.79739,-5.15228],[-42.79643,-5.15402],[-42.79443,-5.15406]]]}},{"type":"Feature","id":1959526569,"properties":{"h3":"8980055639bffff","bairro":"Vila Santa Cruz","copa":2.5,"verde":2.5,"construido":97.5,"temp":47.4,"urbano":true,"classe":"critica","prioridade":85},"geometry":{"type":"Polygon","coordinates":[[[-42.78844,-5.15418],[-42.78741,-5.15248],[-42.78837,-5.15074],[-42.79037,-5.1507],[-42.7914,-5.1524],[-42.79044,-5.15414],[-42.78844,-5.15418]]]}},{"type":"Feature","id":1963196585,"properties":{"h3":"898005563d3ffff","bairro":"Vila Bom Jesus Sul","copa":0.3,"verde":1.1,"construido":98.9,"temp":48.6,"urbano":true,"classe":"critica","prioridade":97},"geometry":{"type":"Polygon","coordinates":[[[-42.78246,-5.1543],[-42.78142,-5.1526],[-42.78239,-5.15086],[-42.78438,-5.15082],[-42.78542,-5.15252],[-42.78445,-5.15426],[-42.78246,-5.1543]]]}},{"type":"Feature","id":1944060073,"properties":{"h3":"898005562afffff","bairro":"Santo Antonio","copa":21.3,"verde":24.3,"construido":75.7,"temp":null,"urbano":true,"classe":"moderada","prioridade":37},"geometry":{"type":"Polygon","coordinates":[[[-42.77647,-5.15442],[-42.77543,-5.15272],[-42.7764,-5.15098],[-42.77839,-5.15094],[-42.77943,-5.15264],[-42.77846,-5.15438],[-42.77647,-5.15442]]]}},{"type":"Feature","id":509870249,"properties":{"h3":"89800550d33ffff","bairro":"Jardim Europa","copa":0.0,"verde":80.3,"construido":19.2,"temp":46.3,"urbano":false,"classe":"critica","prioridade":0},"geometry":{"type":"Polygon","coordinates":[[[-42.68959,-5.15446],[-42.68856,-5.15276],[-42.68952,-5.15102],[-42.69152,-5.15098],[-42.69255,-5.15268],[-42.69159,-5.15442],[-42.68959,-5.15446]]]}},{"type":"Feature","id":1933050025,"properties":{"h3":"89800556207ffff","bairro":"Vila Parque da Conquista","copa":9.1,"verde":26.9,"construido":72.0,"temp":47.2,"urbano":true,"classe":"pouca","prioridade":71},"geometry":{"type":"Polygon","coordinates":[[[-42.77048,-5.15455],[-42.76945,-5.15284],[-42.77041,-5.1511],[-42.7724,-5.15106],[-42.77344,-5.15276],[-42.77247,-5.15451],[-42.77048,-5.15455]]]}},{"type":"Feature","id":507510953,"properties":{"h3":"89800550d0fffff","bairro":"Jardim Europa","copa":47.7,"verde":92.0,"construido":8.0,"temp":44.0,"urbano":false,"classe":"arborizada","prioridade":0},"geometry":{"type":"Polygon","coordinates":[[[-42.6836,-5.15458],[-42.68257,-5.15288],[-42.68353,-5.15114],[-42.68553,-5.1511],[-42.68656,-5.1528],[-42.6856,-5.15454],[-42.6836,-5.15458]]]}},{"type":"Feature","id":1936982185,"properties":{"h3":"89800556243ffff","bairro":"Conj. Vamos Ver o Sol","copa":1.9,"verde":27.1,"construido":68.6,"temp":49.0,"urbano":true,"classe":"critica","prioridade":96},"geometry":{"type":"Polygon","coordinates":[[[-42.7585,-5.15479],[-42.75747,-5.15309],[-42.75843,-5.15135],[-42.76043,-5.15131],[-42.76146,-5.15301],[-42.7605,-5.15475],[-42.7585,-5.15479]]]}},{"type":"Feature","id":46661802,"properties":{"h3":"89800557197ffff","bairro":"Conj. Vamos Ver o Sol","copa":36.0,"verde":66.7,"construido":3.5,"temp":46.9,"urbano":false,"classe":"arborizada","prioridade":0},"geometry":{"type":"Polygon","coordinates":[[[-42.75251,-5.15491],[-42.75148,-5.15321],[-42.75244,-5.15147],[-42.75444,-5.15143],[-42.75547,-5.15313],[-42.75451,-5.15487],[-42.75251,-5.15491]]]}},{"type":"Feature","id":46923946,"properties":{"h3":"8980055719bffff","bairro":"Conj. Vamos Ver o Sol","copa":5.5,"verde":96.1,"construido":3.6,"temp":47.3,"urbano":false,"classe":"pouca","prioridade":0},"geometry":{"type":"Polygon","coordinates":[[[-42.74652,-5.15503],[-42.74549,-5.15333],[-42.74645,-5.15159],[-42.74845,-5.15155],[-42.74948,-5.15325],[-42.74852,-5.15499],[-42.74652,-5.15503]]]}},{"type":"Feature","id":1921777833,"properties":{"h3":"8980055615bffff","bairro":"Vila Carolina SIlva","copa":34.8,"verde":45.1,"construido":53.3,"temp":46.3,"urbano":true,"classe":"arborizada","prioridade":24},"geometry":{"type":"Polygon","coordinates":[[[-42.79746,-5.15572],[-42.79643,-5.15402],[-42.79739,-5.15228],[-42.79939,-5.15224],[-42.80042,-5.15394],[-42.79946,-5.15568],[-42.79746,-5.15572]]]}},{"type":"Feature","id":1959002281,"properties":{"h3":"89800556393ffff","bairro":"Vila Carolina SIlva","copa":6.8,"verde":11.9,"construido":88.1,"temp":48.4,"urbano":true,"classe":"pouca","prioridade":83},"geometry":{"type":"Polygon","coordinates":[[[-42.79147,-5.15584],[-42.79044,-5.15414],[-42.7914,-5.1524],[-42.7934,-5.15236],[-42.79443,-5.15406],[-42.79347,-5.1558],[-42.79147,-5.15584]]]}},{"type":"Feature","id":1906311337,"properties":{"h3":"8980055606fffff","bairro":"Vila São José da Esperança","copa":1.3,"verde":1.3,"construido":98.7,"temp":47.1,"urbano":true,"classe":"critica","prioridade":86},"geometry":{"type":"Polygon","coordinates":[[[-42.78549,-5.15596],[-42.78445,-5.15426],[-42.78542,-5.15252],[-42.78741,-5.15248],[-42.78844,-5.15418],[-42.78748,-5.15592],[-42.78549,-5.15596]]]}},{"type":"Feature","id":1943535785,"properties":{"h3":"898005562a7ffff","bairro":"Parque São Jorge","copa":14.7,"verde":31.8,"construido":67.4,"temp":45.3,"urbano":true,"classe":"moderada","prioridade":49},"geometry":{"type":"Polygon","coordinates":[[[-42.7795,-5.15609],[-42.77846,-5.15438],[-42.77943,-5.15264],[-42.78142,-5.1526],[-42.78246,-5.1543],[-42.78149,-5.15605],[-42.7795,-5.15609]]]}},{"type":"Feature","id":1943797929,"properties":{"h3":"898005562abffff","bairro":"Santo Antonio","copa":27.5,"verde":62.6,"construido":33.2,"temp":46.7,"urbano":true,"classe":"arborizada","prioridade":21},"geometry":{"type":"Polygon","coordinates":[[[-42.77351,-5.15621],[-42.77247,-5.15451],[-42.77344,-5.15276],[-42.77543,-5.15272],[-42.77647,-5.15442],[-42.7755,-5.15617],[-42.77351,-5.15621]]]}},{"type":"Feature","id":1932787881,"properties":{"h3":"89800556203ffff","bairro":"Vila Parque da Conquista","copa":32.3,"verde":63.4,"construido":36.3,"temp":46.1,"urbano":true,"classe":"arborizada","prioridade":17},"geometry":{"type":"Polygon","coordinates":[[[-42.76752,-5.15633],[-42.76649,-5.15463],[-42.76745,-5.15289],[-42.76945,-5.15284],[-42.77048,-5.15455],[-42.76952,-5.15629],[-42.76752,-5.15633]]]}},{"type":"Feature","id":506986665,"properties":{"h3":"89800550d07ffff","bairro":"Jardim Europa","copa":0.3,"verde":10.1,"construido":88.8,"temp":47.6,"urbano":true,"classe":"critica","prioridade":91},"geometry":{"type":"Polygon","coordinates":[[[-42.68663,-5.15625],[-42.6856,-5.15454],[-42.68656,-5.1528],[-42.68856,-5.15276],[-42.68959,-5.15446],[-42.68863,-5.15621],[-42.68663,-5.15625]]]}},{"type":"Feature","id":1938292905,"properties":{"h3":"89800556257ffff","bairro":"Parque Dagmar Mazza","copa":1.6,"verde":63.3,"construido":19.1,"temp":48.2,"urbano":false,"classe":"critica","prioridade":0},"geometry":{"type":"Polygon","coordinates":[[[-42.76153,-5.15645],[-42.7605,-5.15475],[-42.76146,-5.15301],[-42.76346,-5.15297],[-42.76449,-5.15467],[-42.76353,-5.15641],[-42.76153,-5.15645]]]}},{"type":"Feature","id":507248809,"properties":{"h3":"89800550d0bffff","bairro":"Vila Maria Luiza","copa":6.6,"verde":73.1,"construido":26.6,"temp":45.7,"urbano":true,"classe":"pouca","prioridade":36},"geometry":{"type":"Polygon","coordinates":[[[-42.68064,-5.15637],[-42.67961,-5.15467],[-42.68057,-5.15292],[-42.68257,-5.15288],[-42.6836,-5.15458],[-42.68264,-5.15633],[-42.68064,-5.15637]]]}},{"type":"Feature","id":510918825,"properties":{"h3":"89800550d43ffff","bairro":"Assent. Santana Nossa Esperança","copa":23.0,"verde":87.7,"construido":11.8,"temp":45.7,"urbano":false,"classe":"moderada","prioridade":0},"geometry":{"type":"Polygon","coordinates":[[[-42.67466,-5.15649],[-42.67362,-5.15479],[-42.67459,-5.15304],[-42.67658,-5.153],[-42.67762,-5.15471],[-42.67665,-5.15645],[-42.67466,-5.15649]]]}},{"type":"Feature","id":1938555049,"properties":{"h3":"8980055625bffff","bairro":"Conj. Vamos Ver o Sol","copa":23.4,"verde":57.0,"construido":34.7,"temp":44.3,"urbano":true,"classe":"moderada","prioridade":18},"geometry":{"type":"Polygon","coordinates":[[[-42.75554,-5.15657],[-42.75451,-5.15487],[-42.75547,-5.15313],[-42.75747,-5.15309],[-42.7585,-5.15479],[-42.75754,-5.15653],[-42.75554,-5.15657]]]}},{"type":"Feature","id":46399658,"properties":{"h3":"89800557193ffff","bairro":"Conj. Vamos Ver o Sol","copa":47.1,"verde":95.9,"construido":4.1,"temp":45.1,"urbano":false,"classe":"arborizada","prioridade":0},"geometry":{"type":"Polygon","coordinates":[[[-42.74955,-5.15669],[-42.74852,-5.15499],[-42.74948,-5.15325],[-42.75148,-5.15321],[-42.75251,-5.15491],[-42.75155,-5.15665],[-42.74955,-5.15669]]]}},{"type":"Feature","id":20185258,"properties":{"h3":"89800557003ffff","bairro":"Projeto Cazulo","copa":59.9,"verde":87.5,"construido":4.3,"temp":43.0,"urbano":false,"classe":"arborizada","prioridade":0},"geometry":{"type":"Polygon","coordinates":[[[-42.7256,-5.15718],[-42.72456,-5.15548],[-42.72553,-5.15374],[-42.72752,-5.1537],[-42.72856,-5.1554],[-42.72759,-5.15714],[-42.7256,-5.15718]]]}},{"type":"Feature","id":1902117033,"properties":{"h3":"8980055602fffff","bairro":"Vila Parque Palmeirais","copa":12.7,"verde":27.8,"construido":68.4,"temp":46.0,"urbano":true,"classe":"moderada","prioridade":57},"geometry":{"type":"Polygon","coordinates":[[[-42.7945,-5.1575],[-42.79347,-5.1558],[-42.79443,-5.15406],[-42.79643,-5.15402],[-42.79746,-5.15572],[-42.7965,-5.15746],[-42.7945,-5.1575]]]}},{"type":"Feature","id":1905787049,"properties":{"h3":"89800556067ffff","bairro":"Vila Santa Cruz","copa":6.9,"verde":9.9,"construido":90.1,"temp":47.5,"urbano":true,"classe":"pouca","prioridade":77},"geometry":{"type":"Polygon","coordinates":[[[-42.78851,-5.15762],[-42.78748,-5.15592],[-42.78844,-5.15418],[-42.79044,-5.15414],[-42.79147,-5.15584],[-42.79051,-5.15758],[-42.78851,-5.15762]]]}},{"type":"Feature","id":1906049193,"properties":{"h3":"8980055606bffff","bairro":"Vila Bom Jesus Sul","copa":11.5,"verde":14.2,"construido":85.8,"temp":45.9,"urbano":true,"classe":"pouca","prioridade":59},"geometry":{"type":"Polygon","coordinates":[[[-42.78253,-5.15775],[-42.78149,-5.15605],[-42.78246,-5.1543],[-42.78445,-5.15426],[-42.78549,-5.15596],[-42.78452,-5.15771],[-42.78253,-5.15775]]]}},{"type":"Feature","id":1943273641,"properties":{"h3":"898005562a3ffff","bairro":"Parque São Jorge","copa":32.2,"verde":51.2,"construido":48.8,"temp":47.6,"urbano":true,"classe":"arborizada","prioridade":31},"geometry":{"type":"Polygon","coordinates":[[[-42.77654,-5.15787],[-42.7755,-5.15617],[-42.77647,-5.15442],[-42.77846,-5.15438],[-42.7795,-5.15609],[-42.77853,-5.15783],[-42.77654,-5.15787]]]}},{"type":"Feature","id":1934098601,"properties":{"h3":"89800556217ffff","bairro":"Vila Parque da Conquista","copa":19.0,"verde":34.0,"construido":61.5,"temp":48.2,"urbano":true,"classe":"moderada","prioridade":57},"geometry":{"type":"Polygon","coordinates":[[[-42.77055,-5.15799],[-42.76952,-5.15629],[-42.77048,-5.15455],[-42.77247,-5.15451],[-42.77351,-5.15621],[-42.77254,-5.15795],[-42.77055,-5.15799]]]}},{"type":"Feature","id":1934360745,"properties":{"h3":"8980055621bffff","bairro":"Vila São Francisco - Sul","copa":35.9,"verde":58.0,"construido":40.2,"temp":44.1,"urbano":true,"classe":"arborizada","prioridade":10},"geometry":{"type":"Polygon","coordinates":[[[-42.76456,-5.15811],[-42.76353,-5.15641],[-42.76449,-5.15467],[-42.76649,-5.15463],[-42.76752,-5.15633],[-42.76656,-5.15807],[-42.76456,-5.15811]]]}},{"type":"Feature","id":506724521,"properties":{"h3":"89800550d03ffff","bairro":"Vila Maria Luiza","copa":18.5,"verde":63.1,"construido":36.9,"temp":47.0,"urbano":true,"classe":"moderada","prioridade":38},"geometry":{"type":"Polygon","coordinates":[[[-42.68367,-5.15803],[-42.68264,-5.15633],[-42.6836,-5.15458],[-42.6856,-5.15454],[-42.68663,-5.15625],[-42.68567,-5.15799],[-42.68367,-5.15803]]]}},{"type":"Feature","id":1938030761,"properties":{"h3":"89800556253ffff","bairro":"Parque Dagmar Mazza","copa":1.3,"verde":8.8,"construido":91.2,"temp":46.8,"urbano":true,"classe":"critica","prioridade":84},"geometry":{"type":"Polygon","coordinates":[[[-42.75857,-5.15823],[-42.75754,-5.15653],[-42.7585,-5.15479],[-42.7605,-5.15475],[-42.76153,-5.15645],[-42.76057,-5.15819],[-42.75857,-5.15823]]]}},{"type":"Feature","id":1901592745,"properties":{"h3":"89800556027ffff","bairro":"Vila Parque Palmeirais","copa":80.6,"verde":96.2,"construido":3.8,"temp":42.9,"urbano":false,"classe":"arborizada","prioridade":0},"geometry":{"type":"Polygon","coordinates":[[[-42.79753,-5.15916],[-42.7965,-5.15746],[-42.79746,-5.15572],[-42.79946,-5.15568],[-42.80049,-5.15738],[-42.79953,-5.15912],[-42.79753,-5.15916]]]}},{"type":"Feature","id":1901854889,"properties":{"h3":"8980055602bffff","bairro":"Vila Parque Palmeirais","copa":18.4,"verde":22.7,"construido":77.3,"temp":46.5,"urbano":true,"classe":"moderada","prioridade":48},"geometry":{"type":"Polygon","coordinates":[[[-42.79154,-5.15929],[-42.79051,-5.15758],[-42.79147,-5.15584],[-42.79347,-5.1558],[-42.7945,-5.1575],[-42.79354,-5.15924],[-42.79154,-5.15929]]]}},{"type":"Feature","id":1905524905,"properties":{"h3":"89800556063ffff","bairro":"Santa Cruz","copa":39.0,"verde":45.5,"construido":54.5,"temp":45.7,"urbano":true,"classe":"arborizada","prioridade":21},"geometry":{"type":"Polygon","coordinates":[[[-42.78556,-5.15941],[-42.78452,-5.15771],[-42.78549,-5.15596],[-42.78748,-5.15592],[-42.78851,-5.15762],[-42.78755,-5.15937],[-42.78556,-5.15941]]]}},{"type":"Feature","id":1944584361,"properties":{"h3":"898005562b7ffff","bairro":"Vila Vitória","copa":9.1,"verde":17.6,"construido":81.0,"temp":48.1,"urbano":true,"classe":"pouca","prioridade":76},"geometry":{"type":"Polygon","coordinates":[[[-42.77957,-5.15953],[-42.77853,-5.15783],[-42.7795,-5.15609],[-42.78149,-5.15605],[-42.78253,-5.15775],[-42.78156,-5.15949],[-42.77957,-5.15953]]]}},{"type":"Feature","id":1944846505,"properties":{"h3":"898005562bbffff","bairro":"Vila Km 07","copa":21.5,"verde":47.9,"construido":52.1,"temp":47.5,"urbano":true,"classe":"moderada","prioridade":48},"geometry":{"type":"Polygon","coordinates":[[[-42.77358,-5.15965],[-42.77254,-5.15795],[-42.77351,-5.15621],[-42.7755,-5.15617],[-42.77654,-5.15787],[-42.77557,-5.15961],[-42.77358,-5.15965]]]}},{"type":"Feature","id":508035241,"properties":{"h3":"89800550d17ffff","bairro":"Jardim Américo","copa":6.0,"verde":79.2,"construido":15.9,"temp":46.3,"urbano":false,"classe":"pouca","prioridade":0},"geometry":{"type":"Polygon","coordinates":[[[-42.6867,-5.15969],[-42.68567,-5.15799],[-42.68663,-5.15625],[-42.68863,-5.15621],[-42.68966,-5.15791],[-42.6887,-5.15965],[-42.6867,-5.15969]]]}},{"type":"Feature","id":1933836457,"properties":{"h3":"89800556213ffff","bairro":"Vila São Francisco - Sul","copa":13.6,"verde":38.1,"construido":58.1,"temp":48.1,"urbano":true,"classe":"moderada","prioridade":67},"geometry":{"type":"Polygon","coordinates":[[[-42.76759,-5.15977],[-42.76656,-5.15807],[-42.76752,-5.15633],[-42.76952,-5.15629],[-42.77055,-5.15799],[-42.76959,-5.15973],[-42.76759,-5.15977]]]}},{"type":"Feature","id":508297385,"properties":{"h3":"89800550d1bffff","bairro":"Vila Maria Luiza","copa":26.6,"verde":58.8,"construido":35.6,"temp":45.0,"urbano":true,"classe":"arborizada","prioridade":17},"geometry":{"type":"Polygon","coordinates":[[[-42.68071,-5.15981],[-42.67968,-5.15811],[-42.68064,-5.15637],[-42.68264,-5.15633],[-42.68367,-5.15803],[-42.68271,-5.15977],[-42.68071,-5.15981]]]}},{"type":"Feature","id":1946157225,"properties":{"h3":"898005562cfffff","bairro":"Parque Dagmar Mazza","copa":15.2,"verde":33.3,"construido":65.9,"temp":46.3,"urbano":true,"classe":"moderada","prioridade":54},"geometry":{"type":"Polygon","coordinates":[[[-42.7616,-5.15989],[-42.76057,-5.15819],[-42.76153,-5.15645],[-42.76353,-5.15641],[-42.76456,-5.15811],[-42.7636,-5.15985],[-42.7616,-5.15989]]]}},{"type":"Feature","id":106430634,"properties":{"h3":"89800557527ffff","bairro":"Conj. Vamos Ver o Sol","copa":28.4,"verde":90.7,"construido":3.0,"temp":null,"urbano":false,"classe":"arborizada","prioridade":0},"geometry":{"type":"Polygon","coordinates":[[[-42.75561,-5.16002],[-42.75458,-5.15831],[-42.75554,-5.15657],[-42.75754,-5.15653],[-42.75857,-5.15823],[-42.75761,-5.15998],[-42.75561,-5.16002]]]}},{"type":"Feature","id":511967401,"properties":{"h3":"89800550d53ffff","bairro":"Vila Maria Luiza","copa":5.3,"verde":94.7,"construido":4.0,"temp":45.1,"urbano":false,"classe":"pouca","prioridade":0},"geometry":{"type":"Polygon","coordinates":[[[-42.67473,-5.15993],[-42.67369,-5.15823],[-42.67466,-5.15649],[-42.67665,-5.15645],[-42.67768,-5.15815],[-42.67672,-5.15989],[-42.67473,-5.15993]]]}},{"type":"Feature","id":1901330601,"properties":{"h3":"89800556023ffff","bairro":"Vila João Pereira I","copa":25.9,"verde":31.2,"construido":68.5,"temp":47.7,"urbano":true,"classe":"arborizada","prioridade":40},"geometry":{"type":"Polygon","coordinates":[[[-42.79457,-5.16095],[-42.79354,-5.15924],[-42.7945,-5.1575],[-42.7965,-5.15746],[-42.79753,-5.15916],[-42.79657,-5.16091],[-42.79457,-5.16095]]]}},{"type":"Feature","id":1906835625,"properties":{"h3":"89800556077ffff","bairro":"Vila João Pereira II","copa":15.9,"verde":18.1,"construido":81.9,"temp":47.0,"urbano":true,"classe":"moderada","prioridade":56},"geometry":{"type":"Polygon","coordinates":[[[-42.78858,-5.16107],[-42.78755,-5.15937],[-42.78851,-5.15762],[-42.79051,-5.15758],[-42.79154,-5.15929],[-42.79058,-5.16103],[-42.78858,-5.16107]]]}},{"type":"Feature","id":1907097769,"properties":{"h3":"8980055607bffff","bairro":"Planalto Santa Fé","copa":3.8,"verde":13.2,"construido":86.5,"temp":48.1,"urbano":true,"classe":"critica","prioridade":86},"geometry":{"type":"Polygon","coordinates":[[[-42.7826,-5.16119],[-42.78156,-5.15949],[-42.78253,-5.15775],[-42.78452,-5.15771],[-42.78556,-5.15941],[-42.78459,-5.16115],[-42.7826,-5.16119]]]}},{"type":"Feature","id":1944322217,"properties":{"h3":"898005562b3ffff","bairro":"Vila Carmem Lúcia","copa":18.1,"verde":32.4,"construido":67.6,"temp":47.0,"urbano":true,"classe":"moderada","prioridade":52},"geometry":{"type":"Polygon","coordinates":[[[-42.77661,-5.16131],[-42.77557,-5.15961],[-42.77654,-5.15787],[-42.77853,-5.15783],[-42.77957,-5.15953],[-42.7786,-5.16127],[-42.77661,-5.16131]]]}},{"type":"Feature","id":1941962921,"properties":{"h3":"8980055628fffff","bairro":"Vila Km 07","copa":8.5,"verde":27.5,"construido":63.7,"temp":48.0,"urbano":true,"classe":"pouca","prioridade":76},"geometry":{"type":"Polygon","coordinates":[[[-42.77062,-5.16143],[-42.76959,-5.15973],[-42.77055,-5.15799],[-42.77254,-5.15795],[-42.77358,-5.15965],[-42.77261,-5.16139],[-42.77062,-5.16143]]]}},{"type":"Feature","id":507773097,"properties":{"h3":"89800550d13ffff","bairro":"Jardim Américo","copa":13.1,"verde":78.9,"construido":9.6,"temp":48.0,"urbano":false,"classe":"moderada","prioridade":0},"geometry":{"type":"Polygon","coordinates":[[[-42.68374,-5.16147],[-42.68271,-5.15977],[-42.68367,-5.15803],[-42.68567,-5.15799],[-42.6867,-5.15969],[-42.68574,-5.16143],[-42.68374,-5.16147]]]}},{"type":"Feature","id":1945632937,"properties":{"h3":"898005562c7ffff","bairro":"Parque Dagmar Mazza","copa":11.4,"verde":60.7,"construido":35.0,"temp":null,"urbano":true,"classe":"pouca","prioridade":40},"geometry":{"type":"Polygon","coordinates":[[[-42.76463,-5.16156],[-42.7636,-5.15985],[-42.76456,-5.15811],[-42.76656,-5.15807],[-42.76759,-5.15977],[-42.76663,-5.16152],[-42.76463,-5.16156]]]}},{"type":"Feature","id":1945895081,"properties":{"h3":"898005562cbffff","bairro":"Parque Dagmar Mazza","copa":51.9,"verde":87.2,"construido":8.2,"temp":43.4,"urbano":false,"classe":"arborizada","prioridade":0},"geometry":{"type":"Polygon","coordinates":[[[-42.75864,-5.16168],[-42.75761,-5.15998],[-42.75857,-5.15823],[-42.76057,-5.15819],[-42.7616,-5.15989],[-42.76064,-5.16164],[-42.75864,-5.16168]]]}},{"type":"Feature","id":520093865,"properties":{"h3":"89800550dcfffff","bairro":"Vila Maria Luiza","copa":19.9,"verde":83.2,"construido":16.8,"temp":42.6,"urbano":false,"classe":"moderada","prioridade":0},"geometry":{"type":"Polygon","coordinates":[[[-42.67775,-5.16159],[-42.67672,-5.15989],[-42.67768,-5.15815],[-42.67968,-5.15811],[-42.68071,-5.15981],[-42.67975,-5.16155],[-42.67775,-5.16159]]]}},{"type":"Feature","id":1902903465,"properties":{"h3":"8980055603bffff","bairro":"Vila Angélica","copa":16.3,"verde":26.8,"construido":73.2,"temp":46.9,"urbano":true,"classe":"moderada","prioridade":55},"geometry":{"type":"Polygon","coordinates":[[[-42.79161,-5.16273],[-42.79058,-5.16103],[-42.79154,-5.15929],[-42.79354,-5.15924],[-42.79457,-5.16095],[-42.79361,-5.16269],[-42.79161,-5.16273]]]}},{"type":"Feature","id":1906573481,"properties":{"h3":"89800556073ffff","bairro":"Lot. Jataí","copa":5.8,"verde":9.9,"construido":90.1,"temp":49.8,"urbano":true,"classe":"pouca","prioridade":88},"geometry":{"type":"Polygon","coordinates":[[[-42.78563,-5.16285],[-42.78459,-5.16115],[-42.78556,-5.15941],[-42.78755,-5.15937],[-42.78858,-5.16107],[-42.78762,-5.16281],[-42.78563,-5.16285]]]}},{"type":"Feature","id":1904214185,"properties":{"h3":"8980055604fffff","bairro":"Conj. Hélio Paiva","copa":9.6,"verde":22.9,"construido":71.8,"temp":49.8,"urbano":true,"classe":"pouca","prioridade":81},"geometry":{"type":"Polygon","coordinates":[[[-42.77964,-5.16297],[-42.7786,-5.16127],[-42.77957,-5.15953],[-42.78156,-5.15949],[-42.7826,-5.16119],[-42.78163,-5.16293],[-42.77964,-5.16297]]]}},{"type":"Feature","id":1941438633,"properties":{"h3":"89800556287ffff","bairro":"Vila Carmem Lúcia","copa":17.8,"verde":53.8,"construido":40.8,"temp":46.2,"urbano":true,"classe":"moderada","prioridade":39},"geometry":{"type":"Polygon","coordinates":[[[-42.77365,-5.16309],[-42.77261,-5.16139],[-42.77358,-5.15965],[-42.77557,-5.15961],[-42.77661,-5.16131],[-42.77564,-5.16305],[-42.77365,-5.16309]]]}},{"type":"Feature","id":515899561,"properties":{"h3":"89800550d8fffff","bairro":"Jardim Américo","copa":11.9,"verde":66.8,"construido":31.0,"temp":45.7,"urbano":true,"classe":"pouca","prioridade":35},"geometry":{"type":"Polygon","coordinates":[[[-42.68677,-5.16313],[-42.68574,-5.16143],[-42.6867,-5.15969],[-42.6887,-5.15965],[-42.68973,-5.16135],[-42.68877,-5.16309],[-42.68677,-5.16313]]]}},{"type":"Feature","id":1941700777,"properties":{"h3":"8980055628bffff","bairro":"Vila São Francisco - Sul","copa":9.9,"verde":69.6,"construido":22.2,"temp":51.9,"urbano":false,"classe":"pouca","prioridade":0},"geometry":{"type":"Polygon","coordinates":[[[-42.76766,-5.16322],[-42.76663,-5.16152],[-42.76759,-5.15977],[-42.76959,-5.15973],[-42.77062,-5.16143],[-42.76966,-5.16318],[-42.76766,-5.16322]]]}},{"type":"Feature","id":1945370793,"properties":{"h3":"898005562c3ffff","bairro":"Parque Dagmar Mazza","copa":1.1,"verde":59.1,"construido":26.8,"temp":null,"urbano":true,"classe":"critica","prioridade":42},"geometry":{"type":"Polygon","coordinates":[[[-42.76167,-5.16334],[-42.76064,-5.16164],[-42.7616,-5.15989],[-42.7636,-5.15985],[-42.76463,-5.16156],[-42.76367,-5.1633],[-42.76167,-5.16334]]]}},{"type":"Feature","id":107479210,"properties":{"h3":"89800557537ffff","bairro":"Parque Juliana","copa":9.9,"verde":77.9,"construido":9.3,"temp":48.1,"urbano":false,"classe":"pouca","prioridade":0},"geometry":{"type":"Polygon","coordinates":[[[-42.75568,-5.16346],[-42.75465,-5.16176],[-42.75561,-5.16002],[-42.75761,-5.15998],[-42.75864,-5.16168],[-42.75768,-5.16342],[-42.75568,-5.16346]]]}},{"type":"Feature","id":1902379177,"properties":{"h3":"89800556033ffff","bairro":"Parque Antártica","copa":16.3,"verde":61.0,"construido":19.6,"temp":47.3,"urbano":false,"classe":"moderada","prioridade":0},"geometry":{"type":"Polygon","coordinates":[[[-42.79464,-5.16439],[-42.79361,-5.16269],[-42.79457,-5.16095],[-42.79657,-5.16091],[-42.7976,-5.16261],[-42.79664,-5.16435],[-42.79464,-5.16439]]]}},{"type":"Feature","id":1900019881,"properties":{"h3":"8980055600fffff","bairro":"Vila Angélica","copa":46.7,"verde":65.8,"construido":34.2,"temp":43.3,"urbano":true,"classe":"arborizada","prioridade":5},"geometry":{"type":"Polygon","coordinates":[[[-42.78866,-5.16451],[-42.78762,-5.16281],[-42.78858,-5.16107],[-42.79058,-5.16103],[-42.79161,-5.16273],[-42.79065,-5.16447],[-42.78866,-5.16451]]]}},{"type":"Feature","id":1903689897,"properties":{"h3":"89800556047ffff","bairro":"Vila Alto Bonito","copa":2.1,"verde":27.7,"construido":69.6,"temp":48.7,"urbano":true,"classe":"critica","prioridade":94},"geometry":{"type":"Polygon","coordinates":[[[-42.78267,-5.16463],[-42.78163,-5.16293],[-42.7826,-5.16119],[-42.78459,-5.16115],[-42.78563,-5.16285],[-42.78466,-5.16459],[-42.78267,-5.16463]]]}},{"type":"Feature","id":1903952041,"properties":{"h3":"8980055604bffff","bairro":"Res. Novo Lar","copa":4.8,"verde":21.3,"construido":53.6,"temp":49.4,"urbano":true,"classe":"critica","prioridade":90},"geometry":{"type":"Polygon","coordinates":[[[-42.77668,-5.16476],[-42.77564,-5.16305],[-42.77661,-5.16131],[-42.7786,-5.16127],[-42.77964,-5.16297],[-42.77867,-5.16472],[-42.77668,-5.16476]]]}},{"type":"Feature","id":515375273,"properties":{"h3":"89800550d87ffff","bairro":"Jardim Américo","copa":0.8,"verde":93.6,"construido":4.0,"temp":49.4,"urbano":false,"classe":"critica","prioridade":0},"geometry":{"type":"Polygon","coordinates":[[[-42.6898,-5.16479],[-42.68877,-5.16309],[-42.68973,-5.16135],[-42.69173,-5.16131],[-42.69276,-5.16301],[-42.6918,-5.16475],[-42.6898,-5.16479]]]}},{"type":"Feature","id":1941176489,"properties":{"h3":"89800556283ffff","bairro":"Res. Novo Lar","copa":4.7,"verde":69.2,"construido":22.3,"temp":52.3,"urbano":false,"classe":"critica","prioridade":0},"geometry":{"type":"Polygon","coordinates":[[[-42.77069,-5.16488],[-42.76966,-5.16318],[-42.77062,-5.16143],[-42.77261,-5.16139],[-42.77365,-5.16309],[-42.77268,-5.16484],[-42.77069,-5.16488]]]}},{"type":"Feature","id":519307433,"properties":{"h3":"89800550dc3ffff","bairro":"Vila Maria Luiza","copa":19.2,"verde":94.8,"construido":4.1,"temp":42.8,"urbano":false,"classe":"moderada","prioridade":0},"geometry":{"type":"Polygon","coordinates":[[[-42.67782,-5.16504],[-42.67679,-5.16333],[-42.67775,-5.16159],[-42.67975,-5.16155],[-42.68078,-5.16325],[-42.67982,-5.165],[-42.67782,-5.16504]]]}},{"type":"Feature","id":34341034,"properties":{"h3":"898005570dbffff","bairro":"Vila Babilônia","copa":20.5,"verde":89.4,"construido":5.1,"temp":49.7,"urbano":false,"classe":"moderada","prioridade":0},"geometry":{"type":"Polygon","coordinates":[[[-42.71679,-5.16597],[-42.71575,-5.16427],[-42.71672,-5.16253],[-42.71871,-5.16249],[-42.71975,-5.16419],[-42.71878,-5.16593],[-42.71679,-5.16597]]]}},{"type":"Feature","id":1899495593,"properties":{"h3":"89800556007ffff","bairro":"Conj. Angelim III","copa":22.3,"verde":62.0,"construido":38.0,"temp":44.4,"urbano":true,"classe":"moderada","prioridade":22},"geometry":{"type":"Polygon","coordinates":[[[-42.79168,-5.16617],[-42.79065,-5.16447],[-42.79161,-5.16273],[-42.79361,-5.16269],[-42.79464,-5.16439],[-42.79368,-5.16613],[-42.79168,-5.16617]]]}},{"type":"Feature","id":123994282,"properties":{"h3":"89800557633ffff","bairro":"Jardim Américo","copa":80.6,"verde":96.0,"construido":3.5,"temp":40.1,"urbano":false,"classe":"arborizada","prioridade":0},"geometry":{"type":"Polygon","coordinates":[[[-42.7108,-5.16609],[-42.70977,-5.16439],[-42.71073,-5.16265],[-42.71273,-5.16261],[-42.71376,-5.16431],[-42.7128,-5.16605],[-42.7108,-5.16609]]]}},{"type":"Feature","id":1899757737,"properties":{"h3":"8980055600bffff","bairro":"Res. Betinho","copa":3.5,"verde":6.6,"construido":93.4,"temp":46.8,"urbano":true,"classe":"critica","prioridade":80},"geometry":{"type":"Polygon","coordinates":[[[-42.7857,-5.16629],[-42.78466,-5.16459],[-42.78563,-5.16285],[-42.78762,-5.16281],[-42.78866,-5.16451],[-42.78769,-5.16625],[-42.7857,-5.16629]]]}},{"type":"Feature","id":1903427753,"properties":{"h3":"89800556043ffff","bairro":"Lot. Santa Cruz","copa":9.3,"verde":49.6,"construido":30.5,"temp":51.5,"urbano":true,"classe":"pouca","prioridade":50},"geometry":{"type":"Polygon","coordinates":[[[-42.77971,-5.16642],[-42.77867,-5.16472],[-42.77964,-5.16297],[-42.78163,-5.16293],[-42.78267,-5.16463],[-42.7817,-5.16638],[-42.77971,-5.16642]]]}},{"type":"Feature","id":1942487209,"properties":{"h3":"89800556297ffff","bairro":"Res. Novo Lar","copa":0.3,"verde":39.6,"construido":23.6,"temp":49.1,"urbano":false,"classe":"critica","prioridade":0},"geometry":{"type":"Polygon","coordinates":[[[-42.77372,-5.16654],[-42.77268,-5.16484],[-42.77365,-5.16309],[-42.77564,-5.16305],[-42.77668,-5.16476],[-42.77571,-5.1665],[-42.77372,-5.16654]]]}},{"type":"Feature","id":1942749353,"properties":{"h3":"8980055629bffff","bairro":"Vila Vitória Popular","copa":0.0,"verde":48.0,"construido":37.5,"temp":53.7,"urbano":true,"classe":"critica","prioridade":75},"geometry":{"type":"Polygon","coordinates":[[[-42.76773,-5.16666],[-42.7667,-5.16496],[-42.76766,-5.16322],[-42.76966,-5.16318],[-42.77069,-5.16488],[-42.76973,-5.16662],[-42.76773,-5.16666]]]}},{"type":"Feature","id":520618153,"properties":{"h3":"89800550dd7ffff","bairro":"Jardim Américo","copa":13.8,"verde":95.0,"construido":3.9,"temp":40.8,"urbano":false,"classe":"moderada","prioridade":0},"geometry":{"type":"Polygon","coordinates":[[[-42.68085,-5.1667],[-42.67982,-5.165],[-42.68078,-5.16325],[-42.68278,-5.16321],[-42.68381,-5.16492],[-42.68285,-5.16666],[-42.68085,-5.1667]]]}},{"type":"Feature","id":1910243497,"properties":{"h3":"898005560abffff","bairro":"Conj. Angelim III","copa":52.8,"verde":74.1,"construido":18.9,"temp":39.5,"urbano":false,"classe":"arborizada","prioridade":0},"geometry":{"type":"Polygon","coordinates":[[[-42.79471,-5.16783],[-42.79368,-5.16613],[-42.79464,-5.16439],[-42.79664,-5.16435],[-42.79767,-5.16605],[-42.79671,-5.16779],[-42.79471,-5.16783]]]}},{"type":"Feature","id":132120746,"properties":{"h3":"898005576afffff","bairro":"Vila Babilônia","copa":29.9,"verde":96.0,"construido":4.0,"temp":42.7,"urbano":false,"classe":"arborizada","prioridade":0},"geometry":{"type":"Polygon","coordinates":[[[-42.71383,-5.16775],[-42.7128,-5.16605],[-42.71376,-5.16431],[-42.71575,-5.16427],[-42.71679,-5.16597],[-42.71582,-5.16771],[-42.71383,-5.16775]]]}},{"type":"Feature","id":1899233449,"properties":{"h3":"89800556003ffff","bairro":"Res. Jatobá","copa":5.3,"verde":13.6,"construido":86.4,"temp":46.1,"urbano":true,"classe":"pouca","prioridade":73},"geometry":{"type":"Polygon","coordinates":[[[-42.78873,-5.16796],[-42.78769,-5.16625],[-42.78866,-5.16451],[-42.79065,-5.16447],[-42.79168,-5.16617],[-42.79072,-5.16792],[-42.78873,-5.16796]]]}},{"type":"Feature","id":1904738473,"properties":{"h3":"89800556057ffff","bairro":"Res. Betinho","copa":2.1,"verde":9.6,"construido":87.7,"temp":null,"urbano":true,"classe":"critica","prioridade":76},"geometry":{"type":"Polygon","coordinates":[[[-42.78274,-5.16808],[-42.7817,-5.16638],[-42.78267,-5.16463],[-42.78466,-5.16459],[-42.7857,-5.16629],[-42.78473,-5.16804],[-42.78274,-5.16808]]]}},{"type":"Feature","id":1905000617,"properties":{"h3":"8980055605bffff","bairro":"Res. Novo Lar","copa":6.6,"verde":24.5,"construido":59.1,"temp":48.2,"urbano":true,"classe":"pouca","prioridade":82},"geometry":{"type":"Polygon","coordinates":[[[-42.77675,-5.1682],[-42.77571,-5.1665],[-42.77668,-5.16476],[-42.77867,-5.16472],[-42.77971,-5.16642],[-42.77874,-5.16816],[-42.77675,-5.1682]]]}},{"type":"Feature","id":1942225065,"properties":{"h3":"89800556293ffff","bairro":"Vila Vitória Popular","copa":0.3,"verde":41.6,"construido":28.8,"temp":null,"urbano":true,"classe":"critica","prioridade":46},"geometry":{"type":"Polygon","coordinates":[[[-42.77076,-5.16832],[-42.76973,-5.16662],[-42.77069,-5.16488],[-42.77268,-5.16484],[-42.77372,-5.16654],[-42.77275,-5.16828],[-42.77076,-5.16832]]]}},{"type":"Feature","id":2006974633,"properties":{"h3":"8980055666fffff","bairro":"Parque Jacinta","copa":0.0,"verde":46.9,"construido":25.9,"temp":54.1,"urbano":true,"classe":"critica","prioridade":52},"geometry":{"type":"Polygon","coordinates":[[[-42.76477,-5.16844],[-42.76374,-5.16674],[-42.7647,-5.165],[-42.7667,-5.16496],[-42.76773,-5.16666],[-42.76677,-5.1684],[-42.76477,-5.16844]]]}},{"type":"Feature","id":1900544169,"properties":{"h3":"89800556017ffff","bairro":"Res. Teresa Cristina","copa":13.1,"verde":19.5,"construido":80.5,"temp":48.0,"urbano":true,"classe":"moderada","prioridade":68},"geometry":{"type":"Polygon","coordinates":[[[-42.79175,-5.16962],[-42.79072,-5.16792],[-42.79168,-5.16617],[-42.79368,-5.16613],[-42.79471,-5.16783],[-42.79375,-5.16958],[-42.79175,-5.16962]]]}},{"type":"Feature","id":131858602,"properties":{"h3":"898005576abffff","bairro":"Vila Babilônia","copa":52.1,"verde":96.1,"construido":3.9,"temp":43.4,"urbano":false,"classe":"arborizada","prioridade":0},"geometry":{"type":"Polygon","coordinates":[[[-42.71087,-5.16954],[-42.70984,-5.16783],[-42.7108,-5.16609],[-42.7128,-5.16605],[-42.71383,-5.16775],[-42.71287,-5.1695],[-42.71087,-5.16954]]]}},{"type":"Feature","id":1900806313,"properties":{"h3":"8980055601bffff","bairro":"Res. Dignidade","copa":7.8,"verde":8.6,"construido":91.4,"temp":48.7,"urbano":true,"classe":"pouca","prioridade":82},"geometry":{"type":"Polygon","coordinates":[[[-42.78577,-5.16974],[-42.78473,-5.16804],[-42.7857,-5.16629],[-42.78769,-5.16625],[-42.78873,-5.16796],[-42.78776,-5.1697],[-42.78577,-5.16974]]]}},{"type":"Feature","id":1904476329,"properties":{"h3":"89800556053ffff","bairro":"Parque Vitória","copa":28.0,"verde":38.5,"construido":61.5,"temp":45.1,"urbano":true,"classe":"arborizada","prioridade":21},"geometry":{"type":"Polygon","coordinates":[[[-42.77978,-5.16986],[-42.77874,-5.16816],[-42.77971,-5.16642],[-42.7817,-5.16638],[-42.78274,-5.16808],[-42.78177,-5.16982],[-42.77978,-5.16986]]]}},{"type":"Feature","id":2002780329,"properties":{"h3":"8980055662fffff","bairro":"Parque Vitória","copa":4.5,"verde":22.3,"construido":64.6,"temp":47.3,"urbano":true,"classe":"critica","prioridade":81},"geometry":{"type":"Polygon","coordinates":[[[-42.77379,-5.16998],[-42.77275,-5.16828],[-42.77372,-5.16654],[-42.77571,-5.1665],[-42.77675,-5.1682],[-42.77578,-5.16994],[-42.77379,-5.16998]]]}},{"type":"Feature","id":2006450345,"properties":{"h3":"89800556667ffff","bairro":"Vila Vitória Popular","copa":21.3,"verde":62.5,"construido":34.6,"temp":50.2,"urbano":true,"classe":"moderada","prioridade":40},"geometry":{"type":"Polygon","coordinates":[[[-42.7678,-5.1701],[-42.76677,-5.1684],[-42.76773,-5.16666],[-42.76973,-5.16662],[-42.77076,-5.16832],[-42.7698,-5.17006],[-42.7678,-5.1701]]]}},{"type":"Feature","id":1017118889,"properties":{"h3":"89800552b6fffff","bairro":"Jardim Américo","copa":51.9,"verde":94.3,"construido":5.2,"temp":44.2,"urbano":false,"classe":"arborizada","prioridade":0},"geometry":{"type":"Polygon","coordinates":[[[-42.68092,-5.17014],[-42.67989,-5.16844],[-42.68085,-5.1667],[-42.68285,-5.16666],[-42.68388,-5.16836],[-42.68292,-5.1701],[-42.68092,-5.17014]]]}},{"type":"Feature","id":2006712489,"properties":{"h3":"8980055666bffff","bairro":"Parque Jacinta","copa":9.8,"verde":72.8,"construido":4.6,"temp":51.4,"urbano":false,"classe":"pouca","prioridade":0},"geometry":{"type":"Polygon","coordinates":[[[-42.76181,-5.17023],[-42.76078,-5.16852],[-42.76174,-5.16678],[-42.76374,-5.16674],[-42.76477,-5.16844],[-42.76381,-5.17019],[-42.76181,-5.17023]]]}},{"type":"Feature","id":122159274,"properties":{"h3":"89800557617ffff","bairro":"Jardim Américo","copa":31.6,"verde":77.9,"construido":16.5,"temp":44.8,"urbano":false,"classe":"arborizada","prioridade":0},"geometry":{"type":"Polygon","coordinates":[[[-42.70791,-5.17132],[-42.70688,-5.16962],[-42.70784,-5.16788],[-42.70984,-5.16783],[-42.71087,-5.16954],[-42.70991,-5.17128],[-42.70791,-5.17132]]]}},{"type":"Feature","id":1900282025,"properties":{"h3":"89800556013ffff","bairro":"Res. Justina Ribeiro","copa":1.9,"verde":4.8,"construido":95.2,"temp":47.8,"urbano":true,"classe":"critica","prioridade":89},"geometry":{"type":"Polygon","coordinates":[[[-42.7888,-5.1714],[-42.78776,-5.1697],[-42.78873,-5.16796],[-42.79072,-5.16792],[-42.79175,-5.16962],[-42.79079,-5.17136],[-42.7888,-5.1714]]]}},{"type":"Feature","id":1912602793,"properties":{"h3":"898005560cfffff","bairro":"Conj. José Ribeiro","copa":8.5,"verde":12.1,"construido":87.9,"temp":46.1,"urbano":true,"classe":"pouca","prioridade":66},"geometry":{"type":"Polygon","coordinates":[[[-42.78281,-5.17152],[-42.78177,-5.16982],[-42.78274,-5.16808],[-42.78473,-5.16804],[-42.78577,-5.16974],[-42.7848,-5.17148],[-42.78281,-5.17152]]]}},{"type":"Feature","id":2002256041,"properties":{"h3":"89800556627ffff","bairro":"Parque Vitória","copa":14.1,"verde":28.5,"construido":66.9,"temp":46.8,"urbano":true,"classe":"moderada","prioridade":59},"geometry":{"type":"Polygon","coordinates":[[[-42.77682,-5.17164],[-42.77578,-5.16994],[-42.77675,-5.1682],[-42.77874,-5.16816],[-42.77978,-5.16986],[-42.77881,-5.1716],[-42.77682,-5.17164]]]}},{"type":"Feature","id":2002518185,"properties":{"h3":"8980055662bffff","bairro":"Vila Vitória Popular","copa":9.1,"verde":18.9,"construido":79.7,"temp":null,"urbano":true,"classe":"pouca","prioridade":62},"geometry":{"type":"Polygon","coordinates":[[[-42.77083,-5.17177],[-42.7698,-5.17006],[-42.77076,-5.16832],[-42.77275,-5.16828],[-42.77379,-5.16998],[-42.77283,-5.17172],[-42.77083,-5.17177]]]}},{"type":"Feature","id":2006188201,"properties":{"h3":"89800556663ffff","bairro":"Parque Jacinta","copa":10.9,"verde":22.1,"construido":67.5,"temp":49.9,"urbano":true,"classe":"pouca","prioridade":78},"geometry":{"type":"Polygon","coordinates":[[[-42.76484,-5.17189],[-42.76381,-5.17019],[-42.76477,-5.16844],[-42.76677,-5.1684],[-42.7678,-5.1701],[-42.76684,-5.17185],[-42.76484,-5.17189]]]}},{"type":"Feature","id":116129962,"properties":{"h3":"898005575bbffff","bairro":"Cidade Sul","copa":4.8,"verde":50.0,"construido":48.9,"temp":48.9,"urbano":true,"classe":"critica","prioridade":88},"geometry":{"type":"Polygon","coordinates":[[[-42.75286,-5.17213],[-42.75183,-5.17043],[-42.75279,-5.16869],[-42.75479,-5.16865],[-42.75582,-5.17035],[-42.75486,-5.17209],[-42.75286,-5.17213]]]}},{"type":"Feature","id":132907178,"properties":{"h3":"898005576bbffff","bairro":"Vila Babilônia","copa":29.0,"verde":93.1,"construido":6.9,"temp":47.7,"urbano":false,"classe":"arborizada","prioridade":0},"geometry":{"type":"Polygon","coordinates":[[[-42.71094,-5.17298],[-42.70991,-5.17128],[-42.71087,-5.16954],[-42.71287,-5.1695],[-42.7139,-5.1712],[-42.71294,-5.17294],[-42.71094,-5.17298]]]}},{"type":"Feature","id":1908408489,"properties":{"h3":"8980055608fffff","bairro":"Res. Justina Ribeiro","copa":36.1,"verde":46.5,"construido":53.5,"temp":45.8,"urbano":true,"classe":"arborizada","prioridade":21},"geometry":{"type":"Polygon","coordinates":[[[-42.79182,-5.17306],[-42.79079,-5.17136],[-42.79175,-5.16962],[-42.79375,-5.16958],[-42.79478,-5.17128],[-42.79382,-5.17302],[-42.79182,-5.17306]]]}},{"type":"Feature","id":1912078505,"properties":{"h3":"898005560c7ffff","bairro":"Conj. José Ribeiro","copa":32.0,"verde":35.8,"construido":64.2,"temp":45.7,"urbano":true,"classe":"arborizada","prioridade":21},"geometry":{"type":"Polygon","coordinates":[[[-42.78584,-5.17318],[-42.7848,-5.17148],[-42.78577,-5.16974],[-42.78776,-5.1697],[-42.7888,-5.1714],[-42.78783,-5.17314],[-42.78584,-5.17318]]]}},{"type":"Feature","id":1912340649,"properties":{"h3":"898005560cbffff","bairro":"Parque Vitória","copa":20.7,"verde":35.3,"construido":64.2,"temp":45.8,"urbano":true,"classe":"moderada","prioridade":40},"geometry":{"type":"Polygon","coordinates":[[[-42.77985,-5.1733],[-42.77881,-5.1716],[-42.77978,-5.16986],[-42.78177,-5.16982],[-42.78281,-5.17152],[-42.78184,-5.17326],[-42.77985,-5.1733]]]}},{"type":"Feature","id":2001993897,"properties":{"h3":"89800556623ffff","bairro":"Conj. Mário Covas","copa":1.3,"verde":10.4,"construido":88.3,"temp":47.6,"urbano":true,"classe":"critica","prioridade":89},"geometry":{"type":"Polygon","coordinates":[[[-42.77386,-5.17343],[-42.77283,-5.17172],[-42.77379,-5.16998],[-42.77578,-5.16994],[-42.77682,-5.17164],[-42.77585,-5.17339],[-42.77386,-5.17343]]]}},{"type":"Feature","id":2007498921,"properties":{"h3":"89800556677ffff","bairro":"Vila Vitória Popular","copa":20.3,"verde":71.8,"construido":27.9,"temp":47.8,"urbano":true,"classe":"moderada","prioridade":29},"geometry":{"type":"Polygon","coordinates":[[[-42.76787,-5.17355],[-42.76684,-5.17185],[-42.7678,-5.1701],[-42.7698,-5.17006],[-42.77083,-5.17177],[-42.76987,-5.17351],[-42.76787,-5.17355]]]}},{"type":"Feature","id":2007761065,"properties":{"h3":"8980055667bffff","bairro":"Parque Jacinta","copa":20.5,"verde":52.2,"construido":43.2,"temp":48.1,"urbano":true,"classe":"moderada","prioridade":46},"geometry":{"type":"Polygon","coordinates":[[[-42.76188,-5.17367],[-42.76085,-5.17197],[-42.76181,-5.17023],[-42.76381,-5.17019],[-42.76484,-5.17189],[-42.76388,-5.17363],[-42.76188,-5.17367]]]}},{"type":"Feature","id":115605674,"properties":{"h3":"898005575b3ffff","bairro":"Cidade Sul","copa":5.3,"verde":60.1,"construido":34.8,"temp":50.5,"urbano":true,"classe":"pouca","prioridade":62},"geometry":{"type":"Polygon","coordinates":[[[-42.75589,-5.17379],[-42.75486,-5.17209],[-42.75582,-5.17035],[-42.75782,-5.17031],[-42.75885,-5.17201],[-42.75789,-5.17375],[-42.75589,-5.17379]]]}},{"type":"Feature","id":95158442,"properties":{"h3":"8980055747bffff","bairro":"Vila Babilônia","copa":27.7,"verde":69.6,"construido":26.6,"temp":45.9,"urbano":true,"classe":"arborizada","prioridade":14},"geometry":{"type":"Polygon","coordinates":[[[-42.71996,-5.17452],[-42.71892,-5.17282],[-42.71989,-5.17108],[-42.72188,-5.17104],[-42.72292,-5.17274],[-42.72195,-5.17448],[-42.71996,-5.17452]]]}},{"type":"Feature","id":1907884201,"properties":{"h3":"89800556087ffff","bairro":"Conj. Angelim II","copa":62.2,"verde":82.1,"construido":17.9,"temp":40.9,"urbano":false,"classe":"arborizada","prioridade":0},"geometry":{"type":"Polygon","coordinates":[[[-42.79485,-5.17472],[-42.79382,-5.17302],[-42.79478,-5.17128],[-42.79678,-5.17124],[-42.79781,-5.17294],[-42.79685,-5.17468],[-42.79485,-5.17472]]]}},{"type":"Feature","id":1908146345,"properties":{"h3":"8980055608bffff","bairro":"Res. Justina Ribeiro","copa":46.6,"verde":74.8,"construido":24.4,"temp":44.2,"urbano":false,"classe":"arborizada","prioridade":0},"geometry":{"type":"Polygon","coordinates":[[[-42.78887,-5.17484],[-42.78783,-5.17314],[-42.7888,-5.1714],[-42.79079,-5.17136],[-42.79182,-5.17306],[-42.79086,-5.1748],[-42.78887,-5.17484]]]}},{"type":"Feature","id":130023594,"properties":{"h3":"8980055768fffff","bairro":"Vila Babilônia","copa":14.9,"verde":95.5,"construido":3.2,"temp":45.0,"urbano":false,"classe":"moderada","prioridade":0},"geometry":{"type":"Polygon","coordinates":[[[-42.70798,-5.17476],[-42.70695,-5.17306],[-42.70791,-5.17132],[-42.70991,-5.17128],[-42.71094,-5.17298],[-42.70998,-5.17472],[-42.70798,-5.17476]]]}},{"type":"Feature","id":1911816361,"properties":{"h3":"898005560c3ffff","bairro":"Conj. José Ribeiro","copa":33.6,"verde":78.9,"construido":20.0,"temp":43.9,"urbano":false,"classe":"arborizada","prioridade":0},"geometry":{"type":"Polygon","coordinates":[[[-42.78288,-5.17497],[-42.78184,-5.17326],[-42.78281,-5.17152],[-42.7848,-5.17148],[-42.78584,-5.17318],[-42.78487,-5.17492],[-42.78288,-5.17497]]]}},{"type":"Feature","id":2003304617,"properties":{"h3":"89800556637ffff","bairro":"Res. João Paulo II","copa":30.1,"verde":57.4,"construido":36.7,"temp":43.3,"urbano":true,"classe":"arborizada","prioridade":5},"geometry":{"type":"Polygon","coordinates":[[[-42.77689,-5.17509],[-42.77585,-5.17339],[-42.77682,-5.17164],[-42.77881,-5.1716],[-42.77985,-5.1733],[-42.77888,-5.17505],[-42.77689,-5.17509]]]}},{"type":"Feature","id":2003566761,"properties":{"h3":"8980055663bffff","bairro":"Conj. Mário Covas","copa":12.6,"verde":36.3,"construido":63.7,"temp":47.0,"urbano":true,"classe":"moderada","prioridade":63},"geometry":{"type":"Polygon","coordinates":[[[-42.7709,-5.17521],[-42.76987,-5.17351],[-42.77083,-5.17177],[-42.77283,-5.17172],[-42.77386,-5.17343],[-42.7729,-5.17517],[-42.7709,-5.17521]]]}},{"type":"Feature","id":2007236777,"properties":{"h3":"89800556673ffff","bairro":"Parque Jacinta","copa":22.1,"verde":59.3,"construido":35.8,"temp":47.6,"urbano":true,"classe":"moderada","prioridade":34},"geometry":{"type":"Polygon","coordinates":[[[-42.76491,-5.17533],[-42.76388,-5.17363],[-42.76484,-5.17189],[-42.76684,-5.17185],[-42.76787,-5.17355],[-42.76691,-5.17529],[-42.76491,-5.17533]]]}},{"type":"Feature","id":2004877481,"properties":{"h3":"8980055664fffff","bairro":"Pq. Maria Eduarda","copa":49.9,"verde":86.9,"construido":13.1,"temp":46.6,"urbano":false,"classe":"arborizada","prioridade":0},"geometry":{"type":"Polygon","coordinates":[[[-42.75892,-5.17545],[-42.75789,-5.17375],[-42.75885,-5.17201],[-42.76085,-5.17197],[-42.76188,-5.17367],[-42.76092,-5.17541],[-42.75892,-5.17545]]]}},{"type":"Feature","id":1017905321,"properties":{"h3":"89800552b7bffff","bairro":"Jardim Américo","copa":1.9,"verde":92.6,"construido":5.5,"temp":46.7,"urbano":false,"classe":"critica","prioridade":0},"geometry":{"type":"Polygon","coordinates":[[[-42.67803,-5.17537],[-42.677,-5.17367],[-42.67796,-5.17192],[-42.67996,-5.17188],[-42.68099,-5.17359],[-42.68003,-5.17533],[-42.67803,-5.17537]]]}},{"type":"Feature","id":112722090,"properties":{"h3":"89800557587ffff","bairro":"Cidade Sul","copa":9.4,"verde":88.8,"construido":5.1,"temp":50.8,"urbano":false,"classe":"pouca","prioridade":0},"geometry":{"type":"Polygon","coordinates":[[[-42.75293,-5.17557],[-42.7519,-5.17387],[-42.75286,-5.17213],[-42.75486,-5.17209],[-42.75589,-5.17379],[-42.75493,-5.17553],[-42.75293,-5.17557]]]}},{"type":"Feature","id":92274858,"properties":{"h3":"8980055744fffff","bairro":"Vila Babilônia","copa":34.8,"verde":85.4,"construido":14.1,"temp":45.3,"urbano":false,"classe":"arborizada","prioridade":0},"geometry":{"type":"Polygon","coordinates":[[[-42.717,-5.1763],[-42.71596,-5.1746],[-42.71693,-5.17286],[-42.71892,-5.17282],[-42.71996,-5.17452],[-42.71899,-5.17626],[-42.717,-5.1763]]]}},{"type":"Feature","id":1987838121,"properties":{"h3":"8980055654bffff","bairro":"Conj. Angelim II","copa":53.0,"verde":95.1,"construido":4.9,"temp":42.0,"urbano":false,"classe":"arborizada","prioridade":0},"geometry":{"type":"Polygon","coordinates":[[[-42.79788,-5.17638],[-42.79685,-5.17468],[-42.79781,-5.17294],[-42.79981,-5.1729],[-42.80084,-5.1746],[-42.79988,-5.17634],[-42.79788,-5.17638]]]}},{"type":"Feature","id":1907622057,"properties":{"h3":"89800556083ffff","bairro":"Conj. Angelim II","copa":21.6,"verde":24.9,"construido":74.6,"temp":47.4,"urbano":true,"classe":"moderada","prioridade":47},"geometry":{"type":"Polygon","coordinates":[[[-42.7919,-5.1765],[-42.79086,-5.1748],[-42.79182,-5.17306],[-42.79382,-5.17302],[-42.79485,-5.17472],[-42.79389,-5.17646],[-42.7919,-5.1765]]]}},{"type":"Feature","id":129499306,"properties":{"h3":"89800557687ffff","bairro":"Vila Babilônia","copa":47.7,"verde":94.1,"construido":4.0,"temp":45.3,"urbano":false,"classe":"arborizada","prioridade":0},"geometry":{"type":"Polygon","coordinates":[[[-42.71101,-5.17642],[-42.70998,-5.17472],[-42.71094,-5.17298],[-42.71294,-5.17294],[-42.71397,-5.17464],[-42.713,-5.17638],[-42.71101,-5.17642]]]}},{"type":"Feature","id":1913127081,"properties":{"h3":"898005560d7ffff","bairro":"Conj. Angelim I","copa":24.7,"verde":34.6,"construido":64.4,"temp":46.5,"urbano":true,"classe":"moderada","prioridade":36},"geometry":{"type":"Polygon","coordinates":[[[-42.78591,-5.17663],[-42.78487,-5.17492],[-42.78584,-5.17318],[-42.78783,-5.17314],[-42.78887,-5.17484],[-42.7879,-5.17659],[-42.78591,-5.17663]]]}},{"type":"Feature","id":2003042473,"properties":{"h3":"89800556633ffff","bairro":"Res. João Paulo II","copa":22.1,"verde":42.0,"construido":55.2,"temp":47.4,"urbano":true,"classe":"moderada","prioridade":46},"geometry":{"type":"Polygon","coordinates":[[[-42.77393,-5.17687],[-42.7729,-5.17517],[-42.77386,-5.17343],[-42.77585,-5.17339],[-42.77689,-5.17509],[-42.77592,-5.17683],[-42.77393,-5.17687]]]}},{"type":"Feature","id":2004353193,"properties":{"h3":"89800556647ffff","bairro":"Pq. Maria Eduarda","copa":15.6,"verde":26.0,"construido":70.0,"temp":47.9,"urbano":true,"classe":"moderada","prioridade":62},"geometry":{"type":"Polygon","coordinates":[[[-42.76195,-5.17711],[-42.76092,-5.17541],[-42.76188,-5.17367],[-42.76388,-5.17363],[-42.76491,-5.17533],[-42.76395,-5.17707],[-42.76195,-5.17711]]]}},{"type":"Feature","id":112459946,"properties":{"h3":"89800557583ffff","bairro":"Parque Porto Alegre","copa":23.6,"verde":96.2,"construido":3.8,"temp":48.3,"urbano":false,"classe":"moderada","prioridade":0},"geometry":{"type":"Polygon","coordinates":[[[-42.74997,-5.17736],[-42.74894,-5.17565],[-42.7499,-5.17391],[-42.7519,-5.17387],[-42.75293,-5.17557],[-42.75197,-5.17732],[-42.74997,-5.17736]]]}},{"type":"Feature","id":91750570,"properties":{"h3":"89800557447ffff","bairro":"Vila Babilônia","copa":8.2,"verde":73.4,"construido":16.2,"temp":47.4,"urbano":false,"classe":"pouca","prioridade":0},"geometry":{"type":"Polygon","coordinates":[[[-42.72003,-5.17796],[-42.71899,-5.17626],[-42.71996,-5.17452],[-42.72195,-5.17448],[-42.72299,-5.17618],[-42.72202,-5.17792],[-42.72003,-5.17796]]]}},{"type":"Feature","id":1908932777,"properties":{"h3":"89800556097ffff","bairro":"Conj. Angelim II","copa":10.5,"verde":63.2,"construido":31.5,"temp":44.6,"urbano":true,"classe":"pouca","prioridade":34},"geometry":{"type":"Polygon","coordinates":[[[-42.79492,-5.17816],[-42.79389,-5.17646],[-42.79485,-5.17472],[-42.79685,-5.17468],[-42.79788,-5.17638],[-42.79692,-5.17812],[-42.79492,-5.17816]]]}},{"type":"Feature","id":1909194921,"properties":{"h3":"8980055609bffff","bairro":"Conj. Angelim I","copa":4.5,"verde":6.4,"construido":92.5,"temp":48.0,"urbano":true,"classe":"critica","prioridade":85},"geometry":{"type":"Polygon","coordinates":[[[-42.78894,-5.17829],[-42.7879,-5.17659],[-42.78887,-5.17484],[-42.79086,-5.1748],[-42.7919,-5.1765],[-42.79093,-5.17825],[-42.78894,-5.17829]]]}},{"type":"Feature","id":1912864937,"properties":{"h3":"898005560d3ffff","bairro":"Conj. Angelim I","copa":1.6,"verde":41.0,"construido":43.7,"temp":49.1,"urbano":true,"classe":"critica","prioridade":84},"geometry":{"type":"Polygon","coordinates":[[[-42.78295,-5.17841],[-42.78191,-5.17671],[-42.78288,-5.17497],[-42.78487,-5.17492],[-42.78591,-5.17663],[-42.78494,-5.17837],[-42.78295,-5.17841]]]}},{"type":"Feature","id":2011168937,"properties":{"h3":"898005566afffff","bairro":"Res. João Paulo II","copa":6.9,"verde":21.4,"construido":44.2,"temp":48.4,"urbano":true,"classe":"pouca","prioridade":73},"geometry":{"type":"Polygon","coordinates":[[[-42.77696,-5.17853],[-42.77592,-5.17683],[-42.77689,-5.17509],[-42.77888,-5.17505],[-42.77992,-5.17675],[-42.77895,-5.17849],[-42.77696,-5.17853]]]}},{"type":"Feature","id":2000421033,"properties":{"h3":"8980055660bffff","bairro":"Parque Jacinta","copa":25.7,"verde":46.0,"construido":47.9,"temp":49.0,"urbano":true,"classe":"arborizada","prioridade":46},"geometry":{"type":"Polygon","coordinates":[[[-42.76498,-5.17877],[-42.76395,-5.17707],[-42.76491,-5.17533],[-42.76691,-5.17529],[-42.76794,-5.17699],[-42.76698,-5.17873],[-42.76498,-5.17877]]]}},{"type":"Feature","id":1014497449,"properties":{"h3":"89800552b47ffff","bairro":"Jardim Américo","copa":8.8,"verde":94.9,"construido":5.1,"temp":49.0,"urbano":false,"classe":"pouca","prioridade":0},"geometry":{"type":"Polygon","coordinates":[[[-42.6781,-5.17881],[-42.67707,-5.17711],[-42.67803,-5.17537],[-42.68003,-5.17533],[-42.68106,-5.17703],[-42.6801,-5.17877],[-42.6781,-5.17881]]]}},{"type":"Feature","id":2004091049,"properties":{"h3":"89800556643ffff","bairro":"Pq. Maria Eduarda","copa":22.5,"verde":47.2,"construido":52.8,"temp":47.5,"urbano":true,"classe":"moderada","prioridade":46},"geometry":{"type":"Polygon","coordinates":[[[-42.75899,-5.1789],[-42.75796,-5.17719],[-42.75892,-5.17545],[-42.76092,-5.17541],[-42.76195,-5.17711],[-42.76099,-5.17886],[-42.75899,-5.1789]]]}},{"type":"Feature","id":113770666,"properties":{"h3":"89800557597ffff","bairro":"Brasilar","copa":78.4,"verde":94.8,"construido":3.8,"temp":48.2,"urbano":false,"classe":"arborizada","prioridade":0},"geometry":{"type":"Polygon","coordinates":[[[-42.753,-5.17902],[-42.75197,-5.17732],[-42.75293,-5.17557],[-42.75493,-5.17553],[-42.75596,-5.17723],[-42.755,-5.17898],[-42.753,-5.17902]]]}},{"type":"Feature","id":1908670633,"properties":{"h3":"89800556093ffff","bairro":"Parque dos Sonhos","copa":2.9,"verde":27.9,"construido":60.1,"temp":44.5,"urbano":true,"classe":"critica","prioridade":68},"geometry":{"type":"Polygon","coordinates":[[[-42.79197,-5.17995],[-42.79093,-5.17825],[-42.7919,-5.1765],[-42.79389,-5.17646],[-42.79492,-5.17816],[-42.79396,-5.17991],[-42.79197,-5.17995]]]}},{"type":"Feature","id":1973420201,"properties":{"h3":"8980055646fffff","bairro":"Conj. Angelim I","copa":10.2,"verde":25.0,"construido":73.1,"temp":48.2,"urbano":true,"classe":"pouca","prioridade":75},"geometry":{"type":"Polygon","coordinates":[[[-42.78598,-5.18007],[-42.78494,-5.17837],[-42.78591,-5.17663],[-42.7879,-5.17659],[-42.78894,-5.17829],[-42.78797,-5.18003],[-42.78598,-5.18007]]]}},{"type":"Feature","id":2010906793,"properties":{"h3":"898005566abffff","bairro":"Lot. Jardins do Angelim","copa":3.5,"verde":38.5,"construido":12.6,"temp":49.2,"urbano":false,"classe":"critica","prioridade":0},"geometry":{"type":"Polygon","coordinates":[[[-42.774,-5.18031],[-42.77297,-5.17861],[-42.77393,-5.17687],[-42.77592,-5.17683],[-42.77696,-5.17853],[-42.77599,-5.18027],[-42.774,-5.18031]]]}},{"type":"Feature","id":2005401769,"properties":{"h3":"89800556657ffff","bairro":"Pq. Maria Eduarda","copa":9.0,"verde":13.0,"construido":86.7,"temp":47.2,"urbano":true,"classe":"pouca","prioridade":71},"geometry":{"type":"Polygon","coordinates":[[[-42.76202,-5.18056],[-42.76099,-5.17886],[-42.76195,-5.17711],[-42.76395,-5.17707],[-42.76498,-5.17877],[-42.76402,-5.18052],[-42.76202,-5.18056]]]}},{"type":"Feature","id":2005663913,"properties":{"h3":"8980055665bffff","bairro":"Brasilar","copa":65.5,"verde":84.2,"construido":15.8,"temp":46.1,"urbano":false,"classe":"arborizada","prioridade":0},"geometry":{"type":"Polygon","coordinates":[[[-42.75603,-5.18068],[-42.755,-5.17898],[-42.75596,-5.17723],[-42.75796,-5.17719],[-42.75899,-5.1789],[-42.75803,-5.18064],[-42.75603,-5.18068]]]}},{"type":"Feature","id":113508522,"properties":{"h3":"89800557593ffff","bairro":"Parque Porto Alegre","copa":15.7,"verde":63.7,"construido":33.6,"temp":48.8,"urbano":true,"classe":"moderada","prioridade":45},"geometry":{"type":"Polygon","coordinates":[[[-42.75004,-5.1808],[-42.74901,-5.1791],[-42.74997,-5.17736],[-42.75197,-5.17732],[-42.753,-5.17902],[-42.75204,-5.18076],[-42.75004,-5.1808]]]}},{"type":"Feature","id":98042026,"properties":{"h3":"898005574a7ffff","bairro":"Vila Babilônia","copa":29.3,"verde":62.7,"construido":31.5,"temp":45.0,"urbano":true,"classe":"arborizada","prioridade":11},"geometry":{"type":"Polygon","coordinates":[[[-42.73806,-5.18104],[-42.73703,-5.17934],[-42.73799,-5.1776],[-42.73999,-5.17756],[-42.74102,-5.17926],[-42.74006,-5.181],[-42.73806,-5.18104]]]}},{"type":"Feature","id":92799146,"properties":{"h3":"89800557457ffff","bairro":"Vila Babilônia","copa":21.7,"verde":86.6,"construido":10.5,"temp":45.8,"urbano":false,"classe":"moderada","prioridade":0},"geometry":{"type":"Polygon","coordinates":[[[-42.7201,-5.18141],[-42.71906,-5.17971],[-42.72003,-5.17796],[-42.72202,-5.17792],[-42.72306,-5.17963],[-42.72209,-5.18137],[-42.7201,-5.18141]]]}},{"type":"Feature","id":1972895913,"properties":{"h3":"89800556467ffff","bairro":"Parque dos Sonhos","copa":0.8,"verde":3.0,"construido":96.7,"temp":47.2,"urbano":true,"classe":"critica","prioridade":88},"geometry":{"type":"Polygon","coordinates":[[[-42.78901,-5.18173],[-42.78797,-5.18003],[-42.78894,-5.17829],[-42.79093,-5.17825],[-42.79197,-5.17995],[-42.791,-5.18169],[-42.78901,-5.18173]]]}},{"type":"Feature","id":1973158057,"properties":{"h3":"8980055646bffff","bairro":"Angelim","copa":10.4,"verde":57.3,"construido":13.7,"temp":48.8,"urbano":false,"classe":"pouca","prioridade":0},"geometry":{"type":"Polygon","coordinates":[[[-42.78302,-5.18185],[-42.78198,-5.18015],[-42.78295,-5.17841],[-42.78494,-5.17837],[-42.78598,-5.18007],[-42.78501,-5.18181],[-42.78302,-5.18185]]]}},{"type":"Feature","id":2010382505,"properties":{"h3":"898005566a3ffff","bairro":"Lot. Jardins do Angelim","copa":11.4,"verde":32.2,"construido":8.0,"temp":47.2,"urbano":false,"classe":"pouca","prioridade":0},"geometry":{"type":"Polygon","coordinates":[[[-42.77703,-5.18197],[-42.77599,-5.18027],[-42.77696,-5.17853],[-42.77895,-5.17849],[-42.77999,-5.18019],[-42.77902,-5.18193],[-42.77703,-5.18197]]]}},{"type":"Feature","id":2001469609,"properties":{"h3":"8980055661bffff","bairro":"Lot. Santa Clara","copa":34.2,"verde":59.8,"construido":38.5,"temp":50.2,"urbano":true,"classe":"arborizada","prioridade":31},"geometry":{"type":"Polygon","coordinates":[[[-42.76505,-5.18222],[-42.76402,-5.18052],[-42.76498,-5.17877],[-42.76698,-5.17873],[-42.76801,-5.18044],[-42.76705,-5.18218],[-42.76505,-5.18222]]]}},{"type":"Feature","id":2005139625,"properties":{"h3":"89800556653ffff","bairro":"Brasilar","copa":59.5,"verde":80.5,"construido":19.5,"temp":46.8,"urbano":false,"classe":"arborizada","prioridade":0},"geometry":{"type":"Polygon","coordinates":[[[-42.75906,-5.18234],[-42.75803,-5.18064],[-42.75899,-5.1789],[-42.76099,-5.17886],[-42.76202,-5.18056],[-42.76106,-5.1823],[-42.75906,-5.18234]]]}},{"type":"Feature","id":1015546025,"properties":{"h3":"89800552b57ffff","bairro":"Jardim Américo","copa":53.7,"verde":96.0,"construido":4.0,"temp":45.3,"urbano":false,"classe":"arborizada","prioridade":0},"geometry":{"type":"Polygon","coordinates":[[[-42.67817,-5.18226],[-42.67714,-5.18055],[-42.6781,-5.17881],[-42.6801,-5.17877],[-42.68113,-5.18047],[-42.68017,-5.18222],[-42.67817,-5.18226]]]}},{"type":"Feature","id":1818230968,"properties":{"h3":"898005cdb2fffff","bairro":"Brasilar","copa":31.1,"verde":85.9,"construido":14.1,"temp":47.6,"urbano":false,"classe":"arborizada","prioridade":0},"geometry":{"type":"Polygon","coordinates":[[[-42.75307,-5.18246],[-42.75204,-5.18076],[-42.753,-5.17902],[-42.755,-5.17898],[-42.75603,-5.18068],[-42.75507,-5.18242],[-42.75307,-5.18246]]]}},{"type":"Feature","id":1821900984,"properties":{"h3":"898005cdb67ffff","bairro":"Lot. Mestre Dezinho","copa":54.8,"verde":80.1,"construido":17.6,"temp":44.0,"urbano":false,"classe":"arborizada","prioridade":0},"geometry":{"type":"Polygon","coordinates":[[[-42.74708,-5.18258],[-42.74605,-5.18088],[-42.74701,-5.17914],[-42.74901,-5.1791],[-42.75004,-5.1808],[-42.74908,-5.18254],[-42.74708,-5.18258]]]}},{"type":"Feature","id":1822163128,"properties":{"h3":"898005cdb6bffff","bairro":"Vila Babilônia","copa":57.5,"verde":82.9,"construido":16.6,"temp":44.4,"urbano":false,"classe":"arborizada","prioridade":0},"geometry":{"type":"Polygon","coordinates":[[[-42.74109,-5.1827],[-42.74006,-5.181],[-42.74102,-5.17926],[-42.74302,-5.17922],[-42.74405,-5.18092],[-42.74309,-5.18266],[-42.74109,-5.1827]]]}},{"type":"Feature","id":97779882,"properties":{"h3":"898005574a3ffff","bairro":"Vila Babilônia","copa":1.9,"verde":15.8,"construido":76.7,"temp":47.3,"urbano":true,"classe":"critica","prioridade":86},"geometry":{"type":"Polygon","coordinates":[[[-42.7351,-5.18283],[-42.73407,-5.18112],[-42.73503,-5.17938],[-42.73703,-5.17934],[-42.73806,-5.18104],[-42.7371,-5.18279],[-42.7351,-5.18283]]]}},{"type":"Feature","id":88866986,"properties":{"h3":"8980055741bffff","bairro":"Vila Babilônia","copa":4.0,"verde":86.9,"construido":3.5,"temp":47.6,"urbano":false,"classe":"critica","prioridade":0},"geometry":{"type":"Polygon","coordinates":[[[-42.72313,-5.18307],[-42.72209,-5.18137],[-42.72306,-5.17963],[-42.72505,-5.17958],[-42.72609,-5.18129],[-42.72512,-5.18303],[-42.72313,-5.18307]]]}},{"type":"Feature","id":1968963753,"properties":{"h3":"8980055642bffff","bairro":"Parque dos Sonhos","copa":7.9,"verde":45.8,"construido":52.0,"temp":46.2,"urbano":true,"classe":"pouca","prioridade":68},"geometry":{"type":"Polygon","coordinates":[[[-42.79204,-5.18339],[-42.791,-5.18169],[-42.79197,-5.17995],[-42.79396,-5.17991],[-42.79499,-5.18161],[-42.79403,-5.18335],[-42.79204,-5.18339]]]}},{"type":"Feature","id":1972633769,"properties":{"h3":"89800556463ffff","bairro":"Conj. Angelim IV","copa":18.3,"verde":80.1,"construido":16.6,"temp":51.6,"urbano":false,"classe":"moderada","prioridade":0},"geometry":{"type":"Polygon","coordinates":[[[-42.78605,-5.18351],[-42.78501,-5.18181],[-42.78598,-5.18007],[-42.78797,-5.18003],[-42.78901,-5.18173],[-42.78804,-5.18347],[-42.78605,-5.18351]]]}},{"type":"Feature","id":2011693225,"properties":{"h3":"898005566b7ffff","bairro":"Angelim","copa":47.6,"verde":94.1,"construido":4.8,"temp":42.9,"urbano":false,"classe":"arborizada","prioridade":0},"geometry":{"type":"Polygon","coordinates":[[[-42.78006,-5.18364],[-42.77902,-5.18193],[-42.77999,-5.18019],[-42.78198,-5.18015],[-42.78302,-5.18185],[-42.78205,-5.18359],[-42.78006,-5.18364]]]}},{"type":"Feature","id":2013266089,"properties":{"h3":"898005566cfffff","bairro":"Lot. Santa Clara","copa":21.8,"verde":26.9,"construido":72.6,"temp":49.9,"urbano":true,"classe":"moderada","prioridade":56},"geometry":{"type":"Polygon","coordinates":[[[-42.76209,-5.184],[-42.76106,-5.1823],[-42.76202,-5.18056],[-42.76402,-5.18052],[-42.76505,-5.18222],[-42.76409,-5.18396],[-42.76209,-5.184]]]}},{"type":"Feature","id":1817706680,"properties":{"h3":"898005cdb27ffff","bairro":"Brasilar","copa":64.0,"verde":92.8,"construido":5.9,"temp":48.8,"urbano":false,"classe":"arborizada","prioridade":0},"geometry":{"type":"Polygon","coordinates":[[[-42.7561,-5.18412],[-42.75507,-5.18242],[-42.75603,-5.18068],[-42.75803,-5.18064],[-42.75906,-5.18234],[-42.7581,-5.18408],[-42.7561,-5.18412]]]}},{"type":"Feature","id":1817968824,"properties":{"h3":"898005cdb2bffff","bairro":"Brasilar","copa":1.6,"verde":20.9,"construido":73.5,"temp":48.7,"urbano":true,"classe":"critica","prioridade":95},"geometry":{"type":"Polygon","coordinates":[[[-42.75011,-5.18424],[-42.74908,-5.18254],[-42.75004,-5.1808],[-42.75204,-5.18076],[-42.75307,-5.18246],[-42.75211,-5.1842],[-42.75011,-5.18424]]]}},{"type":"Feature","id":99090602,"properties":{"h3":"898005574b7ffff","bairro":"Vila Babilônia","copa":0.3,"verde":8.3,"construido":88.8,"temp":47.4,"urbano":true,"classe":"critica","prioridade":90},"geometry":{"type":"Polygon","coordinates":[[[-42.73813,-5.18449],[-42.7371,-5.18279],[-42.73806,-5.18104],[-42.74006,-5.181],[-42.74109,-5.1827],[-42.74013,-5.18445],[-42.73813,-5.18449]]]}},{"type":"Feature","id":99352746,"properties":{"h3":"898005574bbffff","bairro":"Vila Babilônia","copa":0.5,"verde":20.9,"construido":72.7,"temp":48.6,"urbano":true,"classe":"critica","prioridade":96},"geometry":{"type":"Polygon","coordinates":[[[-42.73215,-5.18461],[-42.73111,-5.18291],[-42.73208,-5.18116],[-42.73407,-5.18112],[-42.7351,-5.18283],[-42.73414,-5.18457],[-42.73215,-5.18461]]]}},{"type":"Feature","id":100663466,"properties":{"h3":"898005574cfffff","bairro":"Vila Babilônia","copa":3.3,"verde":80.5,"construido":9.0,"temp":48.2,"urbano":false,"classe":"critica","prioridade":0},"geometry":{"type":"Polygon","coordinates":[[[-42.72017,-5.18485],[-42.71913,-5.18315],[-42.7201,-5.18141],[-42.72209,-5.18137],[-42.72313,-5.18307],[-42.72216,-5.18481],[-42.72017,-5.18485]]]}},{"type":"Feature","id":1973944489,"properties":{"h3":"89800556477ffff","bairro":"Conj. Angelim IV","copa":34.8,"verde":39.4,"construido":60.6,"temp":47.0,"urbano":true,"classe":"arborizada","prioridade":28},"geometry":{"type":"Polygon","coordinates":[[[-42.78908,-5.18517],[-42.78804,-5.18347],[-42.78901,-5.18173],[-42.791,-5.18169],[-42.79204,-5.18339],[-42.79107,-5.18513],[-42.78908,-5.18517]]]}},{"type":"Feature","id":1974206633,"properties":{"h3":"8980055647bffff","bairro":"Angelim","copa":28.2,"verde":61.2,"construido":38.3,"temp":47.0,"urbano":true,"classe":"arborizada","prioridade":24},"geometry":{"type":"Polygon","coordinates":[[[-42.78309,-5.1853],[-42.78205,-5.18359],[-42.78302,-5.18185],[-42.78501,-5.18181],[-42.78605,-5.18351],[-42.78508,-5.18526],[-42.78309,-5.1853]]]}},{"type":"Feature","id":2011431081,"properties":{"h3":"898005566b3ffff","bairro":"Angelim","copa":24.2,"verde":87.2,"construido":7.7,"temp":47.2,"urbano":false,"classe":"moderada","prioridade":0},"geometry":{"type":"Polygon","coordinates":[[[-42.7771,-5.18542],[-42.77606,-5.18372],[-42.77703,-5.18197],[-42.77902,-5.18193],[-42.78006,-5.18364],[-42.77909,-5.18538],[-42.7771,-5.18542]]]}},{"type":"Feature","id":2009071785,"properties":{"h3":"8980055668fffff","bairro":"Lot. Júlio Soares I","copa":0.0,"verde":56.7,"construido":9.6,"temp":51.9,"urbano":false,"classe":"critica","prioridade":0},"geometry":{"type":"Polygon","coordinates":[[[-42.77111,-5.18554],[-42.77008,-5.18384],[-42.77104,-5.1821],[-42.77304,-5.18206],[-42.77407,-5.18376],[-42.77311,-5.1855],[-42.77111,-5.18554]]]}},{"type":"Feature","id":2012741801,"properties":{"h3":"898005566c7ffff","bairro":"Lot. Santa Clara","copa":28.5,"verde":72.8,"construido":23.1,"temp":46.3,"urbano":false,"classe":"arborizada","prioridade":0},"geometry":{"type":"Polygon","coordinates":[[[-42.76512,-5.18566],[-42.76409,-5.18396],[-42.76505,-5.18222],[-42.76705,-5.18218],[-42.76808,-5.18388],[-42.76712,-5.18562],[-42.76512,-5.18566]]]}},{"type":"Feature","id":2013003945,"properties":{"h3":"898005566cbffff","bairro":"Lot. Santa Clara","copa":44.1,"verde":56.9,"construido":40.4,"temp":45.6,"urbano":true,"classe":"arborizada","prioridade":16},"geometry":{"type":"Polygon","coordinates":[[[-42.75913,-5.18578],[-42.7581,-5.18408],[-42.75906,-5.18234],[-42.76106,-5.1823],[-42.76209,-5.184],[-42.76113,-5.18574],[-42.75913,-5.18578]]]}},{"type":"Feature","id":1817444536,"properties":{"h3":"898005cdb23ffff","bairro":"Brasilar","copa":20.6,"verde":74.3,"construido":20.9,"temp":49.6,"urbano":false,"classe":"moderada","prioridade":0},"geometry":{"type":"Polygon","coordinates":[[[-42.75314,-5.1859],[-42.75211,-5.1842],[-42.75307,-5.18246],[-42.75507,-5.18242],[-42.7561,-5.18412],[-42.75514,-5.18586],[-42.75314,-5.1859]]]}},{"type":"Feature","id":1822949560,"properties":{"h3":"898005cdb77ffff","bairro":"Lot. Mestre Dezinho","copa":19.1,"verde":77.1,"construido":16.6,"temp":50.5,"urbano":false,"classe":"moderada","prioridade":0},"geometry":{"type":"Polygon","coordinates":[[[-42.74715,-5.18603],[-42.74612,-5.18433],[-42.74708,-5.18258],[-42.74908,-5.18254],[-42.75011,-5.18424],[-42.74915,-5.18599],[-42.74715,-5.18603]]]}},{"type":"Feature","id":1823211704,"properties":{"h3":"898005cdb7bffff","bairro":"Torquato Neto","copa":8.8,"verde":25.9,"construido":65.8,"temp":47.9,"urbano":true,"classe":"pouca","prioridade":76},"geometry":{"type":"Polygon","coordinates":[[[-42.74116,-5.18615],[-42.74013,-5.18445],[-42.74109,-5.1827],[-42.74309,-5.18266],[-42.74412,-5.18437],[-42.74316,-5.18611],[-42.74116,-5.18615]]]}},{"type":"Feature","id":98828458,"properties":{"h3":"898005574b3ffff","bairro":"Torquato Neto","copa":0.0,"verde":0.3,"construido":98.1,"temp":48.1,"urbano":true,"classe":"critica","prioridade":94},"geometry":{"type":"Polygon","coordinates":[[[-42.73517,-5.18627],[-42.73414,-5.18457],[-42.7351,-5.18283],[-42.7371,-5.18279],[-42.73813,-5.18449],[-42.73717,-5.18623],[-42.73517,-5.18627]]]}},{"type":"Feature","id":96469162,"properties":{"h3":"8980055748fffff","bairro":"Vila Babilônia","copa":0.3,"verde":33.1,"construido":59.9,"temp":48.1,"urbano":true,"classe":"critica","prioridade":94},"geometry":{"type":"Polygon","coordinates":[[[-42.72919,-5.18639],[-42.72815,-5.18469],[-42.72912,-5.18295],[-42.73111,-5.18291],[-42.73215,-5.18461],[-42.73118,-5.18635],[-42.72919,-5.18639]]]}},{"type":"Feature","id":100139178,"properties":{"h3":"898005574c7ffff","bairro":"Vila Babilônia","copa":13.0,"verde":81.2,"construido":6.0,"temp":46.8,"urbano":false,"classe":"moderada","prioridade":0},"geometry":{"type":"Polygon","coordinates":[[[-42.7232,-5.18651],[-42.72216,-5.18481],[-42.72313,-5.18307],[-42.72512,-5.18303],[-42.72616,-5.18473],[-42.72519,-5.18647],[-42.7232,-5.18651]]]}},{"type":"Feature","id":1970012329,"properties":{"h3":"8980055643bffff","bairro":"Conj. Angelim IV","copa":64.2,"verde":76.6,"construido":22.3,"temp":41.2,"urbano":false,"classe":"arborizada","prioridade":0},"geometry":{"type":"Polygon","coordinates":[[[-42.79211,-5.18683],[-42.79107,-5.18513],[-42.79204,-5.18339],[-42.79403,-5.18335],[-42.79507,-5.18505],[-42.7941,-5.18679],[-42.79211,-5.18683]]]}},{"type":"Feature","id":1973682345,"properties":{"h3":"89800556473ffff","bairro":"Conj. Angelim IV","copa":22.1,"verde":46.1,"construido":53.9,"temp":47.2,"urbano":true,"classe":"moderada","prioridade":45},"geometry":{"type":"Polygon","coordinates":[[[-42.78612,-5.18696],[-42.78508,-5.18526],[-42.78605,-5.18351],[-42.78804,-5.18347],[-42.78908,-5.18517],[-42.78811,-5.18692],[-42.78612,-5.18696]]]}},{"type":"Feature","id":1971323049,"properties":{"h3":"8980055644fffff","bairro":"Angelim","copa":14.5,"verde":74.0,"construido":24.9,"temp":49.7,"urbano":false,"classe":"moderada","prioridade":0},"geometry":{"type":"Polygon","coordinates":[[[-42.78013,-5.18708],[-42.77909,-5.18538],[-42.78006,-5.18364],[-42.78205,-5.18359],[-42.78309,-5.1853],[-42.78212,-5.18704],[-42.78013,-5.18708]]]}},{"type":"Feature","id":2008547497,"properties":{"h3":"89800556687ffff","bairro":"Lot. Júlio Soares I","copa":0.5,"verde":51.9,"construido":13.2,"temp":49.7,"urbano":false,"classe":"critica","prioridade":0},"geometry":{"type":"Polygon","coordinates":[[[-42.77414,-5.1872],[-42.77311,-5.1855],[-42.77407,-5.18376],[-42.77606,-5.18372],[-42.7771,-5.18542],[-42.77614,-5.18716],[-42.77414,-5.1872]]]}},{"type":"Feature","id":2008809641,"properties":{"h3":"8980055668bffff","bairro":"Vila Morro do Cambota","copa":0.0,"verde":52.5,"construido":6.1,"temp":49.0,"urbano":false,"classe":"critica","prioridade":0},"geometry":{"type":"Polygon","coordinates":[[[-42.76815,-5.18732],[-42.76712,-5.18562],[-42.76808,-5.18388],[-42.77008,-5.18384],[-42.77111,-5.18554],[-42.77015,-5.18728],[-42.76815,-5.18732]]]}},{"type":"Feature","id":2012479657,"properties":{"h3":"898005566c3ffff","bairro":"Lot. Santa Clara","copa":2.7,"verde":7.7,"construido":90.7,"temp":48.5,"urbano":true,"classe":"critica","prioridade":91},"geometry":{"type":"Polygon","coordinates":[[[-42.76216,-5.18744],[-42.76113,-5.18574],[-42.76209,-5.184],[-42.76409,-5.18396],[-42.76512,-5.18566],[-42.76416,-5.1874],[-42.76216,-5.18744]]]}},{"type":"Feature","id":1818755256,"properties":{"h3":"898005cdb37ffff","bairro":"Lot. Santa Clara","copa":30.5,"verde":45.1,"construido":51.4,"temp":47.0,"urbano":true,"classe":"arborizada","prioridade":28},"geometry":{"type":"Polygon","coordinates":[[[-42.75617,-5.18757],[-42.75514,-5.18586],[-42.7561,-5.18412],[-42.7581,-5.18408],[-42.75913,-5.18578],[-42.75817,-5.18753],[-42.75617,-5.18757]]]}},{"type":"Feature","id":1819017400,"properties":{"h3":"898005cdb3bffff","bairro":"Conj. Porto Alegre","copa":6.0,"verde":15.9,"construido":84.1,"temp":48.3,"urbano":true,"classe":"pouca","prioridade":83},"geometry":{"type":"Polygon","coordinates":[[[-42.75018,-5.18769],[-42.74915,-5.18599],[-42.75011,-5.18424],[-42.75211,-5.1842],[-42.75314,-5.1859],[-42.75218,-5.18765],[-42.75018,-5.18769]]]}},{"type":"Feature","id":1822687416,"properties":{"h3":"898005cdb73ffff","bairro":"Lot. Mestre Dezinho","copa":34.0,"verde":43.4,"construido":55.1,"temp":48.1,"urbano":true,"classe":"arborizada","prioridade":35},"geometry":{"type":"Polygon","coordinates":[[[-42.74419,-5.18781],[-42.74316,-5.18611],[-42.74412,-5.18437],[-42.74612,-5.18433],[-42.74715,-5.18603],[-42.74619,-5.18777],[-42.74419,-5.18781]]]}},{"type":"Feature","id":1820328120,"properties":{"h3":"898005cdb4fffff","bairro":"Torquato Neto","copa":0.0,"verde":8.5,"construido":79.7,"temp":48.6,"urbano":true,"classe":"critica","prioridade":97},"geometry":{"type":"Polygon","coordinates":[[[-42.7382,-5.18793],[-42.73717,-5.18623],[-42.73813,-5.18449],[-42.74013,-5.18445],[-42.74116,-5.18615],[-42.7402,-5.18789],[-42.7382,-5.18793]]]}},{"type":"Feature","id":95944874,"properties":{"h3":"89800557487ffff","bairro":"Torquato Neto","copa":0.0,"verde":0.5,"construido":99.5,"temp":48.0,"urbano":true,"classe":"critica","prioridade":94},"geometry":{"type":"Polygon","coordinates":[[[-42.73221,-5.18805],[-42.73118,-5.18635],[-42.73215,-5.18461],[-42.73414,-5.18457],[-42.73517,-5.18627],[-42.73421,-5.18801],[-42.73221,-5.18805]]]}},{"type":"Feature","id":96207018,"properties":{"h3":"8980055748bffff","bairro":"Vila Babilônia","copa":3.8,"verde":58.3,"construido":35.2,"temp":48.6,"urbano":true,"classe":"critica","prioridade":63},"geometry":{"type":"Polygon","coordinates":[[[-42.72623,-5.18817],[-42.72519,-5.18647],[-42.72616,-5.18473],[-42.72815,-5.18469],[-42.72919,-5.18639],[-42.72822,-5.18813],[-42.72623,-5.18817]]]}},{"type":"Feature","id":99877034,"properties":{"h3":"898005574c3ffff","bairro":"Vila Babilônia","copa":16.2,"verde":79.3,"construido":4.0,"temp":48.5,"urbano":false,"classe":"moderada","prioridade":0},"geometry":{"type":"Polygon","coordinates":[[[-42.72024,-5.1883],[-42.7192,-5.18659],[-42.72017,-5.18485],[-42.72216,-5.18481],[-42.7232,-5.18651],[-42.72223,-5.18825],[-42.72024,-5.1883]]]}},{"type":"Feature","id":1970798761,"properties":{"h3":"89800556447ffff","bairro":"Angelim","copa":29.5,"verde":46.6,"construido":53.4,"temp":45.4,"urbano":true,"classe":"arborizada","prioridade":20},"geometry":{"type":"Polygon","coordinates":[[[-42.78316,-5.18874],[-42.78212,-5.18704],[-42.78309,-5.1853],[-42.78508,-5.18526],[-42.78612,-5.18696],[-42.78515,-5.1887],[-42.78316,-5.18874]]]}},{"type":"Feature","id":981467305,"properties":{"h3":"8980055294fffff","bairro":"Jardim Américo","copa":48.5,"verde":96.1,"construido":3.6,"temp":44.5,"urbano":false,"classe":"arborizada","prioridade":0},"geometry":{"type":"Polygon","coordinates":[[[-42.69628,-5.18878],[-42.69525,-5.18708],[-42.69621,-5.18534],[-42.69821,-5.1853],[-42.69924,-5.187],[-42.69828,-5.18874],[-42.69628,-5.18878]]]}},{"type":"Feature","id":1971060905,"properties":{"h3":"8980055644bffff","bairro":"Lot. Júlio Soares I","copa":0.3,"verde":16.5,"construido":69.1,"temp":49.0,"urbano":true,"classe":"critica","prioridade":99},"geometry":{"type":"Polygon","coordinates":[[[-42.77717,-5.18886],[-42.77614,-5.18716],[-42.7771,-5.18542],[-42.77909,-5.18538],[-42.78013,-5.18708],[-42.77916,-5.18882],[-42.77717,-5.18886]]]}},{"type":"Feature","id":2008285353,"properties":{"h3":"89800556683ffff","bairro":"Vila Morro do Cambota","copa":17.6,"verde":52.9,"construido":39.6,"temp":48.2,"urbano":true,"classe":"moderada","prioridade":48},"geometry":{"type":"Polygon","coordinates":[[[-42.77118,-5.18898],[-42.77015,-5.18728],[-42.77111,-5.18554],[-42.77311,-5.1855],[-42.77414,-5.1872],[-42.77318,-5.18894],[-42.77118,-5.18898]]]}},{"type":"Feature","id":2013790377,"properties":{"h3":"898005566d7ffff","bairro":"Res. Esplanada","copa":32.0,"verde":56.0,"construido":41.3,"temp":44.8,"urbano":true,"classe":"arborizada","prioridade":13},"geometry":{"type":"Polygon","coordinates":[[[-42.76519,-5.18911],[-42.76416,-5.1874],[-42.76512,-5.18566],[-42.76712,-5.18562],[-42.76815,-5.18732],[-42.76719,-5.18906],[-42.76519,-5.18911]]]}},{"type":"Feature","id":2014052521,"properties":{"h3":"898005566dbffff","bairro":"Lot. Santa Clara","copa":39.3,"verde":62.1,"construido":34.7,"temp":48.0,"urbano":true,"classe":"arborizada","prioridade":24},"geometry":{"type":"Polygon","coordinates":[[[-42.7592,-5.18923],[-42.75817,-5.18753],[-42.75913,-5.18578],[-42.76113,-5.18574],[-42.76216,-5.18744],[-42.7612,-5.18919],[-42.7592,-5.18923]]]}},{"type":"Feature","id":1818493112,"properties":{"h3":"898005cdb33ffff","bairro":"Conj. Porto Alegre","copa":3.5,"verde":10.1,"construido":88.0,"temp":48.2,"urbano":true,"classe":"critica","prioridade":88},"geometry":{"type":"Polygon","coordinates":[[[-42.75321,-5.18935],[-42.75218,-5.18765],[-42.75314,-5.1859],[-42.75514,-5.18586],[-42.75617,-5.18757],[-42.75521,-5.18931],[-42.75321,-5.18935]]]}},{"type":"Feature","id":1816133816,"properties":{"h3":"898005cdb0fffff","bairro":"Lot. Mestre Dezinho","copa":13.4,"verde":17.9,"construido":81.6,"temp":48.6,"urbano":true,"classe":"moderada","prioridade":71},"geometry":{"type":"Polygon","coordinates":[[[-42.74722,-5.18947],[-42.74619,-5.18777],[-42.74715,-5.18603],[-42.74915,-5.18599],[-42.75018,-5.18769],[-42.74922,-5.18943],[-42.74722,-5.18947]]]}},{"type":"Feature","id":1819803832,"properties":{"h3":"898005cdb47ffff","bairro":"Portal da Alegria","copa":0.0,"verde":7.2,"construido":83.5,"temp":49.2,"urbano":true,"classe":"critica","prioridade":100},"geometry":{"type":"Polygon","coordinates":[[[-42.74123,-5.18959],[-42.7402,-5.18789],[-42.74116,-5.18615],[-42.74316,-5.18611],[-42.74419,-5.18781],[-42.74323,-5.18955],[-42.74123,-5.18959]]]}},{"type":"Feature","id":1820065976,"properties":{"h3":"898005cdb4bffff","bairro":"Torquato Neto","copa":0.0,"verde":0.8,"construido":98.9,"temp":48.4,"urbano":true,"classe":"critica","prioridade":96},"geometry":{"type":"Polygon","coordinates":[[[-42.73524,-5.18971],[-42.73421,-5.18801],[-42.73517,-5.18627],[-42.73717,-5.18623],[-42.7382,-5.18793],[-42.73724,-5.18967],[-42.73524,-5.18971]]]}},{"type":"Feature","id":95682730,"properties":{"h3":"89800557483ffff","bairro":"Vila Babilônia","copa":0.0,"verde":1.9,"construido":97.8,"temp":48.6,"urbano":true,"classe":"critica","prioridade":97},"geometry":{"type":"Polygon","coordinates":[[[-42.72926,-5.18983],[-42.72822,-5.18813],[-42.72919,-5.18639],[-42.73118,-5.18635],[-42.73221,-5.18805],[-42.73125,-5.18979],[-42.72926,-5.18983]]]}},{"type":"Feature","id":101187754,"properties":{"h3":"898005574d7ffff","bairro":"Vila Babilônia","copa":9.3,"verde":76.5,"construido":5.1,"temp":47.2,"urbano":false,"classe":"pouca","prioridade":0},"geometry":{"type":"Polygon","coordinates":[[[-42.72327,-5.18996],[-42.72223,-5.18825],[-42.7232,-5.18651],[-42.72519,-5.18647],[-42.72623,-5.18817],[-42.72526,-5.18992],[-42.72327,-5.18996]]]}},{"type":"Feature","id":1966604457,"properties":{"h3":"89800556407ffff","bairro":"Res. Manoel Damásio","copa":32.0,"verde":66.9,"construido":27.5,"temp":48.5,"urbano":true,"classe":"arborizada","prioridade":20},"geometry":{"type":"Polygon","coordinates":[[[-42.79218,-5.19028],[-42.79114,-5.18858],[-42.79211,-5.18683],[-42.7941,-5.18679],[-42.79514,-5.1885],[-42.79417,-5.19024],[-42.79218,-5.19028]]]}},{"type":"Feature","id":1970536617,"properties":{"h3":"89800556443ffff","bairro":"Angelim","copa":2.2,"verde":2.2,"construido":97.8,"temp":49.0,"urbano":true,"classe":"critica","prioridade":95},"geometry":{"type":"Polygon","coordinates":[[[-42.7802,-5.19052],[-42.77916,-5.18882],[-42.78013,-5.18708],[-42.78212,-5.18704],[-42.78316,-5.18874],[-42.78219,-5.19048],[-42.7802,-5.19052]]]}},{"type":"Feature","id":2009596073,"properties":{"h3":"89800556697ffff","bairro":"Vila Morro do Cambota","copa":0.0,"verde":0.5,"construido":98.9,"temp":48.5,"urbano":true,"classe":"critica","prioridade":96},"geometry":{"type":"Polygon","coordinates":[[[-42.77421,-5.19064],[-42.77318,-5.18894],[-42.77414,-5.1872],[-42.77614,-5.18716],[-42.77717,-5.18886],[-42.77621,-5.1906],[-42.77421,-5.19064]]]}},{"type":"Feature","id":2009858217,"properties":{"h3":"8980055669bffff","bairro":"Vila Morro do Cambota","copa":30.2,"verde":63.9,"construido":32.6,"temp":47.4,"urbano":true,"classe":"arborizada","prioridade":20},"geometry":{"type":"Polygon","coordinates":[[[-42.76822,-5.19077],[-42.76719,-5.18906],[-42.76815,-5.18732],[-42.77015,-5.18728],[-42.77118,-5.18898],[-42.77022,-5.19073],[-42.76822,-5.19077]]]}},{"type":"Feature","id":2013528233,"properties":{"h3":"898005566d3ffff","bairro":"Res. Esplanada","copa":6.8,"verde":8.7,"construido":90.8,"temp":47.9,"urbano":true,"classe":"pouca","prioridade":80},"geometry":{"type":"Polygon","coordinates":[[[-42.76223,-5.19089],[-42.7612,-5.18919],[-42.76216,-5.18744],[-42.76416,-5.1874],[-42.76519,-5.18911],[-42.76423,-5.19085],[-42.76223,-5.19089]]]}},{"type":"Feature","id":1826619576,"properties":{"h3":"898005cdbafffff","bairro":"Conj. Porto Alegre","copa":7.1,"verde":8.2,"construido":91.6,"temp":48.5,"urbano":true,"classe":"pouca","prioridade":82},"geometry":{"type":"Polygon","coordinates":[[[-42.75624,-5.19101],[-42.75521,-5.18931],[-42.75617,-5.18757],[-42.75817,-5.18753],[-42.7592,-5.18923],[-42.75824,-5.19097],[-42.75624,-5.19101]]]}},{"type":"Feature","id":1815609528,"properties":{"h3":"898005cdb07ffff","bairro":"Vila da Glória","copa":3.2,"verde":11.4,"construido":88.6,"temp":48.4,"urbano":true,"classe":"critica","prioridade":90},"geometry":{"type":"Polygon","coordinates":[[[-42.75025,-5.19113],[-42.74922,-5.18943],[-42.75018,-5.18769],[-42.75218,-5.18765],[-42.75321,-5.18935],[-42.75225,-5.19109],[-42.75025,-5.19113]]]}},{"type":"Feature","id":1815871672,"properties":{"h3":"898005cdb0bffff","bairro":"Lot. Mestre Dezinho","copa":0.0,"verde":4.3,"construido":63.2,"temp":53.0,"urbano":true,"classe":"critica","prioridade":100},"geometry":{"type":"Polygon","coordinates":[[[-42.74426,-5.19125],[-42.74323,-5.18955],[-42.74419,-5.18781],[-42.74619,-5.18777],[-42.74722,-5.18947],[-42.74626,-5.19121],[-42.74426,-5.19125]]]}},{"type":"Feature","id":1819541688,"properties":{"h3":"898005cdb43ffff","bairro":"Torquato Neto","copa":0.0,"verde":0.0,"construido":100.0,"temp":48.1,"urbano":true,"classe":"critica","prioridade":94},"geometry":{"type":"Polygon","coordinates":[[[-42.73827,-5.19137],[-42.73724,-5.18967],[-42.7382,-5.18793],[-42.7402,-5.18789],[-42.74123,-5.18959],[-42.74027,-5.19133],[-42.73827,-5.19137]]]}},{"type":"Feature","id":96993450,"properties":{"h3":"89800557497ffff","bairro":"Torquato Neto","copa":7.8,"verde":25.8,"construido":66.4,"temp":50.7,"urbano":true,"classe":"pouca","prioridade":84},"geometry":{"type":"Polygon","coordinates":[[[-42.73228,-5.1915],[-42.73125,-5.18979],[-42.73221,-5.18805],[-42.73421,-5.18801],[-42.73524,-5.18971],[-42.73428,-5.19146],[-42.73228,-5.1915]]]}},{"type":"Feature","id":97255594,"properties":{"h3":"8980055749bffff","bairro":"Vila Babilônia","copa":9.3,"verde":71.8,"construido":23.7,"temp":47.6,"urbano":false,"classe":"pouca","prioridade":0},"geometry":{"type":"Polygon","coordinates":[[[-42.7263,-5.19162],[-42.72526,-5.18992],[-42.72623,-5.18817],[-42.72822,-5.18813],[-42.72926,-5.18983],[-42.72829,-5.19158],[-42.7263,-5.19162]]]}},{"type":"Feature","id":100925610,"properties":{"h3":"898005574d3ffff","bairro":"Vila Babilônia","copa":0.0,"verde":78.9,"construido":8.3,"temp":51.1,"urbano":false,"classe":"critica","prioridade":0},"geometry":{"type":"Polygon","coordinates":[[[-42.72031,-5.19174],[-42.71927,-5.19004],[-42.72024,-5.1883],[-42.72223,-5.18825],[-42.72327,-5.18996],[-42.7223,-5.1917],[-42.72031,-5.19174]]]}},{"type":"Feature","id":1977352361,"properties":{"h3":"898005564abffff","bairro":"Res. Manoel Damásio","copa":52.7,"verde":87.4,"construido":9.0,"temp":42.7,"urbano":false,"classe":"arborizada","prioridade":0},"geometry":{"type":"Polygon","coordinates":[[[-42.79521,-5.19194],[-42.79417,-5.19024],[-42.79514,-5.1885],[-42.79713,-5.18846],[-42.79816,-5.19016],[-42.7972,-5.1919],[-42.79521,-5.19194]]]}},{"type":"Feature","id":1966342313,"properties":{"h3":"89800556403ffff","bairro":"Res. Manoel Damásio","copa":31.4,"verde":76.2,"construido":15.1,"temp":48.5,"urbano":false,"classe":"arborizada","prioridade":0},"geometry":{"type":"Polygon","coordinates":[[[-42.78922,-5.19206],[-42.78818,-5.19036],[-42.78915,-5.18862],[-42.79114,-5.18858],[-42.79218,-5.19028],[-42.79121,-5.19202],[-42.78922,-5.19206]]]}},{"type":"Feature","id":1971847337,"properties":{"h3":"89800556457ffff","bairro":"Parque Eliane","copa":57.2,"verde":71.4,"construido":28.6,"temp":42.6,"urbano":true,"classe":"arborizada","prioridade":2},"geometry":{"type":"Polygon","coordinates":[[[-42.78323,-5.19218],[-42.78219,-5.19048],[-42.78316,-5.18874],[-42.78515,-5.1887],[-42.78619,-5.1904],[-42.78522,-5.19214],[-42.78323,-5.19218]]]}},{"type":"Feature","id":1972109481,"properties":{"h3":"8980055645bffff","bairro":"Vila Irmã Dulce","copa":9.6,"verde":17.6,"construido":82.1,"temp":47.6,"urbano":true,"classe":"pouca","prioridade":72},"geometry":{"type":"Polygon","coordinates":[[[-42.77724,-5.19231],[-42.77621,-5.1906],[-42.77717,-5.18886],[-42.77916,-5.18882],[-42.7802,-5.19052],[-42.77923,-5.19226],[-42.77724,-5.19231]]]}},{"type":"Feature","id":980680873,"properties":{"h3":"89800552943ffff","bairro":"Jardim Américo","copa":29.1,"verde":93.8,"construido":6.2,"temp":48.6,"urbano":false,"classe":"arborizada","prioridade":0},"geometry":{"type":"Polygon","coordinates":[[[-42.69635,-5.19222],[-42.69532,-5.19052],[-42.69628,-5.18878],[-42.69828,-5.18874],[-42.69931,-5.19044],[-42.69835,-5.19218],[-42.69635,-5.19222]]]}},{"type":"Feature","id":2009333929,"properties":{"h3":"89800556693ffff","bairro":"Vila Morro do Cambota","copa":7.7,"verde":8.8,"construido":89.9,"temp":48.5,"urbano":true,"classe":"pouca","prioridade":81},"geometry":{"type":"Polygon","coordinates":[[[-42.77125,-5.19243],[-42.77022,-5.19073],[-42.77118,-5.18898],[-42.77318,-5.18894],[-42.77421,-5.19064],[-42.77325,-5.19239],[-42.77125,-5.19243]]]}},{"type":"Feature","id":1788870840,"properties":{"h3":"898005cd96fffff","bairro":"Res. Esplanada","copa":18.4,"verde":21.4,"construido":78.1,"temp":48.7,"urbano":true,"classe":"moderada","prioridade":61},"geometry":{"type":"Polygon","coordinates":[[[-42.76526,-5.19255],[-42.76423,-5.19085],[-42.76519,-5.18911],[-42.76719,-5.18906],[-42.76822,-5.19077],[-42.76726,-5.19251],[-42.76526,-5.19255]]]}},{"type":"Feature","id":1826095288,"properties":{"h3":"898005cdba7ffff","bairro":"Res. Esplanada","copa":14.5,"verde":44.9,"construido":46.5,"temp":49.1,"urbano":true,"classe":"moderada","prioridade":66},"geometry":{"type":"Polygon","coordinates":[[[-42.75927,-5.19267],[-42.75824,-5.19097],[-42.7592,-5.18923],[-42.7612,-5.18919],[-42.76223,-5.19089],[-42.76127,-5.19263],[-42.75927,-5.19267]]]}},{"type":"Feature","id":1826357432,"properties":{"h3":"898005cdbabffff","bairro":"Esplanada","copa":18.1,"verde":36.5,"construido":62.7,"temp":48.5,"urbano":true,"classe":"moderada","prioridade":60},"geometry":{"type":"Polygon","coordinates":[[[-42.75328,-5.19279],[-42.75225,-5.19109],[-42.75321,-5.18935],[-42.75521,-5.18931],[-42.75624,-5.19101],[-42.75528,-5.19275],[-42.75328,-5.19279]]]}},{"type":"Feature","id":1815347384,"properties":{"h3":"898005cdb03ffff","bairro":"Vila da Glória","copa":17.9,"verde":23.8,"construido":71.4,"temp":48.3,"urbano":true,"classe":"moderada","prioridade":60},"geometry":{"type":"Polygon","coordinates":[[[-42.74729,-5.19291],[-42.74626,-5.19121],[-42.74722,-5.18947],[-42.74922,-5.18943],[-42.75025,-5.19113],[-42.74929,-5.19287],[-42.74729,-5.19291]]]}},{"type":"Feature","id":1820852408,"properties":{"h3":"898005cdb57ffff","bairro":"Portal da Alegria","copa":0.0,"verde":3.3,"construido":90.7,"temp":47.6,"urbano":true,"classe":"critica","prioridade":92},"geometry":{"type":"Polygon","coordinates":[[[-42.7413,-5.19304],[-42.74027,-5.19133],[-42.74123,-5.18959],[-42.74323,-5.18955],[-42.74426,-5.19125],[-42.7433,-5.193],[-42.7413,-5.19304]]]}},{"type":"Feature","id":1821114552,"properties":{"h3":"898005cdb5bffff","bairro":"Torquato Neto","copa":1.1,"verde":3.5,"construido":96.3,"temp":47.5,"urbano":true,"classe":"critica","prioridade":89},"geometry":{"type":"Polygon","coordinates":[[[-42.73531,-5.19316],[-42.73428,-5.19146],[-42.73524,-5.18971],[-42.73724,-5.18967],[-42.73827,-5.19137],[-42.73731,-5.19312],[-42.73531,-5.19316]]]}},{"type":"Feature","id":96731306,"properties":{"h3":"89800557493ffff","bairro":"Vila Babilônia","copa":22.3,"verde":46.5,"construido":44.4,"temp":48.5,"urbano":true,"classe":"moderada","prioridade":46},"geometry":{"type":"Polygon","coordinates":[[[-42.72933,-5.19328],[-42.72829,-5.19158],[-42.72926,-5.18983],[-42.73125,-5.18979],[-42.73228,-5.1915],[-42.73132,-5.19324],[-42.72933,-5.19328]]]}},{"type":"Feature","id":1967653033,"properties":{"h3":"89800556417ffff","bairro":"Res. Manoel Damásio","copa":11.2,"verde":28.9,"construido":69.8,"temp":48.3,"urbano":true,"classe":"pouca","prioridade":73},"geometry":{"type":"Polygon","coordinates":[[[-42.79225,-5.19372],[-42.79121,-5.19202],[-42.79218,-5.19028],[-42.79417,-5.19024],[-42.79521,-5.19194],[-42.79424,-5.19368],[-42.79225,-5.19372]]]}},{"type":"Feature","id":1967915177,"properties":{"h3":"8980055641bffff","bairro":"Parque Eliane","copa":13.6,"verde":49.1,"construido":46.9,"temp":47.1,"urbano":true,"classe":"moderada","prioridade":58},"geometry":{"type":"Polygon","coordinates":[[[-42.78626,-5.19384],[-42.78522,-5.19214],[-42.78619,-5.1904],[-42.78818,-5.19036],[-42.78922,-5.19206],[-42.78825,-5.1938],[-42.78626,-5.19384]]]}},{"type":"Feature","id":1971585193,"properties":{"h3":"89800556453ffff","bairro":"Vila Irmã Dulce","copa":22.6,"verde":25.3,"construido":74.7,"temp":46.1,"urbano":true,"classe":"moderada","prioridade":38},"geometry":{"type":"Polygon","coordinates":[[[-42.78027,-5.19397],[-42.77923,-5.19226],[-42.7802,-5.19052],[-42.78219,-5.19048],[-42.78323,-5.19218],[-42.78226,-5.19393],[-42.78027,-5.19397]]]}},{"type":"Feature","id":981991593,"properties":{"h3":"89800552957ffff","bairro":"Vila Babilônia","copa":30.9,"verde":95.1,"construido":4.9,"temp":44.6,"urbano":false,"classe":"arborizada","prioridade":0},"geometry":{"type":"Polygon","coordinates":[[[-42.69938,-5.19388],[-42.69835,-5.19218],[-42.69931,-5.19044],[-42.70131,-5.1904],[-42.70234,-5.1921],[-42.70138,-5.19384],[-42.69938,-5.19388]]]}},{"type":"Feature","id":1784676536,"properties":{"h3":"898005cd92fffff","bairro":"Vila Irmã Dulce","copa":18.9,"verde":30.1,"construido":69.9,"temp":48.0,"urbano":true,"classe":"moderada","prioridade":56},"geometry":{"type":"Polygon","coordinates":[[[-42.77428,-5.19409],[-42.77325,-5.19239],[-42.77421,-5.19064],[-42.77621,-5.1906],[-42.77724,-5.19231],[-42.77628,-5.19405],[-42.77428,-5.19409]]]}},{"type":"Feature","id":1788346552,"properties":{"h3":"898005cd967ffff","bairro":"Vila Morro dos Cegos","copa":7.9,"verde":7.9,"construido":92.1,"temp":47.3,"urbano":true,"classe":"pouca","prioridade":74},"geometry":{"type":"Polygon","coordinates":[[[-42.76829,-5.19421],[-42.76726,-5.19251],[-42.76822,-5.19077],[-42.77022,-5.19073],[-42.77125,-5.19243],[-42.77029,-5.19417],[-42.76829,-5.19421]]]}},{"type":"Feature","id":1788608696,"properties":{"h3":"898005cd96bffff","bairro":"Res. Esplanada","copa":0.0,"verde":7.0,"construido":76.8,"temp":49.7,"urbano":true,"classe":"critica","prioridade":100},"geometry":{"type":"Polygon","coordinates":[[[-42.7623,-5.19433],[-42.76127,-5.19263],[-42.76223,-5.19089],[-42.76423,-5.19085],[-42.76526,-5.19255],[-42.7643,-5.19429],[-42.7623,-5.19433]]]}},{"type":"Feature","id":1825833144,"properties":{"h3":"898005cdba3ffff","bairro":"Vila Parque das Esplanadas","copa":10.2,"verde":50.8,"construido":48.7,"temp":50.2,"urbano":true,"classe":"pouca","prioridade":78},"geometry":{"type":"Polygon","coordinates":[[[-42.75631,-5.19445],[-42.75528,-5.19275],[-42.75624,-5.19101],[-42.75824,-5.19097],[-42.75927,-5.19267],[-42.75831,-5.19441],[-42.75631,-5.19445]]]}},{"type":"Feature","id":1816658104,"properties":{"h3":"898005cdb17ffff","bairro":"Vila da Glória","copa":51.1,"verde":73.8,"construido":26.2,"temp":47.2,"urbano":true,"classe":"arborizada","prioridade":15},"geometry":{"type":"Polygon","coordinates":[[[-42.75032,-5.19458],[-42.74929,-5.19287],[-42.75025,-5.19113],[-42.75225,-5.19109],[-42.75328,-5.19279],[-42.75232,-5.19453],[-42.75032,-5.19458]]]}},{"type":"Feature","id":1816920248,"properties":{"h3":"898005cdb1bffff","bairro":"Portal da Alegria","copa":3.6,"verde":21.2,"construido":36.6,"temp":51.3,"urbano":true,"classe":"critica","prioridade":68},"geometry":{"type":"Polygon","coordinates":[[[-42.74433,-5.1947],[-42.7433,-5.193],[-42.74426,-5.19125],[-42.74626,-5.19121],[-42.74729,-5.19291],[-42.74633,-5.19466],[-42.74433,-5.1947]]]}},{"type":"Feature","id":1820590264,"properties":{"h3":"898005cdb53ffff","bairro":"Portal da Alegria","copa":0.0,"verde":4.0,"construido":75.5,"temp":48.9,"urbano":true,"classe":"critica","prioridade":99},"geometry":{"type":"Polygon","coordinates":[[[-42.73834,-5.19482],[-42.73731,-5.19312],[-42.73827,-5.19137],[-42.74027,-5.19133],[-42.7413,-5.19304],[-42.74034,-5.19478],[-42.73834,-5.19482]]]}},{"type":"Feature","id":1805123768,"properties":{"h3":"898005cda67ffff","bairro":"Vila Babilônia","copa":35.7,"verde":86.2,"construido":12.4,"temp":50.6,"urbano":false,"classe":"arborizada","prioridade":0},"geometry":{"type":"Polygon","coordinates":[[[-42.72637,-5.19506],[-42.72533,-5.19336],[-42.7263,-5.19162],[-42.72829,-5.19158],[-42.72933,-5.19328],[-42.72836,-5.19502],[-42.72637,-5.19506]]]}},{"type":"Feature","id":1978400937,"properties":{"h3":"898005564bbffff","bairro":"Res. Manoel Damásio","copa":29.2,"verde":69.6,"construido":28.4,"temp":45.0,"urbano":true,"classe":"arborizada","prioridade":10},"geometry":{"type":"Polygon","coordinates":[[[-42.79528,-5.19538],[-42.79424,-5.19368],[-42.79521,-5.19194],[-42.7972,-5.1919],[-42.79824,-5.1936],[-42.79727,-5.19534],[-42.79528,-5.19538]]]}},{"type":"Feature","id":1967390889,"properties":{"h3":"89800556413ffff","bairro":"Parque Eliane","copa":28.9,"verde":33.8,"construido":66.2,"temp":45.7,"urbano":true,"classe":"arborizada","prioridade":23},"geometry":{"type":"Polygon","coordinates":[[[-42.78929,-5.19551],[-42.78825,-5.1938],[-42.78922,-5.19206],[-42.79121,-5.19202],[-42.79225,-5.19372],[-42.79128,-5.19546],[-42.78929,-5.19551]]]}},{"type":"Feature","id":1979711657,"properties":{"h3":"898005564cfffff","bairro":"Parque Eliane","copa":27.4,"verde":54.8,"construido":42.3,"temp":47.0,"urbano":true,"classe":"arborizada","prioridade":28},"geometry":{"type":"Polygon","coordinates":[[[-42.7833,-5.19563],[-42.78226,-5.19393],[-42.78323,-5.19218],[-42.78522,-5.19214],[-42.78626,-5.19384],[-42.78529,-5.19559],[-42.7833,-5.19563]]]}},{"type":"Feature","id":1784152248,"properties":{"h3":"898005cd927ffff","bairro":"Vila Irmã Dulce","copa":10.9,"verde":18.9,"construido":80.1,"temp":48.1,"urbano":true,"classe":"pouca","prioridade":72},"geometry":{"type":"Polygon","coordinates":[[[-42.77731,-5.19575],[-42.77628,-5.19405],[-42.77724,-5.19231],[-42.77923,-5.19226],[-42.78027,-5.19397],[-42.7793,-5.19571],[-42.77731,-5.19575]]]}},{"type":"Feature","id":1784414392,"properties":{"h3":"898005cd92bffff","bairro":"Vila Morro dos Cegos","copa":22.3,"verde":24.8,"construido":75.2,"temp":46.9,"urbano":true,"classe":"moderada","prioridade":43},"geometry":{"type":"Polygon","coordinates":[[[-42.77132,-5.19587],[-42.77029,-5.19417],[-42.77125,-5.19243],[-42.77325,-5.19239],[-42.77428,-5.19409],[-42.77332,-5.19583],[-42.77132,-5.19587]]]}},{"type":"Feature","id":1788084408,"properties":{"h3":"898005cd963ffff","bairro":"Res. Esplanada","copa":6.1,"verde":6.1,"construido":93.9,"temp":47.4,"urbano":true,"classe":"pouca","prioridade":78},"geometry":{"type":"Polygon","coordinates":[[[-42.76533,-5.19599],[-42.7643,-5.19429],[-42.76526,-5.19255],[-42.76726,-5.19251],[-42.76829,-5.19421],[-42.76733,-5.19595],[-42.76533,-5.19599]]]}},{"type":"Feature","id":1827143864,"properties":{"h3":"898005cdbb7ffff","bairro":"Vila Parque das Esplanadas","copa":2.4,"verde":25.3,"construido":67.2,"temp":50.1,"urbano":true,"classe":"critica","prioridade":95},"geometry":{"type":"Polygon","coordinates":[[[-42.75934,-5.19611],[-42.75831,-5.19441],[-42.75927,-5.19267],[-42.76127,-5.19263],[-42.7623,-5.19433],[-42.76134,-5.19607],[-42.75934,-5.19611]]]}},{"type":"Feature","id":1827406008,"properties":{"h3":"898005cdbbbffff","bairro":"Vila Israel","copa":42.7,"verde":63.8,"construido":35.9,"temp":46.4,"urbano":true,"classe":"arborizada","prioridade":18},"geometry":{"type":"Polygon","coordinates":[[[-42.75335,-5.19624],[-42.75232,-5.19453],[-42.75328,-5.19279],[-42.75528,-5.19275],[-42.75631,-5.19445],[-42.75535,-5.1962],[-42.75335,-5.19624]]]}},{"type":"Feature","id":1816395960,"properties":{"h3":"898005cdb13ffff","bairro":"Vila da Glória","copa":6.3,"verde":18.5,"construido":78.2,"temp":49.1,"urbano":true,"classe":"pouca","prioridade":87},"geometry":{"type":"Polygon","coordinates":[[[-42.74736,-5.19636],[-42.74633,-5.19466],[-42.74729,-5.19291],[-42.74929,-5.19287],[-42.75032,-5.19458],[-42.74936,-5.19632],[-42.74736,-5.19636]]]}},{"type":"Feature","id":1828716728,"properties":{"h3":"898005cdbcfffff","bairro":"Portal da Alegria","copa":3.5,"verde":15.5,"construido":77.6,"temp":49.3,"urbano":true,"classe":"critica","prioridade":93},"geometry":{"type":"Polygon","coordinates":[[[-42.74137,-5.19648],[-42.74034,-5.19478],[-42.7413,-5.19304],[-42.7433,-5.193],[-42.74433,-5.1947],[-42.74337,-5.19644],[-42.74137,-5.19648]]]}},{"type":"Feature","id":1800929464,"properties":{"h3":"898005cda27ffff","bairro":"Res. Judite Nunes","copa":1.9,"verde":28.1,"construido":46.4,"temp":48.6,"urbano":true,"classe":"critica","prioridade":87},"geometry":{"type":"Polygon","coordinates":[[[-42.73538,-5.1966],[-42.73435,-5.1949],[-42.73531,-5.19316],[-42.73731,-5.19312],[-42.73834,-5.19482],[-42.73738,-5.19656],[-42.73538,-5.1966]]]}},{"type":"Feature","id":1975517353,"properties":{"h3":"8980055648fffff","bairro":"Parque Eliane","copa":39.6,"verde":88.9,"construido":11.1,"temp":46.3,"urbano":false,"classe":"arborizada","prioridade":0},"geometry":{"type":"Polygon","coordinates":[[[-42.79232,-5.19717],[-42.79128,-5.19546],[-42.79225,-5.19372],[-42.79424,-5.19368],[-42.79528,-5.19538],[-42.79431,-5.19713],[-42.79232,-5.19717]]]}},{"type":"Feature","id":1979187369,"properties":{"h3":"898005564c7ffff","bairro":"Parque Eliane","copa":46.7,"verde":87.7,"construido":12.3,"temp":44.3,"urbano":false,"classe":"arborizada","prioridade":0},"geometry":{"type":"Polygon","coordinates":[[[-42.78633,-5.19729],[-42.78529,-5.19559],[-42.78626,-5.19384],[-42.78825,-5.1938],[-42.78929,-5.19551],[-42.78832,-5.19725],[-42.78633,-5.19729]]]}},{"type":"Feature","id":1979449513,"properties":{"h3":"898005564cbffff","bairro":"Vila Irmã Dulce","copa":36.4,"verde":84.0,"construido":13.9,"temp":49.3,"urbano":false,"classe":"arborizada","prioridade":0},"geometry":{"type":"Polygon","coordinates":[[[-42.78034,-5.19741],[-42.7793,-5.19571],[-42.78027,-5.19397],[-42.78226,-5.19393],[-42.7833,-5.19563],[-42.78233,-5.19737],[-42.78034,-5.19741]]]}},{"type":"Feature","id":1783890104,"properties":{"h3":"898005cd923ffff","bairro":"Vila Irmã Dulce","copa":12.9,"verde":57.4,"construido":34.3,"temp":47.0,"urbano":true,"classe":"moderada","prioridade":43},"geometry":{"type":"Polygon","coordinates":[[[-42.77435,-5.19753],[-42.77332,-5.19583],[-42.77428,-5.19409],[-42.77628,-5.19405],[-42.77731,-5.19575],[-42.77635,-5.19749],[-42.77435,-5.19753]]]}},{"type":"Feature","id":1789395128,"properties":{"h3":"898005cd977ffff","bairro":"Vila Morro dos Cegos","copa":42.5,"verde":42.8,"construido":57.2,"temp":47.3,"urbano":true,"classe":"arborizada","prioridade":30},"geometry":{"type":"Polygon","coordinates":[[[-42.76836,-5.19765],[-42.76733,-5.19595],[-42.76829,-5.19421],[-42.77029,-5.19417],[-42.77132,-5.19587],[-42.77036,-5.19761],[-42.76836,-5.19765]]]}},{"type":"Feature","id":1789657272,"properties":{"h3":"898005cd97bffff","bairro":"Vila Palitolândia","copa":5.3,"verde":11.5,"construido":87.7,"temp":49.1,"urbano":true,"classe":"pouca","prioridade":89},"geometry":{"type":"Polygon","coordinates":[[[-42.76237,-5.19778],[-42.76134,-5.19607],[-42.7623,-5.19433],[-42.7643,-5.19429],[-42.76533,-5.19599],[-42.76437,-5.19773],[-42.76237,-5.19778]]]}},{"type":"Feature","id":966000809,"properties":{"h3":"89800552863ffff","bairro":"Jardim Américo","copa":19.8,"verde":92.0,"construido":7.1,"temp":43.9,"urbano":false,"classe":"moderada","prioridade":0},"geometry":{"type":"Polygon","coordinates":[[[-42.68148,-5.19769],[-42.68045,-5.19599],[-42.68141,-5.19425],[-42.68341,-5.19421],[-42.68444,-5.19591],[-42.68348,-5.19765],[-42.68148,-5.19769]]]}},{"type":"Feature","id":1826881720,"properties":{"h3":"898005cdbb3ffff","bairro":"Vila Parque das Esplanadas","copa":9.2,"verde":64.4,"construido":30.7,"temp":54.4,"urbano":true,"classe":"pouca","prioridade":50},"geometry":{"type":"Polygon","coordinates":[[[-42.75638,-5.1979],[-42.75535,-5.1962],[-42.75631,-5.19445],[-42.75831,-5.19441],[-42.75934,-5.19611],[-42.75838,-5.19786],[-42.75638,-5.1979]]]}},{"type":"Feature","id":1824522424,"properties":{"h3":"898005cdb8fffff","bairro":"Vila Israel","copa":32.2,"verde":91.8,"construido":6.0,"temp":49.5,"urbano":false,"classe":"arborizada","prioridade":0},"geometry":{"type":"Polygon","coordinates":[[[-42.75039,-5.19802],[-42.74936,-5.19632],[-42.75032,-5.19458],[-42.75232,-5.19453],[-42.75335,-5.19624],[-42.75239,-5.19798],[-42.75039,-5.19802]]]}},{"type":"Feature","id":1828192440,"properties":{"h3":"898005cdbc7ffff","bairro":"Lot. Pólo Sul","copa":9.3,"verde":27.9,"construido":68.1,"temp":49.4,"urbano":true,"classe":"pouca","prioridade":81},"geometry":{"type":"Polygon","coordinates":[[[-42.7444,-5.19814],[-42.74337,-5.19644],[-42.74433,-5.1947],[-42.74633,-5.19466],[-42.74736,-5.19636],[-42.7464,-5.1981],[-42.7444,-5.19814]]]}},{"type":"Feature","id":1828454584,"properties":{"h3":"898005cdbcbffff","bairro":"Res. Prof. Wall Ferraz","copa":1.9,"verde":16.8,"construido":72.8,"temp":49.9,"urbano":true,"classe":"critica","prioridade":96},"geometry":{"type":"Polygon","coordinates":[[[-42.73841,-5.19826],[-42.73738,-5.19656],[-42.73834,-5.19482],[-42.74034,-5.19478],[-42.74137,-5.19648],[-42.74041,-5.19822],[-42.73841,-5.19826]]]}},{"type":"Feature","id":1974993065,"properties":{"h3":"89800556487ffff","bairro":"Res. Manoel Damásio","copa":11.8,"verde":82.6,"construido":12.6,"temp":48.2,"urbano":false,"classe":"pouca","prioridade":0},"geometry":{"type":"Polygon","coordinates":[[[-42.79535,-5.19883],[-42.79431,-5.19713],[-42.79528,-5.19538],[-42.79727,-5.19534],[-42.79831,-5.19704],[-42.79734,-5.19879],[-42.79535,-5.19883]]]}},{"type":"Feature","id":1789132984,"properties":{"h3":"898005cd973ffff","bairro":"Vila Morro dos Cegos","copa":29.3,"verde":34.0,"construido":65.4,"temp":45.1,"urbano":true,"classe":"arborizada","prioridade":19},"geometry":{"type":"Polygon","coordinates":[[[-42.7654,-5.19944],[-42.76437,-5.19773],[-42.76533,-5.19599],[-42.76733,-5.19595],[-42.76836,-5.19765],[-42.7674,-5.1994],[-42.7654,-5.19944]]]}},{"type":"Feature","id":1786773688,"properties":{"h3":"898005cd94fffff","bairro":"Vila Palitolândia","copa":1.4,"verde":4.3,"construido":94.3,"temp":47.7,"urbano":true,"classe":"critica","prioridade":89},"geometry":{"type":"Polygon","coordinates":[[[-42.75941,-5.19956],[-42.75838,-5.19786],[-42.75934,-5.19611],[-42.76134,-5.19607],[-42.76237,-5.19778],[-42.76141,-5.19952],[-42.75941,-5.19956]]]}},{"type":"Feature","id":1823998136,"properties":{"h3":"898005cdb87ffff","bairro":"Vila Israel","copa":46.9,"verde":96.5,"construido":3.5,"temp":48.9,"urbano":false,"classe":"arborizada","prioridade":0},"geometry":{"type":"Polygon","coordinates":[[[-42.75342,-5.19968],[-42.75239,-5.19798],[-42.75335,-5.19624],[-42.75535,-5.1962],[-42.75638,-5.1979],[-42.75542,-5.19964],[-42.75342,-5.19968]]]}},{"type":"Feature","id":1824260280,"properties":{"h3":"898005cdb8bffff","bairro":"Lot. Pólo Sul","copa":16.5,"verde":44.3,"construido":55.5,"temp":49.4,"urbano":true,"classe":"moderada","prioridade":67},"geometry":{"type":"Polygon","coordinates":[[[-42.74743,-5.1998],[-42.7464,-5.1981],[-42.74736,-5.19636],[-42.74936,-5.19632],[-42.75039,-5.19802],[-42.74943,-5.19976],[-42.74743,-5.1998]]]}},{"type":"Feature","id":1827930296,"properties":{"h3":"898005cdbc3ffff","bairro":"Res. Prof. Wall Ferraz","copa":5.9,"verde":44.4,"construido":39.4,"temp":50.6,"urbano":true,"classe":"pouca","prioridade":70},"geometry":{"type":"Polygon","coordinates":[[[-42.74144,-5.19992],[-42.74041,-5.19822],[-42.74137,-5.19648],[-42.74337,-5.19644],[-42.7444,-5.19814],[-42.74344,-5.19988],[-42.74144,-5.19992]]]}},{"type":"Feature","id":1801978040,"properties":{"h3":"898005cda37ffff","bairro":"Res. Judite Nunes","copa":11.8,"verde":21.4,"construido":76.4,"temp":49.6,"urbano":true,"classe":"pouca","prioridade":76},"geometry":{"type":"Polygon","coordinates":[[[-42.73545,-5.20004],[-42.73442,-5.19834],[-42.73538,-5.1966],[-42.73738,-5.19656],[-42.73841,-5.19826],[-42.73745,-5.2],[-42.73545,-5.20004]]]}},{"type":"Feature","id":1782579384,"properties":{"h3":"898005cd90fffff","bairro":"Vila Morro dos Cegos","copa":64.7,"verde":81.0,"construido":19.0,"temp":47.9,"urbano":false,"classe":"arborizada","prioridade":0},"geometry":{"type":"Polygon","coordinates":[[[-42.76843,-5.2011],[-42.7674,-5.1994],[-42.76836,-5.19765],[-42.77036,-5.19761],[-42.77139,-5.19931],[-42.77043,-5.20106],[-42.76843,-5.2011]]]}},{"type":"Feature","id":967049385,"properties":{"h3":"89800552873ffff","bairro":"Jardim Américo","copa":90.4,"verde":94.7,"construido":5.3,"temp":41.5,"urbano":false,"classe":"arborizada","prioridade":0},"geometry":{"type":"Polygon","coordinates":[[[-42.68155,-5.20114],[-42.68052,-5.19943],[-42.68148,-5.19769],[-42.68348,-5.19765],[-42.68451,-5.19935],[-42.68355,-5.2011],[-42.68155,-5.20114]]]}},{"type":"Feature","id":1786249400,"properties":{"h3":"898005cd947ffff","bairro":"Vila Joana Isabel","copa":3.3,"verde":35.1,"construido":37.6,"temp":48.9,"urbano":true,"classe":"critica","prioridade":69},"geometry":{"type":"Polygon","coordinates":[[[-42.76244,-5.20122],[-42.76141,-5.19952],[-42.76237,-5.19778],[-42.76437,-5.19773],[-42.7654,-5.19944],[-42.76444,-5.20118],[-42.76244,-5.20122]]]}},{"type":"Feature","id":1786511544,"properties":{"h3":"898005cd94bffff","bairro":"Vila Joana Isabel","copa":15.2,"verde":69.4,"construido":24.1,"temp":50.6,"urbano":false,"classe":"moderada","prioridade":0},"geometry":{"type":"Polygon","coordinates":[[[-42.75645,-5.20134],[-42.75542,-5.19964],[-42.75638,-5.1979],[-42.75838,-5.19786],[-42.75941,-5.19956],[-42.75845,-5.2013],[-42.75645,-5.20134]]]}},{"type":"Feature","id":1829241016,"properties":{"h3":"898005cdbd7ffff","bairro":"Lot. Pólo Sul","copa":31.6,"verde":43.1,"construido":56.1,"temp":null,"urbano":true,"classe":"arborizada","prioridade":20},"geometry":{"type":"Polygon","coordinates":[[[-42.74447,-5.20158],[-42.74344,-5.19988],[-42.7444,-5.19814],[-42.7464,-5.1981],[-42.74743,-5.1998],[-42.74647,-5.20154],[-42.74447,-5.20158]]]}},{"type":"Feature","id":1829503160,"properties":{"h3":"898005cdbdbffff","bairro":"Res. Prof. Wall Ferraz","copa":0.6,"verde":23.1,"construido":71.3,"temp":48.7,"urbano":true,"classe":"critica","prioridade":97},"geometry":{"type":"Polygon","coordinates":[[[-42.73848,-5.20171],[-42.73745,-5.2],[-42.73841,-5.19826],[-42.74041,-5.19822],[-42.74144,-5.19992],[-42.74048,-5.20167],[-42.73848,-5.20171]]]}},{"type":"Feature","id":1785987256,"properties":{"h3":"898005cd943ffff","bairro":"Vila Joana Isabel","copa":0.0,"verde":36.6,"construido":28.7,"temp":50.2,"urbano":true,"classe":"critica","prioridade":57},"geometry":{"type":"Polygon","coordinates":[[[-42.75948,-5.203],[-42.75845,-5.2013],[-42.75941,-5.19956],[-42.76141,-5.19952],[-42.76244,-5.20122],[-42.76148,-5.20296],[-42.75948,-5.203]]]}},{"type":"Feature","id":1825046712,"properties":{"h3":"898005cdb97ffff","bairro":"Vila Israel","copa":58.4,"verde":93.6,"construido":6.4,"temp":45.6,"urbano":false,"classe":"arborizada","prioridade":0},"geometry":{"type":"Polygon","coordinates":[[[-42.75349,-5.20312],[-42.75246,-5.20142],[-42.75342,-5.19968],[-42.75542,-5.19964],[-42.75645,-5.20134],[-42.75549,-5.20308],[-42.75349,-5.20312]]]}},{"type":"Feature","id":1825308856,"properties":{"h3":"898005cdb9bffff","bairro":"Lot. Pólo Sul","copa":23.5,"verde":58.0,"construido":37.2,"temp":null,"urbano":true,"classe":"moderada","prioridade":24},"geometry":{"type":"Polygon","coordinates":[[[-42.7475,-5.20325],[-42.74647,-5.20154],[-42.74743,-5.1998],[-42.74943,-5.19976],[-42.75046,-5.20146],[-42.7495,-5.2032],[-42.7475,-5.20325]]]}},{"type":"Feature","id":1828978872,"properties":{"h3":"898005cdbd3ffff","bairro":"Res. Prof. Wall Ferraz","copa":10.7,"verde":39.6,"construido":53.3,"temp":49.5,"urbano":true,"classe":"pouca","prioridade":79},"geometry":{"type":"Polygon","coordinates":[[[-42.74151,-5.20337],[-42.74048,-5.20167],[-42.74144,-5.19992],[-42.74344,-5.19988],[-42.74447,-5.20158],[-42.74351,-5.20333],[-42.74151,-5.20337]]]}},{"type":"Feature","id":1809842360,"properties":{"h3":"898005cdaafffff","bairro":"Pedra Miúda","copa":21.6,"verde":71.7,"construido":26.1,"temp":47.3,"urbano":true,"classe":"moderada","prioridade":24},"geometry":{"type":"Polygon","coordinates":[[[-42.73552,-5.20349],[-42.73449,-5.20179],[-42.73545,-5.20004],[-42.73745,-5.2],[-42.73848,-5.20171],[-42.73752,-5.20345],[-42.73552,-5.20349]]]}},{"type":"Feature","id":960233641,"properties":{"h3":"8980055280bffff","bairro":"Jardim Américo","copa":61.6,"verde":94.7,"construido":5.3,"temp":44.5,"urbano":false,"classe":"arborizada","prioridade":0},"geometry":{"type":"Polygon","coordinates":[[[-42.68162,-5.20458],[-42.68059,-5.20288],[-42.68155,-5.20114],[-42.68355,-5.2011],[-42.68458,-5.2028],[-42.68362,-5.20454],[-42.68162,-5.20458]]]}},{"type":"Feature","id":1787560120,"properties":{"h3":"898005cd95bffff","bairro":"Teresina Sul","copa":13.3,"verde":64.7,"construido":29.4,"temp":50.2,"urbano":true,"classe":"moderada","prioridade":43},"geometry":{"type":"Polygon","coordinates":[[[-42.75652,-5.20478],[-42.75549,-5.20308],[-42.75645,-5.20134],[-42.75845,-5.2013],[-42.75948,-5.203],[-42.75852,-5.20474],[-42.75652,-5.20478]]]}},{"type":"Feature","id":1772093624,"properties":{"h3":"898005cd86fffff","bairro":"Pólo Empresarial Sul","copa":30.3,"verde":36.4,"construido":54.5,"temp":null,"urbano":true,"classe":"arborizada","prioridade":20},"geometry":{"type":"Polygon","coordinates":[[[-42.74454,-5.20503],[-42.74351,-5.20333],[-42.74447,-5.20158],[-42.74647,-5.20154],[-42.7475,-5.20325],[-42.74654,-5.20499],[-42.74454,-5.20503]]]}},{"type":"Feature","id":1809318072,"properties":{"h3":"898005cdaa7ffff","bairro":"Pedra Miúda","copa":49.3,"verde":88.0,"construido":11.5,"temp":44.5,"urbano":false,"classe":"arborizada","prioridade":0},"geometry":{"type":"Polygon","coordinates":[[[-42.73855,-5.20515],[-42.73752,-5.20345],[-42.73848,-5.20171],[-42.74048,-5.20167],[-42.74151,-5.20337],[-42.74055,-5.20511],[-42.73855,-5.20515]]]}},{"type":"Feature","id":1809580216,"properties":{"h3":"898005cdaabffff","bairro":"Lot. Odete Nunes","copa":0.0,"verde":76.9,"construido":4.5,"temp":53.0,"urbano":false,"classe":"critica","prioridade":0},"geometry":{"type":"Polygon","coordinates":[[[-42.73256,-5.20527],[-42.73153,-5.20357],[-42.73249,-5.20183],[-42.73449,-5.20179],[-42.73552,-5.20349],[-42.73456,-5.20523],[-42.73256,-5.20527]]]}},{"type":"Feature","id":1787035832,"properties":{"h3":"898005cd953ffff","bairro":"Angélica","copa":2.9,"verde":8.5,"construido":91.5,"temp":48.2,"urbano":true,"classe":"critica","prioridade":89},"geometry":{"type":"Polygon","coordinates":[[[-42.75955,-5.20645],[-42.75852,-5.20474],[-42.75948,-5.203],[-42.76148,-5.20296],[-42.76251,-5.20466],[-42.76155,-5.2064],[-42.75955,-5.20645]]]}},{"type":"Feature","id":1767899320,"properties":{"h3":"898005cd82fffff","bairro":"Teresina Sul","copa":17.2,"verde":52.4,"construido":7.5,"temp":42.3,"urbano":false,"classe":"moderada","prioridade":0},"geometry":{"type":"Polygon","coordinates":[[[-42.75356,-5.20657],[-42.75253,-5.20487],[-42.75349,-5.20312],[-42.75549,-5.20308],[-42.75652,-5.20478],[-42.75556,-5.20653],[-42.75356,-5.20657]]]}},{"type":"Feature","id":1771569336,"properties":{"h3":"898005cd867ffff","bairro":"Pólo Empresarial Sul","copa":20.5,"verde":32.1,"construido":40.0,"temp":48.2,"urbano":true,"classe":"moderada","prioridade":43},"geometry":{"type":"Polygon","coordinates":[[[-42.74757,-5.20669],[-42.74654,-5.20499],[-42.7475,-5.20325],[-42.7495,-5.2032],[-42.75053,-5.20491],[-42.74957,-5.20665],[-42.74757,-5.20669]]]}},{"type":"Feature","id":1771831480,"properties":{"h3":"898005cd86bffff","bairro":"Pedra Miúda","copa":13.8,"verde":23.7,"construido":66.5,"temp":43.9,"urbano":true,"classe":"moderada","prioridade":43},"geometry":{"type":"Polygon","coordinates":[[[-42.74158,-5.20681],[-42.74055,-5.20511],[-42.74151,-5.20337],[-42.74351,-5.20333],[-42.74454,-5.20503],[-42.74358,-5.20677],[-42.74158,-5.20681]]]}},{"type":"Feature","id":1809055928,"properties":{"h3":"898005cdaa3ffff","bairro":"Pedra Miúda","copa":8.0,"verde":96.8,"construido":3.2,"temp":45.3,"urbano":false,"classe":"pouca","prioridade":0},"geometry":{"type":"Polygon","coordinates":[[[-42.73559,-5.20693],[-42.73456,-5.20523],[-42.73552,-5.20349],[-42.73752,-5.20345],[-42.73855,-5.20515],[-42.73759,-5.20689],[-42.73559,-5.20693]]]}},{"type":"Feature","id":1799880888,"properties":{"h3":"898005cda17ffff","bairro":"Lot. Odete Nunes","copa":16.1,"verde":93.2,"construido":6.8,"temp":48.5,"urbano":false,"classe":"moderada","prioridade":0},"geometry":{"type":"Polygon","coordinates":[[[-42.7296,-5.20705],[-42.72857,-5.20535],[-42.72953,-5.20361],[-42.73153,-5.20357],[-42.73256,-5.20527],[-42.7316,-5.20701],[-42.7296,-5.20705]]]}},{"type":"Feature","id":1532756152,"properties":{"h3":"898005cca2bffff","bairro":"Parque Eliane","copa":44.1,"verde":95.4,"construido":3.8,"temp":45.8,"urbano":false,"classe":"arborizada","prioridade":0},"geometry":{"type":"Polygon","coordinates":[[[-42.79253,-5.2075],[-42.79149,-5.2058],[-42.79246,-5.20405],[-42.79445,-5.20401],[-42.79549,-5.20571],[-42.79452,-5.20746],[-42.79253,-5.2075]]]}},{"type":"Feature","id":1793851576,"properties":{"h3":"898005cd9bbffff","bairro":"Bosque Sul","copa":2.8,"verde":21.5,"construido":8.0,"temp":null,"urbano":false,"classe":"critica","prioridade":0},"geometry":{"type":"Polygon","coordinates":[[[-42.77456,-5.20786],[-42.77353,-5.20616],[-42.77449,-5.20442],[-42.77649,-5.20438],[-42.77752,-5.20608],[-42.77656,-5.20782],[-42.77456,-5.20786]]]}},{"type":"Feature","id":1795162296,"properties":{"h3":"898005cd9cfffff","bairro":"Angélica","copa":29.3,"verde":68.1,"construido":18.6,"temp":48.5,"urbano":false,"classe":"arborizada","prioridade":0},"geometry":{"type":"Polygon","coordinates":[[[-42.76258,-5.20811],[-42.76155,-5.2064],[-42.76251,-5.20466],[-42.76451,-5.20462],[-42.76554,-5.20632],[-42.76458,-5.20807],[-42.76258,-5.20811]]]}},{"type":"Feature","id":961282217,"properties":{"h3":"8980055281bffff","bairro":"Jardim Américo","copa":77.5,"verde":92.6,"construido":7.4,"temp":44.7,"urbano":false,"classe":"arborizada","prioridade":0},"geometry":{"type":"Polygon","coordinates":[[[-42.68169,-5.20802],[-42.68066,-5.20632],[-42.68162,-5.20458],[-42.68362,-5.20454],[-42.68465,-5.20624],[-42.68369,-5.20798],[-42.68169,-5.20802]]]}},{"type":"Feature","id":1767375032,"properties":{"h3":"898005cd827ffff","bairro":"Teresina Sul","copa":0.8,"verde":33.0,"construido":52.4,"temp":49.0,"urbano":true,"classe":"critica","prioridade":98},"geometry":{"type":"Polygon","coordinates":[[[-42.75659,-5.20823],[-42.75556,-5.20653],[-42.75652,-5.20478],[-42.75852,-5.20474],[-42.75955,-5.20645],[-42.75859,-5.20819],[-42.75659,-5.20823]]]}},{"type":"Feature","id":1767637176,"properties":{"h3":"898005cd82bffff","bairro":"Pólo Empresarial Sul","copa":64.0,"verde":83.7,"construido":8.2,"temp":43.3,"urbano":false,"classe":"arborizada","prioridade":0},"geometry":{"type":"Polygon","coordinates":[[[-42.7506,-5.20835],[-42.74957,-5.20665],[-42.75053,-5.20491],[-42.75253,-5.20487],[-42.75356,-5.20657],[-42.7526,-5.20831],[-42.7506,-5.20835]]]}},{"type":"Feature","id":1771307192,"properties":{"h3":"898005cd863ffff","bairro":"Pólo Empresarial Sul","copa":3.2,"verde":33.5,"construido":56.9,"temp":48.4,"urbano":true,"classe":"critica","prioridade":90},"geometry":{"type":"Polygon","coordinates":[[[-42.74461,-5.20847],[-42.74358,-5.20677],[-42.74454,-5.20503],[-42.74654,-5.20499],[-42.74757,-5.20669],[-42.74661,-5.20843],[-42.74461,-5.20847]]]}},{"type":"Feature","id":1810366648,"properties":{"h3":"898005cdab7ffff","bairro":"Vila Royal Sul","copa":10.1,"verde":94.9,"construido":3.2,"temp":54.1,"urbano":false,"classe":"pouca","prioridade":0},"geometry":{"type":"Polygon","coordinates":[[[-42.73862,-5.20859],[-42.73759,-5.20689],[-42.73855,-5.20515],[-42.74055,-5.20511],[-42.74158,-5.20681],[-42.74062,-5.20855],[-42.73862,-5.20859]]]}},{"type":"Feature","id":1810628792,"properties":{"h3":"898005cdabbffff","bairro":"Lot. Odete Nunes","copa":25.1,"verde":85.2,"construido":3.3,"temp":50.5,"urbano":false,"classe":"arborizada","prioridade":0},"geometry":{"type":"Polygon","coordinates":[[[-42.73263,-5.20871],[-42.7316,-5.20701],[-42.73256,-5.20527],[-42.73456,-5.20523],[-42.73559,-5.20693],[-42.73463,-5.20867],[-42.73263,-5.20871]]]}},{"type":"Feature","id":1560019128,"properties":{"h3":"898005ccbcbffff","bairro":"Parque Eliane","copa":7.4,"verde":96.1,"construido":3.2,"temp":43.8,"urbano":false,"classe":"pouca","prioridade":0},"geometry":{"type":"Polygon","coordinates":[[[-42.80155,-5.20904],[-42.80051,-5.20733],[-42.80148,-5.20559],[-42.80347,-5.20555],[-42.80451,-5.20725],[-42.80354,-5.20899],[-42.80155,-5.20904]]]}},{"type":"Feature","id":1794638008,"properties":{"h3":"898005cd9c7ffff","bairro":"Bosque Sul","copa":41.1,"verde":67.2,"construido":29.6,"temp":48.0,"urbano":true,"classe":"arborizada","prioridade":20},"geometry":{"type":"Polygon","coordinates":[[[-42.76561,-5.20977],[-42.76458,-5.20807],[-42.76554,-5.20632],[-42.76754,-5.20628],[-42.76857,-5.20798],[-42.76761,-5.20973],[-42.76561,-5.20977]]]}},{"type":"Feature","id":1794900152,"properties":{"h3":"898005cd9cbffff","bairro":"Teresina Sul","copa":0.0,"verde":0.0,"construido":100.0,"temp":47.2,"urbano":true,"classe":"critica","prioridade":89},"geometry":{"type":"Polygon","coordinates":[[[-42.75962,-5.20989],[-42.75859,-5.20819],[-42.75955,-5.20645],[-42.76155,-5.2064],[-42.76258,-5.20811],[-42.76162,-5.20985],[-42.75962,-5.20989]]]}},{"type":"Feature","id":1767112888,"properties":{"h3":"898005cd823ffff","bairro":"Teresina Sul","copa":4.9,"verde":22.9,"construido":42.2,"temp":51.0,"urbano":true,"classe":"critica","prioridade":76},"geometry":{"type":"Polygon","coordinates":[[[-42.75363,-5.21001],[-42.7526,-5.20831],[-42.75356,-5.20657],[-42.75556,-5.20653],[-42.75659,-5.20823],[-42.75563,-5.20997],[-42.75363,-5.21001]]]}},{"type":"Feature","id":1772617912,"properties":{"h3":"898005cd877ffff","bairro":"Pólo Empresarial Sul","copa":52.4,"verde":70.5,"construido":16.2,"temp":51.1,"urbano":false,"classe":"arborizada","prioridade":0},"geometry":{"type":"Polygon","coordinates":[[[-42.74764,-5.21013],[-42.74661,-5.20843],[-42.74757,-5.20669],[-42.74957,-5.20665],[-42.7506,-5.20835],[-42.74964,-5.21009],[-42.74764,-5.21013]]]}},{"type":"Feature","id":1772880056,"properties":{"h3":"898005cd87bffff","bairro":"Pólo Empresarial Sul","copa":24.3,"verde":44.8,"construido":49.1,"temp":46.1,"urbano":true,"classe":"moderada","prioridade":34},"geometry":{"type":"Polygon","coordinates":[[[-42.74165,-5.21025],[-42.74062,-5.20855],[-42.74158,-5.20681],[-42.74358,-5.20677],[-42.74461,-5.20847],[-42.74365,-5.21021],[-42.74165,-5.21025]]]}},{"type":"Feature","id":1794375864,"properties":{"h3":"898005cd9c3ffff","bairro":"Bosque Sul","copa":0.5,"verde":8.2,"construido":91.3,"temp":48.5,"urbano":true,"classe":"critica","prioridade":95},"geometry":{"type":"Polygon","coordinates":[[[-42.76265,-5.21155],[-42.76162,-5.20985],[-42.76258,-5.20811],[-42.76458,-5.20807],[-42.76561,-5.20977],[-42.76465,-5.21151],[-42.76265,-5.21155]]]}},{"type":"Feature","id":1768423608,"properties":{"h3":"898005cd837ffff","bairro":"Teresina Sul","copa":26.8,"verde":39.7,"construido":52.7,"temp":49.1,"urbano":true,"classe":"arborizada","prioridade":46},"geometry":{"type":"Polygon","coordinates":[[[-42.75666,-5.21167],[-42.75563,-5.20997],[-42.75659,-5.20823],[-42.75859,-5.20819],[-42.75962,-5.20989],[-42.75866,-5.21163],[-42.75666,-5.21167]]]}},{"type":"Feature","id":1772355768,"properties":{"h3":"898005cd873ffff","bairro":"Pólo Empresarial Sul","copa":50.1,"verde":86.1,"construido":12.3,"temp":49.2,"urbano":false,"classe":"arborizada","prioridade":0},"geometry":{"type":"Polygon","coordinates":[[[-42.74468,-5.21191],[-42.74365,-5.21021],[-42.74461,-5.20847],[-42.74661,-5.20843],[-42.74764,-5.21013],[-42.74668,-5.21187],[-42.74468,-5.21191]]]}},{"type":"Feature","id":1795686584,"properties":{"h3":"898005cd9d7ffff","bairro":"Bosque Sul","copa":53.0,"verde":74.7,"construido":19.2,"temp":47.6,"urbano":false,"classe":"arborizada","prioridade":0},"geometry":{"type":"Polygon","coordinates":[[[-42.76568,-5.21321],[-42.76465,-5.21151],[-42.76561,-5.20977],[-42.76761,-5.20973],[-42.76864,-5.21143],[-42.76768,-5.21317],[-42.76568,-5.21321]]]}},{"type":"Feature","id":1795948728,"properties":{"h3":"898005cd9dbffff","bairro":"Teresina Sul","copa":46.4,"verde":73.9,"construido":14.6,"temp":52.8,"urbano":false,"classe":"arborizada","prioridade":0},"geometry":{"type":"Polygon","coordinates":[[[-42.75969,-5.21333],[-42.75866,-5.21163],[-42.75962,-5.20989],[-42.76162,-5.20985],[-42.76265,-5.21155],[-42.76169,-5.21329],[-42.75969,-5.21333]]]}},{"type":"Feature","id":1768161464,"properties":{"h3":"898005cd833ffff","bairro":"Teresina Sul","copa":60.4,"verde":83.5,"construido":16.5,"temp":51.1,"urbano":false,"classe":"arborizada","prioridade":0},"geometry":{"type":"Polygon","coordinates":[[[-42.7537,-5.21345],[-42.75267,-5.21175],[-42.75363,-5.21001],[-42.75563,-5.20997],[-42.75666,-5.21167],[-42.7557,-5.21341],[-42.7537,-5.21345]]]}},{"type":"Feature","id":1765802168,"properties":{"h3":"898005cd80fffff","bairro":"Pólo Empresarial Sul","copa":73.3,"verde":88.5,"construido":6.9,"temp":48.2,"urbano":false,"classe":"arborizada","prioridade":0},"geometry":{"type":"Polygon","coordinates":[[[-42.74771,-5.21358],[-42.74668,-5.21187],[-42.74764,-5.21013],[-42.74964,-5.21009],[-42.75067,-5.21179],[-42.74971,-5.21354],[-42.74771,-5.21358]]]}},{"type":"Feature","id":1765277880,"properties":{"h3":"898005cd807ffff","bairro":"Pólo Empresarial Sul","copa":49.7,"verde":80.4,"construido":13.4,"temp":51.1,"urbano":false,"classe":"arborizada","prioridade":0},"geometry":{"type":"Polygon","coordinates":[[[-42.75074,-5.21524],[-42.74971,-5.21354],[-42.75067,-5.21179],[-42.75267,-5.21175],[-42.7537,-5.21345],[-42.75274,-5.2152],[-42.75074,-5.21524]]]}},{"type":"Feature","id":1765540024,"properties":{"h3":"898005cd80bffff","bairro":"Orgulho do Piauí","copa":59.0,"verde":76.6,"construido":12.7,"temp":48.0,"urbano":false,"classe":"arborizada","prioridade":0},"geometry":{"type":"Polygon","coordinates":[[[-42.74475,-5.21536],[-42.74372,-5.21366],[-42.74468,-5.21191],[-42.74668,-5.21187],[-42.74771,-5.21358],[-42.74675,-5.21532],[-42.74475,-5.21536]]]}},{"type":"Feature","id":1043857577,"properties":{"h3":"89800552d07ffff","bairro":"Lot. Odete Nunes","copa":11.9,"verde":91.0,"construido":4.5,"temp":48.4,"urbano":false,"classe":"pouca","prioridade":0},"geometry":{"type":"Polygon","coordinates":[[[-42.70882,-5.21609],[-42.70778,-5.21439],[-42.70875,-5.21264],[-42.71074,-5.2126],[-42.71178,-5.2143],[-42.71081,-5.21605],[-42.70882,-5.21609]]]}},{"type":"Feature","id":1776025784,"properties":{"h3":"898005cd8abffff","bairro":"Teresina Sul","copa":67.7,"verde":83.6,"construido":16.4,"temp":44.3,"urbano":false,"classe":"arborizada","prioridade":0},"geometry":{"type":"Polygon","coordinates":[[[-42.75377,-5.2169],[-42.75274,-5.2152],[-42.7537,-5.21345],[-42.7557,-5.21341],[-42.75673,-5.21512],[-42.75577,-5.21686],[-42.75377,-5.2169]]]}},{"type":"Feature","id":1765015736,"properties":{"h3":"898005cd803ffff","bairro":"Orgulho do Piauí","copa":88.5,"verde":94.8,"construido":4.6,"temp":42.8,"urbano":false,"classe":"arborizada","prioridade":0},"geometry":{"type":"Polygon","coordinates":[[[-42.74778,-5.21702],[-42.74675,-5.21532],[-42.74771,-5.21358],[-42.74971,-5.21354],[-42.75074,-5.21524],[-42.74978,-5.21698],[-42.74778,-5.21702]]]}},{"type":"Feature","id":969146537,"properties":{"h3":"89800552893ffff","bairro":"Lot. Odete Nunes","copa":17.8,"verde":91.6,"construido":3.2,"temp":48.9,"urbano":false,"classe":"moderada","prioridade":0},"geometry":{"type":"Polygon","coordinates":[[[-42.68789,-5.21823],[-42.68686,-5.21653],[-42.68782,-5.21479],[-42.68982,-5.21475],[-42.69085,-5.21645],[-42.68988,-5.21819],[-42.68789,-5.21823]]]}},{"type":"Feature","id":1766326456,"properties":{"h3":"898005cd817ffff","bairro":"Orgulho do Piauí","copa":74.8,"verde":88.2,"construido":11.8,"temp":42.8,"urbano":false,"classe":"arborizada","prioridade":0},"geometry":{"type":"Polygon","coordinates":[[[-42.75081,-5.21868],[-42.74978,-5.21698],[-42.75074,-5.21524],[-42.75274,-5.2152],[-42.75377,-5.2169],[-42.75281,-5.21864],[-42.75081,-5.21868]]]}},{"type":"Feature","id":1770258616,"properties":{"h3":"898005cd853ffff","bairro":"Orgulho do Piauí","copa":16.0,"verde":52.1,"construido":37.8,"temp":49.8,"urbano":true,"classe":"moderada","prioridade":51},"geometry":{"type":"Polygon","coordinates":[[[-42.73883,-5.21892],[-42.7378,-5.21722],[-42.73876,-5.21548],[-42.74076,-5.21544],[-42.74179,-5.21714],[-42.74083,-5.21888],[-42.73883,-5.21892]]]}},{"type":"Feature","id":1766064312,"properties":{"h3":"898005cd813ffff","bairro":"Orgulho do Piauí","copa":75.7,"verde":95.2,"construido":4.5,"temp":42.7,"urbano":false,"classe":"arborizada","prioridade":0},"geometry":{"type":"Polygon","coordinates":[[[-42.74785,-5.22046],[-42.74682,-5.21876],[-42.74778,-5.21702],[-42.74978,-5.21698],[-42.75081,-5.21868],[-42.74985,-5.22042],[-42.74785,-5.22046]]]}},{"type":"Feature","id":1778385080,"properties":{"h3":"898005cd8cfffff","bairro":"Orgulho do Piauí","copa":15.7,"verde":51.1,"construido":42.3,"temp":47.4,"urbano":true,"classe":"moderada","prioridade":50},"geometry":{"type":"Polygon","coordinates":[[[-42.74186,-5.22058],[-42.74083,-5.21888],[-42.74179,-5.21714],[-42.74379,-5.2171],[-42.74482,-5.2188],[-42.74386,-5.22054],[-42.74186,-5.22058]]]}},{"type":"Feature","id":1868038328,"properties":{"h3":"898005cde27ffff","bairro":"Orgulho do Piauí","copa":13.8,"verde":67.5,"construido":23.6,"temp":48.0,"urbano":false,"classe":"moderada","prioridade":0},"geometry":{"type":"Polygon","coordinates":[[[-42.73587,-5.22071],[-42.73484,-5.219],[-42.7358,-5.21726],[-42.7378,-5.21722],[-42.73883,-5.21892],[-42.73787,-5.22067],[-42.73587,-5.22071]]]}},{"type":"Feature","id":1072169129,"properties":{"h3":"89800552eb7ffff","bairro":"Lot. Odete Nunes","copa":43.2,"verde":96.8,"construido":3.2,"temp":null,"urbano":false,"classe":"arborizada","prioridade":0},"geometry":{"type":"Polygon","coordinates":[[[-42.67598,-5.22192],[-42.67495,-5.22022],[-42.67591,-5.21848],[-42.67791,-5.21843],[-42.67894,-5.22014],[-42.67798,-5.22188],[-42.67598,-5.22192]]]}},{"type":"Feature","id":1774190776,"properties":{"h3":"898005cd88fffff","bairro":"Orgulho do Piauí","copa":43.8,"verde":83.1,"construido":13.8,"temp":null,"urbano":false,"classe":"arborizada","prioridade":0},"geometry":{"type":"Polygon","coordinates":[[[-42.75088,-5.22212],[-42.74985,-5.22042],[-42.75081,-5.21868],[-42.75281,-5.21864],[-42.75384,-5.22034],[-42.75288,-5.22208],[-42.75088,-5.22212]]]}},{"type":"Feature","id":1777860792,"properties":{"h3":"898005cd8c7ffff","bairro":"Orgulho do Piauí","copa":7.0,"verde":61.4,"construido":37.7,"temp":null,"urbano":true,"classe":"pouca","prioridade":50},"geometry":{"type":"Polygon","coordinates":[[[-42.74489,-5.22225],[-42.74386,-5.22054],[-42.74482,-5.2188],[-42.74682,-5.21876],[-42.74785,-5.22046],[-42.74689,-5.22221],[-42.74489,-5.22225]]]}},{"type":"Feature","id":1778122936,"properties":{"h3":"898005cd8cbffff","bairro":"Orgulho do Piauí","copa":23.2,"verde":63.2,"construido":15.8,"temp":null,"urbano":false,"classe":"moderada","prioridade":0},"geometry":{"type":"Polygon","coordinates":[[[-42.7389,-5.22237],[-42.73787,-5.22067],[-42.73883,-5.21892],[-42.74083,-5.21888],[-42.74186,-5.22058],[-42.7409,-5.22233],[-42.7389,-5.22237]]]}}]}